simulation_id,start_timepoint,final_value,final_return,num_timepoints_active,max_concurrent_positions,avg_capital_utilization
1,3,19908.77376766297,0.990877376766297,245,22,0.946943080668698
0,3,19908.77376766297,0.990877376766297,245,22,0.946943080668698
3,3,19908.77376766297,0.990877376766297,245,22,0.946943080668698
2,3,19908.77376766297,0.990877376766297,245,22,0.946943080668698
4,3,19908.77376766297,0.990877376766297,245,22,0.946943080668698
6,3,19908.77376766297,0.990877376766297,245,22,0.946943080668698
5,3,19908.77376766297,0.990877376766297,245,22,0.946943080668698
7,3,19908.77376766297,0.990877376766297,245,22,0.946943080668698
12,1,11581.862084271674,0.15818620842716738,245,22,0.948316562567333
9,1,11581.862084271674,0.15818620842716738,245,22,0.948316562567333
8,1,11581.862084271674,0.15818620842716738,245,22,0.948316562567333
14,1,11581.862084271674,0.15818620842716738,245,22,0.948316562567333
11,1,11581.862084271674,0.15818620842716738,245,22,0.948316562567333
15,1,11581.862084271674,0.15818620842716738,245,22,0.948316562567333
10,1,11581.862084271674,0.15818620842716738,245,22,0.948316562567333
13,1,11581.862084271674,0.15818620842716738,245,22,0.948316562567333
16,2,33809.76173192576,2.3809761731925763,245,23,0.9427989465710539
17,2,33809.76173192576,2.3809761731925763,245,23,0.9427989465710539
20,2,33809.76173192576,2.3809761731925763,245,23,0.9427989465710539
19,2,33809.76173192576,2.3809761731925763,245,23,0.9427989465710539
18,2,33809.76173192576,2.3809761731925763,245,23,0.9427989465710539
21,2,33809.76173192576,2.3809761731925763,245,23,0.9427989465710539
22,2,33809.76173192576,2.3809761731925763,245,23,0.9427989465710539
23,2,33809.76173192576,2.3809761731925763,245,23,0.9427989465710539
24,4,28807.962117837265,1.8807962117837265,244,23,0.9463768246730494
25,4,28807.962117837265,1.8807962117837265,244,23,0.9463768246730494
27,4,28807.962117837265,1.8807962117837265,244,23,0.9463768246730494
29,4,28807.962117837265,1.8807962117837265,244,23,0.9463768246730494
31,4,28807.962117837265,1.8807962117837265,244,23,0.9463768246730494
26,4,28807.962117837265,1.8807962117837265,244,23,0.9463768246730494
28,4,28807.962117837265,1.8807962117837265,244,23,0.9463768246730494
30,4,28807.962117837265,1.8807962117837265,244,23,0.9463768246730494
32,2,23980.149682771244,1.3980149682771243,245,22,0.9473683405526157
33,2,23980.149682771244,1.3980149682771243,245,22,0.9473683405526157
35,2,23980.149682771244,1.3980149682771243,245,22,0.9473683405526157
34,2,23980.149682771244,1.3980149682771243,245,22,0.9473683405526157
36,2,23980.149682771244,1.3980149682771243,245,22,0.9473683405526157
38,2,23980.149682771244,1.3980149682771243,245,22,0.9473683405526157
37,2,23980.149682771244,1.3980149682771243,245,22,0.9473683405526157
39,2,23980.149682771244,1.3980149682771243,245,22,0.9473683405526157
40,5,12174.364346285058,0.2174364346285058,243,21,0.9458275520173256
41,5,12174.364346285058,0.2174364346285058,243,21,0.9458275520173256
43,5,12174.364346285058,0.2174364346285058,243,21,0.9458275520173256
42,5,12174.364346285058,0.2174364346285058,243,21,0.9458275520173256
45,5,12174.364346285058,0.2174364346285058,243,21,0.9458275520173256
44,5,12174.364346285058,0.2174364346285058,243,21,0.9458275520173256
47,5,12174.364346285058,0.2174364346285058,243,21,0.9458275520173256
46,5,12174.364346285058,0.2174364346285058,243,21,0.9458275520173256
48,1,15761.268545787956,0.5761268545787956,245,22,0.9442823686670154
49,1,15761.268545787956,0.5761268545787956,245,22,0.9442823686670154
50,1,15761.268545787956,0.5761268545787956,245,22,0.9442823686670154
53,1,15761.268545787956,0.5761268545787956,245,22,0.9442823686670154
52,1,15761.268545787956,0.5761268545787956,245,22,0.9442823686670154
54,1,15761.268545787956,0.5761268545787956,245,22,0.9442823686670154
51,1,15761.268545787956,0.5761268545787956,245,22,0.9442823686670154
55,1,15761.268545787956,0.5761268545787956,245,22,0.9442823686670154
56,2,14512.037195736973,0.45120371957369737,245,21,0.9451040885145111
57,2,14512.037195736973,0.45120371957369737,245,21,0.9451040885145111
59,2,14512.037195736973,0.45120371957369737,245,21,0.9451040885145111
58,2,14512.037195736973,0.45120371957369737,245,21,0.9451040885145111
60,2,14512.037195736973,0.45120371957369737,245,21,0.9451040885145111
61,2,14512.037195736973,0.45120371957369737,245,21,0.9451040885145111
62,2,14512.037195736973,0.45120371957369737,245,21,0.9451040885145111
63,2,14512.037195736973,0.45120371957369737,245,21,0.9451040885145111
64,1,13139.356697132864,0.31393566971328635,245,21,0.9443806245708086
65,1,13139.356697132864,0.31393566971328635,245,21,0.9443806245708086
67,1,13139.356697132864,0.31393566971328635,245,21,0.9443806245708086
69,1,13139.356697132864,0.31393566971328635,245,21,0.9443806245708086
66,1,13139.356697132864,0.31393566971328635,245,21,0.9443806245708086
68,1,13139.356697132864,0.31393566971328635,245,21,0.9443806245708086
70,1,13139.356697132864,0.31393566971328635,245,21,0.9443806245708086
71,1,13139.356697132864,0.31393566971328635,245,21,0.9443806245708086
72,4,11646.036269108177,0.16460362691081773,244,21,0.9431346420211213
74,4,11646.036269108177,0.16460362691081773,244,21,0.9431346420211213
73,4,11646.036269108177,0.16460362691081773,244,21,0.9431346420211213
75,4,11646.036269108177,0.16460362691081773,244,21,0.9431346420211213
78,4,11646.036269108177,0.16460362691081773,244,21,0.9431346420211213
76,4,11646.036269108177,0.16460362691081773,244,21,0.9431346420211213
77,4,11646.036269108177,0.16460362691081773,244,21,0.9431346420211213
79,4,11646.036269108177,0.16460362691081773,244,21,0.9431346420211213
80,1,19773.908871221807,0.9773908871221807,245,25,0.9406176608229769
81,1,19773.908871221807,0.9773908871221807,245,25,0.9406176608229769
83,1,19773.908871221807,0.9773908871221807,245,25,0.9406176608229769
82,1,19773.908871221807,0.9773908871221807,245,25,0.9406176608229769
85,1,19773.908871221807,0.9773908871221807,245,25,0.9406176608229769
84,1,19773.908871221807,0.9773908871221807,245,25,0.9406176608229769
86,1,19773.908871221807,0.9773908871221807,245,25,0.9406176608229769
87,1,19773.908871221807,0.9773908871221807,245,25,0.9406176608229769
89,4,14752.84265033485,0.4752842650334849,244,21,0.9427854993874334
88,4,14752.84265033485,0.4752842650334849,244,21,0.9427854993874334
91,4,14752.84265033485,0.4752842650334849,244,21,0.9427854993874334
90,4,14752.84265033485,0.4752842650334849,244,21,0.9427854993874334
92,4,14752.84265033485,0.4752842650334849,244,21,0.9427854993874334
93,4,14752.84265033485,0.4752842650334849,244,21,0.9427854993874334
94,4,14752.84265033485,0.4752842650334849,244,21,0.9427854993874334
95,4,14752.84265033485,0.4752842650334849,244,21,0.9427854993874334
97,4,15443.920811592672,0.5443920811592672,244,22,0.94317113525749
96,4,15443.920811592672,0.5443920811592672,244,22,0.94317113525749
100,4,15443.920811592672,0.5443920811592672,244,22,0.94317113525749
98,4,15443.920811592672,0.5443920811592672,244,22,0.94317113525749
99,4,15443.920811592672,0.5443920811592672,244,22,0.94317113525749
101,4,15443.920811592672,0.5443920811592672,244,22,0.94317113525749
102,4,15443.920811592672,0.5443920811592672,244,22,0.94317113525749
103,4,15443.920811592672,0.5443920811592672,244,22,0.94317113525749
105,3,15968.070003138424,0.5968070003138424,245,21,0.9412587943866003
104,3,15968.070003138424,0.5968070003138424,245,21,0.9412587943866003
106,3,15968.070003138424,0.5968070003138424,245,21,0.9412587943866003
108,3,15968.070003138424,0.5968070003138424,245,21,0.9412587943866003
107,3,15968.070003138424,0.5968070003138424,245,21,0.9412587943866003
109,3,15968.070003138424,0.5968070003138424,245,21,0.9412587943866003
110,3,15968.070003138424,0.5968070003138424,245,21,0.9412587943866003
111,3,15968.070003138424,0.5968070003138424,245,21,0.9412587943866003
112,2,16783.651763687438,0.6783651763687438,245,22,0.9439995180468047
114,2,16783.651763687438,0.6783651763687438,245,22,0.9439995180468047
115,2,16783.651763687438,0.6783651763687438,245,22,0.9439995180468047
113,2,16783.651763687438,0.6783651763687438,245,22,0.9439995180468047
116,2,16783.651763687438,0.6783651763687438,245,22,0.9439995180468047
117,2,16783.651763687438,0.6783651763687438,245,22,0.9439995180468047
118,2,16783.651763687438,0.6783651763687438,245,22,0.9439995180468047
119,2,16783.651763687438,0.6783651763687438,245,22,0.9439995180468047
120,5,20603.83582007884,1.060383582007884,243,22,0.9431227586175961
121,5,20603.83582007884,1.060383582007884,243,22,0.9431227586175961
122,5,20603.83582007884,1.060383582007884,243,22,0.9431227586175961
123,5,20603.83582007884,1.060383582007884,243,22,0.9431227586175961
124,5,20603.83582007884,1.060383582007884,243,22,0.9431227586175961
125,5,20603.83582007884,1.060383582007884,243,22,0.9431227586175961
126,5,20603.83582007884,1.060383582007884,243,22,0.9431227586175961
127,5,20603.83582007884,1.060383582007884,243,22,0.9431227586175961
129,3,18219.907775273714,0.8219907775273714,245,22,0.945917355637973
128,3,18219.907775273714,0.8219907775273714,245,22,0.945917355637973
130,3,18219.907775273714,0.8219907775273714,245,22,0.945917355637973
131,3,18219.907775273714,0.8219907775273714,245,22,0.945917355637973
133,3,18219.907775273714,0.8219907775273714,245,22,0.945917355637973
132,3,18219.907775273714,0.8219907775273714,245,22,0.945917355637973
134,3,18219.907775273714,0.8219907775273714,245,22,0.945917355637973
136,5,16154.248891007896,0.6154248891007895,243,23,0.9462200286832925
135,3,18219.907775273714,0.8219907775273714,245,22,0.945917355637973
137,5,16154.248891007896,0.6154248891007895,243,23,0.9462200286832925
138,5,16154.248891007896,0.6154248891007895,243,23,0.9462200286832925
139,5,16154.248891007896,0.6154248891007895,243,23,0.9462200286832925
140,5,16154.248891007896,0.6154248891007895,243,23,0.9462200286832925
141,5,16154.248891007896,0.6154248891007895,243,23,0.9462200286832925
142,5,16154.248891007896,0.6154248891007895,243,23,0.9462200286832925
146,5,28274.160662225422,1.8274160662225423,243,24,0.9492097823543505
144,5,16154.248891007896,0.6154248891007895,243,23,0.9462200286832925
143,5,28274.160662225422,1.8274160662225423,243,24,0.9492097823543505
147,5,28274.160662225422,1.8274160662225423,243,24,0.9492097823543505
145,5,28274.160662225422,1.8274160662225423,243,24,0.9492097823543505
148,5,28274.160662225422,1.8274160662225423,243,24,0.9492097823543505
149,5,28274.160662225422,1.8274160662225423,243,24,0.9492097823543505
150,5,28274.160662225422,1.8274160662225423,243,24,0.9492097823543505
151,4,15477.465707069998,0.5477465707069997,244,21,0.9429865664207386
153,4,15477.465707069998,0.5477465707069997,244,21,0.9429865664207386
152,5,28274.160662225422,1.8274160662225423,243,24,0.9492097823543505
154,4,15477.465707069998,0.5477465707069997,244,21,0.9429865664207386
155,4,15477.465707069998,0.5477465707069997,244,21,0.9429865664207386
156,4,15477.465707069998,0.5477465707069997,244,21,0.9429865664207386
157,4,15477.465707069998,0.5477465707069997,244,21,0.9429865664207386
158,4,15477.465707069998,0.5477465707069997,244,21,0.9429865664207386
159,4,24907.43899660953,1.490743899660953,244,22,0.9434710282082004
160,4,24907.43899660953,1.490743899660953,244,22,0.9434710282082004
161,4,15477.465707069998,0.5477465707069997,244,21,0.9429865664207386
163,4,24907.43899660953,1.490743899660953,244,22,0.9434710282082004
162,4,24907.43899660953,1.490743899660953,244,22,0.9434710282082004
164,4,24907.43899660953,1.490743899660953,244,22,0.9434710282082004
165,4,24907.43899660953,1.490743899660953,244,22,0.9434710282082004
166,4,24907.43899660953,1.490743899660953,244,22,0.9434710282082004
167,2,23080.21077527441,1.3080210775274408,245,24,0.9474497687891932
169,4,24907.43899660953,1.490743899660953,244,22,0.9434710282082004
170,2,23080.21077527441,1.3080210775274408,245,24,0.9474497687891932
171,2,23080.21077527441,1.3080210775274408,245,24,0.9474497687891932
168,2,23080.21077527441,1.3080210775274408,245,24,0.9474497687891932
172,2,23080.21077527441,1.3080210775274408,245,24,0.9474497687891932
173,2,23080.21077527441,1.3080210775274408,245,24,0.9474497687891932
175,1,64986.521890028525,5.498652189002852,245,28,0.9450837894694307
174,2,23080.21077527441,1.3080210775274408,245,24,0.9474497687891932
177,1,64986.521890028525,5.498652189002852,245,28,0.9450837894694307
179,1,64986.521890028525,5.498652189002852,245,28,0.9450837894694307
176,2,23080.21077527441,1.3080210775274408,245,24,0.9474497687891932
178,1,64986.521890028525,5.498652189002852,245,28,0.9450837894694307
180,1,64986.521890028525,5.498652189002852,245,28,0.9450837894694307
181,1,64986.521890028525,5.498652189002852,245,28,0.9450837894694307
182,3,11998.524490837459,0.1998524490837459,245,21,0.9439872615703497
183,1,64986.521890028525,5.498652189002852,245,28,0.9450837894694307
184,3,11998.524490837459,0.1998524490837459,245,21,0.9439872615703497
186,1,64986.521890028525,5.498652189002852,245,28,0.9450837894694307
187,3,11998.524490837459,0.1998524490837459,245,21,0.9439872615703497
185,3,11998.524490837459,0.1998524490837459,245,21,0.9439872615703497
189,3,11998.524490837459,0.1998524490837459,245,21,0.9439872615703497
188,3,11998.524490837459,0.1998524490837459,245,21,0.9439872615703497
190,2,20537.461952921112,1.0537461952921112,245,23,0.9463077356482456
191,3,11998.524490837459,0.1998524490837459,245,21,0.9439872615703497
192,2,20537.461952921112,1.0537461952921112,245,23,0.9463077356482456
195,2,20537.461952921112,1.0537461952921112,245,23,0.9463077356482456
193,3,11998.524490837459,0.1998524490837459,245,21,0.9439872615703497
194,2,20537.461952921112,1.0537461952921112,245,23,0.9463077356482456
196,2,20537.461952921112,1.0537461952921112,245,23,0.9463077356482456
197,2,20537.461952921112,1.0537461952921112,245,23,0.9463077356482456
198,4,17306.210924119736,0.7306210924119736,244,23,0.9445404097295071
199,2,20537.461952921112,1.0537461952921112,245,23,0.9463077356482456
200,4,17306.210924119736,0.7306210924119736,244,23,0.9445404097295071
201,4,17306.210924119736,0.7306210924119736,244,23,0.9445404097295071
202,2,20537.461952921112,1.0537461952921112,245,23,0.9463077356482456
203,4,17306.210924119736,0.7306210924119736,244,23,0.9445404097295071
204,4,17306.210924119736,0.7306210924119736,244,23,0.9445404097295071
205,4,17306.210924119736,0.7306210924119736,244,23,0.9445404097295071
206,4,20000.213651063714,1.0000213651063714,244,22,0.9461661695009893
207,4,17306.210924119736,0.7306210924119736,244,23,0.9445404097295071
209,4,20000.213651063714,1.0000213651063714,244,22,0.9461661695009893
208,4,20000.213651063714,1.0000213651063714,244,22,0.9461661695009893
211,4,20000.213651063714,1.0000213651063714,244,22,0.9461661695009893
210,4,17306.210924119736,0.7306210924119736,244,23,0.9445404097295071
212,4,20000.213651063714,1.0000213651063714,244,22,0.9461661695009893
213,4,20000.213651063714,1.0000213651063714,244,22,0.9461661695009893
214,5,25086.46306399321,1.5086463063993212,243,23,0.9471581887414412
215,4,20000.213651063714,1.0000213651063714,244,22,0.9461661695009893
216,5,25086.46306399321,1.5086463063993212,243,23,0.9471581887414412
217,5,25086.46306399321,1.5086463063993212,243,23,0.9471581887414412
219,4,20000.213651063714,1.0000213651063714,244,22,0.9461661695009893
218,5,25086.46306399321,1.5086463063993212,243,23,0.9471581887414412
220,5,25086.46306399321,1.5086463063993212,243,23,0.9471581887414412
221,5,25086.46306399321,1.5086463063993212,243,23,0.9471581887414412
222,5,38583.453211426866,2.8583453211426866,243,29,0.9481565410549756
223,5,25086.46306399321,1.5086463063993212,243,23,0.9471581887414412
224,5,38583.453211426866,2.8583453211426866,243,29,0.9481565410549756
225,5,38583.453211426866,2.8583453211426866,243,29,0.9481565410549756
226,5,25086.46306399321,1.5086463063993212,243,23,0.9471581887414412
227,5,38583.453211426866,2.8583453211426866,243,29,0.9481565410549756
228,5,38583.453211426866,2.8583453211426866,243,29,0.9481565410549756
229,5,38583.453211426866,2.8583453211426866,243,29,0.9481565410549756
230,2,32979.09546420363,2.297909546420363,245,23,0.9437181464114786
231,5,38583.453211426866,2.8583453211426866,243,29,0.9481565410549756
232,2,32979.09546420363,2.297909546420363,245,23,0.9437181464114786
233,2,32979.09546420363,2.297909546420363,245,23,0.9437181464114786
234,5,38583.453211426866,2.8583453211426866,243,29,0.9481565410549756
236,2,32979.09546420363,2.297909546420363,245,23,0.9437181464114786
235,2,32979.09546420363,2.297909546420363,245,23,0.9437181464114786
238,1,16835.226956154736,0.6835226956154736,245,22,0.9452949056182739
237,2,32979.09546420363,2.297909546420363,245,23,0.9437181464114786
239,2,32979.09546420363,2.297909546420363,245,23,0.9437181464114786
240,1,16835.226956154736,0.6835226956154736,245,22,0.9452949056182739
242,2,32979.09546420363,2.297909546420363,245,23,0.9437181464114786
241,1,16835.226956154736,0.6835226956154736,245,22,0.9452949056182739
243,1,16835.226956154736,0.6835226956154736,245,22,0.9452949056182739
244,1,16835.226956154736,0.6835226956154736,245,22,0.9452949056182739
246,1,16835.226956154736,0.6835226956154736,245,22,0.9452949056182739
245,1,26640.342813374453,1.6640342813374454,245,23,0.9437543061758489
247,1,16835.226956154736,0.6835226956154736,245,22,0.9452949056182739
248,1,26640.342813374453,1.6640342813374454,245,23,0.9437543061758489
250,1,26640.342813374453,1.6640342813374454,245,23,0.9437543061758489
249,1,16835.226956154736,0.6835226956154736,245,22,0.9452949056182739
251,1,26640.342813374453,1.6640342813374454,245,23,0.9437543061758489
252,1,26640.342813374453,1.6640342813374454,245,23,0.9437543061758489
253,1,26640.342813374453,1.6640342813374454,245,23,0.9437543061758489
254,2,102112.39056469273,9.211239056469273,245,28,0.9439125095662257
255,1,26640.342813374453,1.6640342813374454,245,23,0.9437543061758489
256,2,102112.39056469273,9.211239056469273,245,28,0.9439125095662257
258,1,26640.342813374453,1.6640342813374454,245,23,0.9437543061758489
260,2,102112.39056469273,9.211239056469273,245,28,0.9439125095662257
259,2,102112.39056469273,9.211239056469273,245,28,0.9439125095662257
257,2,102112.39056469273,9.211239056469273,245,28,0.9439125095662257
261,2,102112.39056469273,9.211239056469273,245,28,0.9439125095662257
262,1,14693.226342193957,0.4693226342193957,245,22,0.9455273543949261
265,2,102112.39056469273,9.211239056469273,245,28,0.9439125095662257
263,2,102112.39056469273,9.211239056469273,245,28,0.9439125095662257
264,1,14693.226342193957,0.4693226342193957,245,22,0.9455273543949261
266,1,14693.226342193957,0.4693226342193957,245,22,0.9455273543949261
268,1,14693.226342193957,0.4693226342193957,245,22,0.9455273543949261
267,1,14693.226342193957,0.4693226342193957,245,22,0.9455273543949261
270,1,21208.72910908524,1.120872910908524,245,23,0.9449589134627517
269,1,14693.226342193957,0.4693226342193957,245,22,0.9455273543949261
272,1,14693.226342193957,0.4693226342193957,245,22,0.9455273543949261
271,1,14693.226342193957,0.4693226342193957,245,22,0.9455273543949261
273,1,21208.72910908524,1.120872910908524,245,23,0.9449589134627517
274,1,21208.72910908524,1.120872910908524,245,23,0.9449589134627517
275,1,21208.72910908524,1.120872910908524,245,23,0.9449589134627517
276,1,21208.72910908524,1.120872910908524,245,23,0.9449589134627517
277,3,40551.72197545161,3.0551721975451613,245,23,0.9473605336895365
278,1,21208.72910908524,1.120872910908524,245,23,0.9449589134627517
279,1,21208.72910908524,1.120872910908524,245,23,0.9449589134627517
280,1,21208.72910908524,1.120872910908524,245,23,0.9449589134627517
282,3,40551.72197545161,3.0551721975451613,245,23,0.9473605336895365
281,3,40551.72197545161,3.0551721975451613,245,23,0.9473605336895365
283,3,40551.72197545161,3.0551721975451613,245,23,0.9473605336895365
284,3,40551.72197545161,3.0551721975451613,245,23,0.9473605336895365
286,3,40551.72197545161,3.0551721975451613,245,23,0.9473605336895365
285,3,19882.789120679932,0.9882789120679932,245,23,0.9464804803172159
288,3,40551.72197545161,3.0551721975451613,245,23,0.9473605336895365
290,3,19882.789120679932,0.9882789120679932,245,23,0.9464804803172159
287,3,40551.72197545161,3.0551721975451613,245,23,0.9473605336895365
289,3,19882.789120679932,0.9882789120679932,245,23,0.9464804803172159
291,3,19882.789120679932,0.9882789120679932,245,23,0.9464804803172159
292,3,19882.789120679932,0.9882789120679932,245,23,0.9464804803172159
294,2,13181.250875546733,0.31812508755467334,245,22,0.9402352565081014
293,3,19882.789120679932,0.9882789120679932,245,23,0.9464804803172159
296,2,13181.250875546733,0.31812508755467334,245,22,0.9402352565081014
297,3,19882.789120679932,0.9882789120679932,245,23,0.9464804803172159
295,3,19882.789120679932,0.9882789120679932,245,23,0.9464804803172159
298,2,13181.250875546733,0.31812508755467334,245,22,0.9402352565081014
299,2,13181.250875546733,0.31812508755467334,245,22,0.9402352565081014
300,2,13181.250875546733,0.31812508755467334,245,22,0.9402352565081014
301,4,30515.1394559508,2.05151394559508,244,23,0.9461343534841067
302,2,13181.250875546733,0.31812508755467334,245,22,0.9402352565081014
303,4,30515.1394559508,2.05151394559508,244,23,0.9461343534841067
305,2,13181.250875546733,0.31812508755467334,245,22,0.9402352565081014
304,2,13181.250875546733,0.31812508755467334,245,22,0.9402352565081014
306,4,30515.1394559508,2.05151394559508,244,23,0.9461343534841067
307,4,30515.1394559508,2.05151394559508,244,23,0.9461343534841067
308,4,30515.1394559508,2.05151394559508,244,23,0.9461343534841067
309,1,11806.433075334367,0.18064330753343674,245,21,0.9436250368449538
310,4,30515.1394559508,2.05151394559508,244,23,0.9461343534841067
312,4,30515.1394559508,2.05151394559508,244,23,0.9461343534841067
313,4,30515.1394559508,2.05151394559508,244,23,0.9461343534841067
311,1,11806.433075334367,0.18064330753343674,245,21,0.9436250368449538
314,1,11806.433075334367,0.18064330753343674,245,21,0.9436250368449538
315,1,11806.433075334367,0.18064330753343674,245,21,0.9436250368449538
316,1,11806.433075334367,0.18064330753343674,245,21,0.9436250368449538
317,4,24196.55014183516,1.419655014183516,244,23,0.9411188869783008
318,1,11806.433075334367,0.18064330753343674,245,21,0.9436250368449538
319,1,11806.433075334367,0.18064330753343674,245,21,0.9436250368449538
321,4,24196.55014183516,1.419655014183516,244,23,0.9411188869783008
320,1,11806.433075334367,0.18064330753343674,245,21,0.9436250368449538
322,4,24196.55014183516,1.419655014183516,244,23,0.9411188869783008
323,4,24196.55014183516,1.419655014183516,244,23,0.9411188869783008
324,4,24196.55014183516,1.419655014183516,244,23,0.9411188869783008
325,2,16673.679602268676,0.6673679602268676,245,22,0.9470559690611327
326,4,24196.55014183516,1.419655014183516,244,23,0.9411188869783008
328,2,16673.679602268676,0.6673679602268676,245,22,0.9470559690611327
327,4,24196.55014183516,1.419655014183516,244,23,0.9411188869783008
329,4,24196.55014183516,1.419655014183516,244,23,0.9411188869783008
330,2,16673.679602268676,0.6673679602268676,245,22,0.9470559690611327
331,2,16673.679602268676,0.6673679602268676,245,22,0.9470559690611327
332,2,16673.679602268676,0.6673679602268676,245,22,0.9470559690611327
333,1,20228.610972253064,1.0228610972253063,245,23,0.9441091104131385
334,2,16673.679602268676,0.6673679602268676,245,22,0.9470559690611327
336,2,16673.679602268676,0.6673679602268676,245,22,0.9470559690611327
335,1,20228.610972253064,1.0228610972253063,245,23,0.9441091104131385
337,2,16673.679602268676,0.6673679602268676,245,22,0.9470559690611327
338,1,20228.610972253064,1.0228610972253063,245,23,0.9441091104131385
339,1,20228.610972253064,1.0228610972253063,245,23,0.9441091104131385
340,1,20228.610972253064,1.0228610972253063,245,23,0.9441091104131385
341,3,21190.100467660242,1.1190100467660242,245,22,0.947020737919527
344,3,21190.100467660242,1.1190100467660242,245,22,0.947020737919527
342,1,20228.610972253064,1.0228610972253063,245,23,0.9441091104131385
343,1,20228.610972253064,1.0228610972253063,245,23,0.9441091104131385
345,1,20228.610972253064,1.0228610972253063,245,23,0.9441091104131385
346,3,21190.100467660242,1.1190100467660242,245,22,0.947020737919527
347,3,21190.100467660242,1.1190100467660242,245,22,0.947020737919527
348,3,21190.100467660242,1.1190100467660242,245,22,0.947020737919527
349,2,19555.496588305396,0.9555496588305396,245,22,0.9469030794495205
352,3,21190.100467660242,1.1190100467660242,245,22,0.947020737919527
350,2,19555.496588305396,0.9555496588305396,245,22,0.9469030794495205
351,3,21190.100467660242,1.1190100467660242,245,22,0.947020737919527
353,3,21190.100467660242,1.1190100467660242,245,22,0.947020737919527
354,2,19555.496588305396,0.9555496588305396,245,22,0.9469030794495205
356,2,19555.496588305396,0.9555496588305396,245,22,0.9469030794495205
355,2,19555.496588305396,0.9555496588305396,245,22,0.9469030794495205
357,3,15574.535651527827,0.5574535651527828,245,22,0.9445804502574401
358,2,19555.496588305396,0.9555496588305396,245,22,0.9469030794495205
360,2,19555.496588305396,0.9555496588305396,245,22,0.9469030794495205
359,3,15574.535651527827,0.5574535651527828,245,22,0.9445804502574401
361,2,19555.496588305396,0.9555496588305396,245,22,0.9469030794495205
362,3,15574.535651527827,0.5574535651527828,245,22,0.9445804502574401
363,3,15574.535651527827,0.5574535651527828,245,22,0.9445804502574401
364,3,15574.535651527827,0.5574535651527828,245,22,0.9445804502574401
365,5,23796.384423387004,1.3796384423387005,243,22,0.9480445048268217
367,3,15574.535651527827,0.5574535651527828,245,22,0.9445804502574401
366,3,15574.535651527827,0.5574535651527828,245,22,0.9445804502574401
368,5,23796.384423387004,1.3796384423387005,243,22,0.9480445048268217
370,5,23796.384423387004,1.3796384423387005,243,22,0.9480445048268217
369,3,15574.535651527827,0.5574535651527828,245,22,0.9445804502574401
371,5,23796.384423387004,1.3796384423387005,243,22,0.9480445048268217
372,5,23796.384423387004,1.3796384423387005,243,22,0.9480445048268217
373,4,25635.617853018277,1.5635617853018278,244,23,0.9449646864016528
375,5,23796.384423387004,1.3796384423387005,243,22,0.9480445048268217
374,5,23796.384423387004,1.3796384423387005,243,22,0.9480445048268217
376,4,25635.617853018277,1.5635617853018278,244,23,0.9449646864016528
377,4,25635.617853018277,1.5635617853018278,244,23,0.9449646864016528
379,4,25635.617853018277,1.5635617853018278,244,23,0.9449646864016528
378,5,23796.384423387004,1.3796384423387005,243,22,0.9480445048268217
380,4,25635.617853018277,1.5635617853018278,244,23,0.9449646864016528
381,1,19298.8452981144,0.92988452981144,245,22,0.944941405905529
382,4,25635.617853018277,1.5635617853018278,244,23,0.9449646864016528
383,4,25635.617853018277,1.5635617853018278,244,23,0.9449646864016528
384,1,19298.8452981144,0.92988452981144,245,22,0.944941405905529
385,1,19298.8452981144,0.92988452981144,245,22,0.944941405905529
386,1,19298.8452981144,0.92988452981144,245,22,0.944941405905529
387,4,25635.617853018277,1.5635617853018278,244,23,0.9449646864016528
388,1,19298.8452981144,0.92988452981144,245,22,0.944941405905529
389,2,29223.95025976879,1.922395025976879,245,22,0.9427750361429809
390,1,19298.8452981144,0.92988452981144,245,22,0.944941405905529
391,1,19298.8452981144,0.92988452981144,245,22,0.944941405905529
393,2,29223.95025976879,1.922395025976879,245,22,0.9427750361429809
392,2,29223.95025976879,1.922395025976879,245,22,0.9427750361429809
394,2,29223.95025976879,1.922395025976879,245,22,0.9427750361429809
395,1,19298.8452981144,0.92988452981144,245,22,0.944941405905529
396,2,29223.95025976879,1.922395025976879,245,22,0.9427750361429809
397,5,25992.701594794733,1.5992701594794734,243,24,0.9476283459323586
399,2,29223.95025976879,1.922395025976879,245,22,0.9427750361429809
398,2,29223.95025976879,1.922395025976879,245,22,0.9427750361429809
401,5,25992.701594794733,1.5992701594794734,243,24,0.9476283459323586
400,5,25992.701594794733,1.5992701594794734,243,24,0.9476283459323586
402,5,25992.701594794733,1.5992701594794734,243,24,0.9476283459323586
403,2,29223.95025976879,1.922395025976879,245,22,0.9427750361429809
404,5,25992.701594794733,1.5992701594794734,243,24,0.9476283459323586
406,5,25992.701594794733,1.5992701594794734,243,24,0.9476283459323586
408,2,16713.195276920156,0.6713195276920156,245,22,0.9430110993827205
405,2,16713.195276920156,0.6713195276920156,245,22,0.9430110993827205
409,2,16713.195276920156,0.6713195276920156,245,22,0.9430110993827205
407,5,25992.701594794733,1.5992701594794734,243,24,0.9476283459323586
410,2,16713.195276920156,0.6713195276920156,245,22,0.9430110993827205
411,5,25992.701594794733,1.5992701594794734,243,24,0.9476283459323586
412,2,16713.195276920156,0.6713195276920156,245,22,0.9430110993827205
413,2,16713.195276920156,0.6713195276920156,245,22,0.9430110993827205
417,2,16713.195276920156,0.6713195276920156,245,22,0.9430110993827205
414,4,20095.095252866187,1.0095095252866186,244,23,0.9441654847267192
416,4,20095.095252866187,1.0095095252866186,244,23,0.9441654847267192
415,4,20095.095252866187,1.0095095252866186,244,23,0.9441654847267192
418,4,20095.095252866187,1.0095095252866186,244,23,0.9441654847267192
420,4,20095.095252866187,1.0095095252866186,244,23,0.9441654847267192
419,2,16713.195276920156,0.6713195276920156,245,22,0.9430110993827205
421,4,20095.095252866187,1.0095095252866186,244,23,0.9441654847267192
422,4,20095.095252866187,1.0095095252866186,244,23,0.9441654847267192
424,3,50883.081999884045,4.088308199988404,245,28,0.9426044872118642
423,3,50883.081999884045,4.088308199988404,245,28,0.9426044872118642
428,4,20095.095252866187,1.0095095252866186,244,23,0.9441654847267192
425,3,50883.081999884045,4.088308199988404,245,28,0.9426044872118642
426,3,50883.081999884045,4.088308199988404,245,28,0.9426044872118642
427,3,50883.081999884045,4.088308199988404,245,28,0.9426044872118642
430,3,50883.081999884045,4.088308199988404,245,28,0.9426044872118642
431,2,12506.758757262658,0.2506758757262658,245,22,0.9452567028825243
429,3,50883.081999884045,4.088308199988404,245,28,0.9426044872118642
432,2,12506.758757262658,0.2506758757262658,245,22,0.9452567028825243
433,3,50883.081999884045,4.088308199988404,245,28,0.9426044872118642
434,2,12506.758757262658,0.2506758757262658,245,22,0.9452567028825243
435,2,12506.758757262658,0.2506758757262658,245,22,0.9452567028825243
436,2,12506.758757262658,0.2506758757262658,245,22,0.9452567028825243
438,1,33463.04256121307,2.346304256121307,245,26,0.9440090379089284
439,2,12506.758757262658,0.2506758757262658,245,22,0.9452567028825243
437,2,12506.758757262658,0.2506758757262658,245,22,0.9452567028825243
441,2,12506.758757262658,0.2506758757262658,245,22,0.9452567028825243
440,1,33463.04256121307,2.346304256121307,245,26,0.9440090379089284
443,1,33463.04256121307,2.346304256121307,245,26,0.9440090379089284
444,1,33463.04256121307,2.346304256121307,245,26,0.9440090379089284
442,1,33463.04256121307,2.346304256121307,245,26,0.9440090379089284
446,1,33463.04256121307,2.346304256121307,245,26,0.9440090379089284
445,5,25877.85048445211,1.587785048445211,243,23,0.9479382324435699
448,1,33463.04256121307,2.346304256121307,245,26,0.9440090379089284
447,1,33463.04256121307,2.346304256121307,245,26,0.9440090379089284
449,5,25877.85048445211,1.587785048445211,243,23,0.9479382324435699
450,5,25877.85048445211,1.587785048445211,243,23,0.9479382324435699
452,5,25877.85048445211,1.587785048445211,243,23,0.9479382324435699
451,5,25877.85048445211,1.587785048445211,243,23,0.9479382324435699
454,3,22857.34042330012,1.285734042330012,245,23,0.9468116034110309
453,5,25877.85048445211,1.587785048445211,243,23,0.9479382324435699
455,5,25877.85048445211,1.587785048445211,243,23,0.9479382324435699
456,5,25877.85048445211,1.587785048445211,243,23,0.9479382324435699
458,3,22857.34042330012,1.285734042330012,245,23,0.9468116034110309
457,3,22857.34042330012,1.285734042330012,245,23,0.9468116034110309
459,3,22857.34042330012,1.285734042330012,245,23,0.9468116034110309
460,3,22857.34042330012,1.285734042330012,245,23,0.9468116034110309
461,2,19247.320350384318,0.9247320350384318,245,22,0.9461637592082359
462,3,22857.34042330012,1.285734042330012,245,23,0.9468116034110309
463,3,22857.34042330012,1.285734042330012,245,23,0.9468116034110309
465,2,19247.320350384318,0.9247320350384318,245,22,0.9461637592082359
464,3,22857.34042330012,1.285734042330012,245,23,0.9468116034110309
466,2,19247.320350384318,0.9247320350384318,245,22,0.9461637592082359
468,2,19247.320350384318,0.9247320350384318,245,22,0.9461637592082359
467,2,19247.320350384318,0.9247320350384318,245,22,0.9461637592082359
469,5,14892.807652845762,0.4892807652845762,243,21,0.9454520923617838
470,2,19247.320350384318,0.9247320350384318,245,22,0.9461637592082359
471,2,19247.320350384318,0.9247320350384318,245,22,0.9461637592082359
473,2,19247.320350384318,0.9247320350384318,245,22,0.9461637592082359
472,5,14892.807652845762,0.4892807652845762,243,21,0.9454520923617838
474,5,14892.807652845762,0.4892807652845762,243,21,0.9454520923617838
476,5,14892.807652845762,0.4892807652845762,243,21,0.9454520923617838
475,5,14892.807652845762,0.4892807652845762,243,21,0.9454520923617838
477,4,52289.40450528907,4.228940450528907,244,28,0.9456559363453924
478,5,14892.807652845762,0.4892807652845762,243,21,0.9454520923617838
480,5,14892.807652845762,0.4892807652845762,243,21,0.9454520923617838
481,4,52289.40450528907,4.228940450528907,244,28,0.9456559363453924
479,5,14892.807652845762,0.4892807652845762,243,21,0.9454520923617838
483,4,52289.40450528907,4.228940450528907,244,28,0.9456559363453924
482,4,52289.40450528907,4.228940450528907,244,28,0.9456559363453924
484,4,52289.40450528907,4.228940450528907,244,28,0.9456559363453924
485,3,17579.043204676847,0.7579043204676847,245,22,0.944885474037491
487,4,52289.40450528907,4.228940450528907,244,28,0.9456559363453924
486,4,52289.40450528907,4.228940450528907,244,28,0.9456559363453924
489,4,52289.40450528907,4.228940450528907,244,28,0.9456559363453924
488,3,17579.043204676847,0.7579043204676847,245,22,0.944885474037491
490,3,17579.043204676847,0.7579043204676847,245,22,0.944885474037491
491,3,17579.043204676847,0.7579043204676847,245,22,0.944885474037491
492,3,17579.043204676847,0.7579043204676847,245,22,0.944885474037491
493,4,13924.196756453764,0.39241967564537644,244,21,0.9460539304437617
495,3,17579.043204676847,0.7579043204676847,245,22,0.944885474037491
494,3,17579.043204676847,0.7579043204676847,245,22,0.944885474037491
497,4,13924.196756453764,0.39241967564537644,244,21,0.9460539304437617
496,3,17579.043204676847,0.7579043204676847,245,22,0.944885474037491
498,4,13924.196756453764,0.39241967564537644,244,21,0.9460539304437617
499,4,13924.196756453764,0.39241967564537644,244,21,0.9460539304437617
500,4,13924.196756453764,0.39241967564537644,244,21,0.9460539304437617
501,5,17681.81763852991,0.7681817638529909,243,22,0.9453400007268539
503,4,13924.196756453764,0.39241967564537644,244,21,0.9460539304437617
502,4,13924.196756453764,0.39241967564537644,244,21,0.9460539304437617
504,5,17681.81763852991,0.7681817638529909,243,22,0.9453400007268539
505,4,13924.196756453764,0.39241967564537644,244,21,0.9460539304437617
506,5,17681.81763852991,0.7681817638529909,243,22,0.9453400007268539
507,5,17681.81763852991,0.7681817638529909,243,22,0.9453400007268539
508,5,17681.81763852991,0.7681817638529909,243,22,0.9453400007268539
511,5,17681.81763852991,0.7681817638529909,243,22,0.9453400007268539
509,3,17588.540012142254,0.7588540012142253,245,21,0.9431257163458232
512,3,17588.540012142254,0.7588540012142253,245,21,0.9431257163458232
510,5,17681.81763852991,0.7681817638529909,243,22,0.9453400007268539
514,3,17588.540012142254,0.7588540012142253,245,21,0.9431257163458232
513,5,17681.81763852991,0.7681817638529909,243,22,0.9453400007268539
515,3,17588.540012142254,0.7588540012142253,245,21,0.9431257163458232
516,3,17588.540012142254,0.7588540012142253,245,21,0.9431257163458232
521,3,16635.013122579985,0.6635013122579985,245,22,0.945826319631381
518,3,16635.013122579985,0.6635013122579985,245,22,0.945826319631381
520,3,17588.540012142254,0.7588540012142253,245,21,0.9431257163458232
519,3,16635.013122579985,0.6635013122579985,245,22,0.945826319631381
517,3,17588.540012142254,0.7588540012142253,245,21,0.9431257163458232
522,3,17588.540012142254,0.7588540012142253,245,21,0.9431257163458232
523,3,16635.013122579985,0.6635013122579985,245,22,0.945826319631381
524,3,16635.013122579985,0.6635013122579985,245,22,0.945826319631381
525,1,17515.41099777093,0.751541099777093,245,23,0.9471322888530675
528,1,17515.41099777093,0.751541099777093,245,23,0.9471322888530675
526,1,17515.41099777093,0.751541099777093,245,23,0.9471322888530675
527,3,16635.013122579985,0.6635013122579985,245,22,0.945826319631381
529,3,16635.013122579985,0.6635013122579985,245,22,0.945826319631381
530,3,16635.013122579985,0.6635013122579985,245,22,0.945826319631381
531,1,17515.41099777093,0.751541099777093,245,23,0.9471322888530675
532,1,17515.41099777093,0.751541099777093,245,23,0.9471322888530675
535,1,25781.7110743163,1.57817110743163,245,23,0.9453660357608652
534,1,25781.7110743163,1.57817110743163,245,23,0.9453660357608652
533,1,25781.7110743163,1.57817110743163,245,23,0.9453660357608652
538,1,17515.41099777093,0.751541099777093,245,23,0.9471322888530675
536,1,17515.41099777093,0.751541099777093,245,23,0.9471322888530675
537,1,17515.41099777093,0.751541099777093,245,23,0.9471322888530675
539,1,25781.7110743163,1.57817110743163,245,23,0.9453660357608652
540,1,25781.7110743163,1.57817110743163,245,23,0.9453660357608652
541,4,27339.528403257675,1.7339528403257676,244,23,0.9430904705844917
543,4,27339.528403257675,1.7339528403257676,244,23,0.9430904705844917
542,4,27339.528403257675,1.7339528403257676,244,23,0.9430904705844917
545,1,25781.7110743163,1.57817110743163,245,23,0.9453660357608652
546,1,25781.7110743163,1.57817110743163,245,23,0.9453660357608652
544,1,25781.7110743163,1.57817110743163,245,23,0.9453660357608652
547,4,27339.528403257675,1.7339528403257676,244,23,0.9430904705844917
548,4,27339.528403257675,1.7339528403257676,244,23,0.9430904705844917
550,3,14434.496558096906,0.44344965580969053,245,21,0.9454948612103791
549,3,14434.496558096906,0.44344965580969053,245,21,0.9454948612103791
551,3,14434.496558096906,0.44344965580969053,245,21,0.9454948612103791
553,4,27339.528403257675,1.7339528403257676,244,23,0.9430904705844917
552,4,27339.528403257675,1.7339528403257676,244,23,0.9430904705844917
555,3,14434.496558096906,0.44344965580969053,245,21,0.9454948612103791
554,4,27339.528403257675,1.7339528403257676,244,23,0.9430904705844917
556,3,14434.496558096906,0.44344965580969053,245,21,0.9454948612103791
557,5,13051.086820967552,0.3051086820967552,243,22,0.9475336483202023
559,5,13051.086820967552,0.3051086820967552,243,22,0.9475336483202023
558,5,13051.086820967552,0.3051086820967552,243,22,0.9475336483202023
561,3,14434.496558096906,0.44344965580969053,245,21,0.9454948612103791
562,5,13051.086820967552,0.3051086820967552,243,22,0.9475336483202023
560,3,14434.496558096906,0.44344965580969053,245,21,0.9454948612103791
563,3,14434.496558096906,0.44344965580969053,245,21,0.9454948612103791
564,5,13051.086820967552,0.3051086820967552,243,22,0.9475336483202023
565,5,15244.311678769487,0.5244311678769487,243,22,0.9454288781343686
566,5,15244.311678769487,0.5244311678769487,243,22,0.9454288781343686
567,5,15244.311678769487,0.5244311678769487,243,22,0.9454288781343686
568,5,13051.086820967552,0.3051086820967552,243,22,0.9475336483202023
569,5,15244.311678769487,0.5244311678769487,243,22,0.9454288781343686
570,5,13051.086820967552,0.3051086820967552,243,22,0.9475336483202023
571,5,13051.086820967552,0.3051086820967552,243,22,0.9475336483202023
572,5,15244.311678769487,0.5244311678769487,243,22,0.9454288781343686
573,2,18143.520517101377,0.8143520517101377,245,22,0.9477858821019826
574,2,18143.520517101377,0.8143520517101377,245,22,0.9477858821019826
575,2,18143.520517101377,0.8143520517101377,245,22,0.9477858821019826
576,5,15244.311678769487,0.5244311678769487,243,22,0.9454288781343686
577,2,18143.520517101377,0.8143520517101377,245,22,0.9477858821019826
578,5,15244.311678769487,0.5244311678769487,243,22,0.9454288781343686
579,5,15244.311678769487,0.5244311678769487,243,22,0.9454288781343686
580,2,18143.520517101377,0.8143520517101377,245,22,0.9477858821019826
581,3,17146.272595156654,0.7146272595156653,245,22,0.9438788397241208
582,3,17146.272595156654,0.7146272595156653,245,22,0.9438788397241208
583,3,17146.272595156654,0.7146272595156653,245,22,0.9438788397241208
584,2,18143.520517101377,0.8143520517101377,245,22,0.9477858821019826
585,3,17146.272595156654,0.7146272595156653,245,22,0.9438788397241208
586,2,18143.520517101377,0.8143520517101377,245,22,0.9477858821019826
587,2,18143.520517101377,0.8143520517101377,245,22,0.9477858821019826
588,3,17146.272595156654,0.7146272595156653,245,22,0.9438788397241208
589,1,18590.393216026874,0.8590393216026874,245,25,0.9428362149609054
591,1,18590.393216026874,0.8590393216026874,245,25,0.9428362149609054
592,3,17146.272595156654,0.7146272595156653,245,22,0.9438788397241208
590,1,18590.393216026874,0.8590393216026874,245,25,0.9428362149609054
593,1,18590.393216026874,0.8590393216026874,245,25,0.9428362149609054
594,3,17146.272595156654,0.7146272595156653,245,22,0.9438788397241208
595,3,17146.272595156654,0.7146272595156653,245,22,0.9438788397241208
596,1,18590.393216026874,0.8590393216026874,245,25,0.9428362149609054
597,2,10658.144082267538,0.06581440822675377,245,21,0.9453286327864209
600,2,10658.144082267538,0.06581440822675377,245,21,0.9453286327864209
599,1,18590.393216026874,0.8590393216026874,245,25,0.9428362149609054
598,2,10658.144082267538,0.06581440822675377,245,21,0.9453286327864209
602,1,18590.393216026874,0.8590393216026874,245,25,0.9428362149609054
601,2,10658.144082267538,0.06581440822675377,245,21,0.9453286327864209
603,1,18590.393216026874,0.8590393216026874,245,25,0.9428362149609054
604,2,10658.144082267538,0.06581440822675377,245,21,0.9453286327864209
605,5,13161.571227517175,0.31615712275171753,243,22,0.9462998710426749
606,5,13161.571227517175,0.31615712275171753,243,22,0.9462998710426749
608,5,13161.571227517175,0.31615712275171753,243,22,0.9462998710426749
607,2,10658.144082267538,0.06581440822675377,245,21,0.9453286327864209
610,5,13161.571227517175,0.31615712275171753,243,22,0.9462998710426749
609,2,10658.144082267538,0.06581440822675377,245,21,0.9453286327864209
611,2,10658.144082267538,0.06581440822675377,245,21,0.9453286327864209
612,5,13161.571227517175,0.31615712275171753,243,22,0.9462998710426749
613,3,12858.81758256492,0.285881758256492,245,21,0.9465224604301102
615,3,12858.81758256492,0.285881758256492,245,21,0.9465224604301102
614,3,12858.81758256492,0.285881758256492,245,21,0.9465224604301102
616,5,13161.571227517175,0.31615712275171753,243,22,0.9462998710426749
617,3,12858.81758256492,0.285881758256492,245,21,0.9465224604301102
618,5,13161.571227517175,0.31615712275171753,243,22,0.9462998710426749
619,5,13161.571227517175,0.31615712275171753,243,22,0.9462998710426749
620,3,12858.81758256492,0.285881758256492,245,21,0.9465224604301102
621,4,18758.051483729447,0.8758051483729447,244,22,0.9468899953890958
624,3,12858.81758256492,0.285881758256492,245,21,0.9465224604301102
623,4,18758.051483729447,0.8758051483729447,244,22,0.9468899953890958
622,4,18758.051483729447,0.8758051483729447,244,22,0.9468899953890958
625,4,18758.051483729447,0.8758051483729447,244,22,0.9468899953890958
626,3,12858.81758256492,0.285881758256492,245,21,0.9465224604301102
627,3,12858.81758256492,0.285881758256492,245,21,0.9465224604301102
628,4,18758.051483729447,0.8758051483729447,244,22,0.9468899953890958
629,5,15197.246074994173,0.5197246074994173,243,22,0.9482193641568389
630,4,18758.051483729447,0.8758051483729447,244,22,0.9468899953890958
632,5,15197.246074994173,0.5197246074994173,243,22,0.9482193641568389
631,5,15197.246074994173,0.5197246074994173,243,22,0.9482193641568389
633,5,15197.246074994173,0.5197246074994173,243,22,0.9482193641568389
634,4,18758.051483729447,0.8758051483729447,244,22,0.9468899953890958
635,4,18758.051483729447,0.8758051483729447,244,22,0.9468899953890958
636,5,15197.246074994173,0.5197246074994173,243,22,0.9482193641568389
638,5,15197.246074994173,0.5197246074994173,243,22,0.9482193641568389
639,1,34321.043977485155,2.4321043977485153,245,24,0.9486260792468395
637,1,34321.043977485155,2.4321043977485153,245,24,0.9486260792468395
640,1,34321.043977485155,2.4321043977485153,245,24,0.9486260792468395
641,1,34321.043977485155,2.4321043977485153,245,24,0.9486260792468395
643,5,15197.246074994173,0.5197246074994173,243,22,0.9482193641568389
642,5,15197.246074994173,0.5197246074994173,243,22,0.9482193641568389
644,1,34321.043977485155,2.4321043977485153,245,24,0.9486260792468395
646,1,20931.798004672797,1.0931798004672797,245,23,0.9425087659544915
645,1,34321.043977485155,2.4321043977485153,245,24,0.9486260792468395
647,1,20931.798004672797,1.0931798004672797,245,23,0.9425087659544915
648,1,20931.798004672797,1.0931798004672797,245,23,0.9425087659544915
649,1,20931.798004672797,1.0931798004672797,245,23,0.9425087659544915
650,1,34321.043977485155,2.4321043977485153,245,24,0.9486260792468395
652,1,20931.798004672797,1.0931798004672797,245,23,0.9425087659544915
651,1,34321.043977485155,2.4321043977485153,245,24,0.9486260792468395
654,1,20931.798004672797,1.0931798004672797,245,23,0.9425087659544915
653,2,18883.21241888796,0.888321241888796,245,22,0.941923250846909
655,2,18883.21241888796,0.888321241888796,245,22,0.941923250846909
656,2,18883.21241888796,0.888321241888796,245,22,0.941923250846909
657,2,18883.21241888796,0.888321241888796,245,22,0.941923250846909
658,1,20931.798004672797,1.0931798004672797,245,23,0.9425087659544915
659,2,18883.21241888796,0.888321241888796,245,22,0.941923250846909
660,1,20931.798004672797,1.0931798004672797,245,23,0.9425087659544915
662,3,13605.790868613041,0.36057908686130413,245,22,0.942989127724962
663,3,13605.790868613041,0.36057908686130413,245,22,0.942989127724962
661,2,18883.21241888796,0.888321241888796,245,22,0.941923250846909
665,3,13605.790868613041,0.36057908686130413,245,22,0.942989127724962
664,3,13605.790868613041,0.36057908686130413,245,22,0.942989127724962
667,3,13605.790868613041,0.36057908686130413,245,22,0.942989127724962
666,2,18883.21241888796,0.888321241888796,245,22,0.941923250846909
668,2,18883.21241888796,0.888321241888796,245,22,0.941923250846909
669,3,17272.2470027606,0.72722470027606,245,21,0.9433414880578379
670,3,17272.2470027606,0.72722470027606,245,21,0.9433414880578379
671,3,13605.790868613041,0.36057908686130413,245,22,0.942989127724962
672,3,17272.2470027606,0.72722470027606,245,21,0.9433414880578379
673,3,17272.2470027606,0.72722470027606,245,21,0.9433414880578379
675,3,13605.790868613041,0.36057908686130413,245,22,0.942989127724962
674,3,17272.2470027606,0.72722470027606,245,21,0.9433414880578379
677,2,20147.728903555708,1.0147728903555708,245,21,0.9449187569842221
678,2,20147.728903555708,1.0147728903555708,245,21,0.9449187569842221
676,3,13605.790868613041,0.36057908686130413,245,22,0.942989127724962
679,3,17272.2470027606,0.72722470027606,245,21,0.9433414880578379
680,2,20147.728903555708,1.0147728903555708,245,21,0.9449187569842221
681,2,20147.728903555708,1.0147728903555708,245,21,0.9449187569842221
682,3,17272.2470027606,0.72722470027606,245,21,0.9433414880578379
683,2,20147.728903555708,1.0147728903555708,245,21,0.9449187569842221
684,3,17535.568996582933,0.7535568996582933,245,24,0.9469552663310781
687,2,20147.728903555708,1.0147728903555708,245,21,0.9449187569842221
685,3,17535.568996582933,0.7535568996582933,245,24,0.9469552663310781
686,3,17272.2470027606,0.72722470027606,245,21,0.9433414880578379
688,3,17535.568996582933,0.7535568996582933,245,24,0.9469552663310781
690,2,20147.728903555708,1.0147728903555708,245,21,0.9449187569842221
689,3,17535.568996582933,0.7535568996582933,245,24,0.9469552663310781
691,3,17535.568996582933,0.7535568996582933,245,24,0.9469552663310781
692,4,20305.82166568801,1.030582166568801,244,21,0.9415391569155648
694,4,20305.82166568801,1.030582166568801,244,21,0.9415391569155648
695,2,20147.728903555708,1.0147728903555708,245,21,0.9449187569842221
693,3,17535.568996582933,0.7535568996582933,245,24,0.9469552663310781
696,4,20305.82166568801,1.030582166568801,244,21,0.9415391569155648
698,4,20305.82166568801,1.030582166568801,244,21,0.9415391569155648
697,3,17535.568996582933,0.7535568996582933,245,24,0.9469552663310781
701,1,20824.590487362857,1.0824590487362857,245,22,0.9452817841968458
699,4,20305.82166568801,1.030582166568801,244,21,0.9415391569155648
700,1,20824.590487362857,1.0824590487362857,245,22,0.9452817841968458
702,3,17535.568996582933,0.7535568996582933,245,24,0.9469552663310781
703,4,20305.82166568801,1.030582166568801,244,21,0.9415391569155648
704,1,20824.590487362857,1.0824590487362857,245,22,0.9452817841968458
706,4,20305.82166568801,1.030582166568801,244,21,0.9415391569155648
705,1,20824.590487362857,1.0824590487362857,245,22,0.9452817841968458
707,4,21630.922518727748,1.1630922518727749,244,23,0.9433834185322084
708,1,20824.590487362857,1.0824590487362857,245,22,0.9452817841968458
710,4,20305.82166568801,1.030582166568801,244,21,0.9415391569155648
709,4,21630.922518727748,1.1630922518727749,244,23,0.9433834185322084
711,1,20824.590487362857,1.0824590487362857,245,22,0.9452817841968458
712,4,21630.922518727748,1.1630922518727749,244,23,0.9433834185322084
713,1,20824.590487362857,1.0824590487362857,245,22,0.9452817841968458
714,4,21630.922518727748,1.1630922518727749,244,23,0.9433834185322084
715,4,19994.86415282982,0.9994864152829821,244,21,0.9431077138789652
716,4,21630.922518727748,1.1630922518727749,244,23,0.9433834185322084
717,1,20824.590487362857,1.0824590487362857,245,22,0.9452817841968458
718,4,19994.86415282982,0.9994864152829821,244,21,0.9431077138789652
719,4,21630.922518727748,1.1630922518727749,244,23,0.9433834185322084
720,4,19994.86415282982,0.9994864152829821,244,21,0.9431077138789652
721,4,21630.922518727748,1.1630922518727749,244,23,0.9433834185322084
722,4,19994.86415282982,0.9994864152829821,244,21,0.9431077138789652
723,5,18356.04386852525,0.8356043868525248,243,23,0.9478792835733298
724,4,19994.86415282982,0.9994864152829821,244,21,0.9431077138789652
726,5,18356.04386852525,0.8356043868525248,243,23,0.9478792835733298
725,4,21630.922518727748,1.1630922518727749,244,23,0.9433834185322084
727,4,19994.86415282982,0.9994864152829821,244,21,0.9431077138789652
729,4,19994.86415282982,0.9994864152829821,244,21,0.9431077138789652
728,5,18356.04386852525,0.8356043868525248,243,23,0.9478792835733298
730,5,18356.04386852525,0.8356043868525248,243,23,0.9478792835733298
731,3,18565.544063729274,0.8565544063729275,245,23,0.946818574359341
732,5,18356.04386852525,0.8356043868525248,243,23,0.9478792835733298
734,4,19994.86415282982,0.9994864152829821,244,21,0.9431077138789652
735,5,18356.04386852525,0.8356043868525248,243,23,0.9478792835733298
733,3,18565.544063729274,0.8565544063729275,245,23,0.946818574359341
736,5,18356.04386852525,0.8356043868525248,243,23,0.9478792835733298
737,3,18565.544063729274,0.8565544063729275,245,23,0.946818574359341
738,3,18565.544063729274,0.8565544063729275,245,23,0.946818574359341
740,3,18565.544063729274,0.8565544063729275,245,23,0.946818574359341
741,5,18356.04386852525,0.8356043868525248,243,23,0.9478792835733298
739,5,18261.477821609147,0.8261477821609147,243,21,0.9446270646464087
742,3,18565.544063729274,0.8565544063729275,245,23,0.946818574359341
743,5,18261.477821609147,0.8261477821609147,243,21,0.9446270646464087
744,3,18565.544063729274,0.8565544063729275,245,23,0.946818574359341
745,5,18261.477821609147,0.8261477821609147,243,21,0.9446270646464087
748,3,18565.544063729274,0.8565544063729275,245,23,0.946818574359341
747,5,18261.477821609147,0.8261477821609147,243,21,0.9446270646464087
746,5,18261.477821609147,0.8261477821609147,243,21,0.9446270646464087
749,2,212155.92758007586,20.215592758007585,245,34,0.9452228236778232
751,2,212155.92758007586,20.215592758007585,245,34,0.9452228236778232
750,5,18261.477821609147,0.8261477821609147,243,21,0.9446270646464087
752,5,18261.477821609147,0.8261477821609147,243,21,0.9446270646464087
753,2,212155.92758007586,20.215592758007585,245,34,0.9452228236778232
754,5,18261.477821609147,0.8261477821609147,243,21,0.9446270646464087
755,2,212155.92758007586,20.215592758007585,245,34,0.9452228236778232
756,2,212155.92758007586,20.215592758007585,245,34,0.9452228236778232
757,4,20941.79000343861,1.0941790003438612,244,23,0.9449771319310216
758,4,20941.79000343861,1.0941790003438612,244,23,0.9449771319310216
759,2,212155.92758007586,20.215592758007585,245,34,0.9452228236778232
760,2,212155.92758007586,20.215592758007585,245,34,0.9452228236778232
761,4,20941.79000343861,1.0941790003438612,244,23,0.9449771319310216
762,2,212155.92758007586,20.215592758007585,245,34,0.9452228236778232
765,1,24722.42707260026,1.4722427072600262,245,23,0.9415857957000544
764,4,20941.79000343861,1.0941790003438612,244,23,0.9449771319310216
763,4,20941.79000343861,1.0941790003438612,244,23,0.9449771319310216
766,1,24722.42707260026,1.4722427072600262,245,23,0.9415857957000544
767,4,20941.79000343861,1.0941790003438612,244,23,0.9449771319310216
768,4,20941.79000343861,1.0941790003438612,244,23,0.9449771319310216
770,4,20941.79000343861,1.0941790003438612,244,23,0.9449771319310216
769,1,24722.42707260026,1.4722427072600262,245,23,0.9415857957000544
771,5,17054.55754161268,0.7054557541612682,243,23,0.9491340528048241
772,1,24722.42707260026,1.4722427072600262,245,23,0.9415857957000544
774,5,17054.55754161268,0.7054557541612682,243,23,0.9491340528048241
773,1,24722.42707260026,1.4722427072600262,245,23,0.9415857957000544
775,1,24722.42707260026,1.4722427072600262,245,23,0.9415857957000544
776,1,24722.42707260026,1.4722427072600262,245,23,0.9415857957000544
779,1,25452.452698705663,1.5452452698705663,245,23,0.9417255327604964
778,5,17054.55754161268,0.7054557541612682,243,23,0.9491340528048241
777,1,24722.42707260026,1.4722427072600262,245,23,0.9415857957000544
780,5,17054.55754161268,0.7054557541612682,243,23,0.9491340528048241
782,5,17054.55754161268,0.7054557541612682,243,23,0.9491340528048241
781,1,25452.452698705663,1.5452452698705663,245,23,0.9417255327604964
783,5,17054.55754161268,0.7054557541612682,243,23,0.9491340528048241
784,5,17054.55754161268,0.7054557541612682,243,23,0.9491340528048241
785,2,25039.513328280664,1.5039513328280665,245,24,0.9415034735416953
786,1,25452.452698705663,1.5452452698705663,245,23,0.9417255327604964
787,5,17054.55754161268,0.7054557541612682,243,23,0.9491340528048241
788,1,25452.452698705663,1.5452452698705663,245,23,0.9417255327604964
789,1,25452.452698705663,1.5452452698705663,245,23,0.9417255327604964
790,2,25039.513328280664,1.5039513328280665,245,24,0.9415034735416953
792,1,25452.452698705663,1.5452452698705663,245,23,0.9417255327604964
791,1,25452.452698705663,1.5452452698705663,245,23,0.9417255327604964
795,1,25452.452698705663,1.5452452698705663,245,23,0.9417255327604964
794,2,25039.513328280664,1.5039513328280665,245,24,0.9415034735416953
793,2,21871.669494568483,1.1871669494568482,245,22,0.9474854958772484
797,2,25039.513328280664,1.5039513328280665,245,24,0.9415034735416953
796,2,25039.513328280664,1.5039513328280665,245,24,0.9415034735416953
798,2,21871.669494568483,1.1871669494568482,245,22,0.9474854958772484
799,2,25039.513328280664,1.5039513328280665,245,24,0.9415034735416953
800,2,25039.513328280664,1.5039513328280665,245,24,0.9415034735416953
801,2,25039.513328280664,1.5039513328280665,245,24,0.9415034735416953
803,2,14021.646587919868,0.40216465879198676,245,21,0.9472827827815071
805,2,21871.669494568483,1.1871669494568482,245,22,0.9474854958772484
804,2,21871.669494568483,1.1871669494568482,245,22,0.9474854958772484
802,2,21871.669494568483,1.1871669494568482,245,22,0.9474854958772484
806,2,14021.646587919868,0.40216465879198676,245,21,0.9472827827815071
807,2,21871.669494568483,1.1871669494568482,245,22,0.9474854958772484
808,2,21871.669494568483,1.1871669494568482,245,22,0.9474854958772484
809,2,21871.669494568483,1.1871669494568482,245,22,0.9474854958772484
810,4,20668.819853664692,1.0668819853664693,244,23,0.9446762201819633
814,4,20668.819853664692,1.0668819853664693,244,23,0.9446762201819633
811,2,14021.646587919868,0.40216465879198676,245,21,0.9472827827815071
812,2,14021.646587919868,0.40216465879198676,245,21,0.9472827827815071
813,2,14021.646587919868,0.40216465879198676,245,21,0.9472827827815071
816,2,14021.646587919868,0.40216465879198676,245,21,0.9472827827815071
815,2,14021.646587919868,0.40216465879198676,245,21,0.9472827827815071
817,2,14021.646587919868,0.40216465879198676,245,21,0.9472827827815071
819,3,14957.172473497938,0.4957172473497938,245,21,0.9449470620418705
820,4,20668.819853664692,1.0668819853664693,244,23,0.9446762201819633
821,4,20668.819853664692,1.0668819853664693,244,23,0.9446762201819633
818,3,14957.172473497938,0.4957172473497938,245,21,0.9449470620418705
822,4,20668.819853664692,1.0668819853664693,244,23,0.9446762201819633
823,4,20668.819853664692,1.0668819853664693,244,23,0.9446762201819633
824,4,20668.819853664692,1.0668819853664693,244,23,0.9446762201819633
825,4,20668.819853664692,1.0668819853664693,244,23,0.9446762201819633
827,3,14957.172473497938,0.4957172473497938,245,21,0.9449470620418705
826,5,19063.100805109738,0.9063100805109738,243,21,0.9486236014307765
829,5,19063.100805109738,0.9063100805109738,243,21,0.9486236014307765
828,3,14957.172473497938,0.4957172473497938,245,21,0.9449470620418705
830,3,14957.172473497938,0.4957172473497938,245,21,0.9449470620418705
831,3,14957.172473497938,0.4957172473497938,245,21,0.9449470620418705
832,3,14957.172473497938,0.4957172473497938,245,21,0.9449470620418705
833,3,14957.172473497938,0.4957172473497938,245,21,0.9449470620418705
835,3,22532.028002064788,1.2532028002064788,245,23,0.9444246149396524
834,5,19063.100805109738,0.9063100805109738,243,21,0.9486236014307765
836,3,22532.028002064788,1.2532028002064788,245,23,0.9444246149396524
837,5,19063.100805109738,0.9063100805109738,243,21,0.9486236014307765
838,5,19063.100805109738,0.9063100805109738,243,21,0.9486236014307765
839,5,19063.100805109738,0.9063100805109738,243,21,0.9486236014307765
840,5,19063.100805109738,0.9063100805109738,243,21,0.9486236014307765
841,5,19063.100805109738,0.9063100805109738,243,21,0.9486236014307765
842,2,16914.072590347572,0.6914072590347572,245,21,0.945361508579554
844,2,16914.072590347572,0.6914072590347572,245,21,0.945361508579554
843,3,22532.028002064788,1.2532028002064788,245,23,0.9444246149396524
846,3,22532.028002064788,1.2532028002064788,245,23,0.9444246149396524
845,3,22532.028002064788,1.2532028002064788,245,23,0.9444246149396524
847,3,22532.028002064788,1.2532028002064788,245,23,0.9444246149396524
848,3,22532.028002064788,1.2532028002064788,245,23,0.9444246149396524
850,4,20868.88801168806,1.086888801168806,244,22,0.9465690982205147
849,3,22532.028002064788,1.2532028002064788,245,23,0.9444246149396524
851,4,20868.88801168806,1.086888801168806,244,22,0.9465690982205147
852,2,16914.072590347572,0.6914072590347572,245,21,0.945361508579554
853,2,16914.072590347572,0.6914072590347572,245,21,0.945361508579554
854,2,16914.072590347572,0.6914072590347572,245,21,0.945361508579554
855,2,16914.072590347572,0.6914072590347572,245,21,0.945361508579554
856,2,16914.072590347572,0.6914072590347572,245,21,0.945361508579554
858,2,16914.072590347572,0.6914072590347572,245,21,0.945361508579554
857,4,12563.860200972284,0.25638602009722833,244,21,0.9469080833145103
859,4,12563.860200972284,0.25638602009722833,244,21,0.9469080833145103
862,4,20868.88801168806,1.086888801168806,244,22,0.9465690982205147
860,4,20868.88801168806,1.086888801168806,244,22,0.9465690982205147
861,4,20868.88801168806,1.086888801168806,244,22,0.9465690982205147
863,4,20868.88801168806,1.086888801168806,244,22,0.9465690982205147
864,4,20868.88801168806,1.086888801168806,244,22,0.9465690982205147
865,4,20868.88801168806,1.086888801168806,244,22,0.9465690982205147
866,4,13749.892570289761,0.3749892570289761,244,21,0.9461037976540994
867,4,13749.892570289761,0.3749892570289761,244,21,0.9461037976540994
868,4,12563.860200972284,0.25638602009722833,244,21,0.9469080833145103
869,4,12563.860200972284,0.25638602009722833,244,21,0.9469080833145103
870,4,12563.860200972284,0.25638602009722833,244,21,0.9469080833145103
871,4,12563.860200972284,0.25638602009722833,244,21,0.9469080833145103
872,4,12563.860200972284,0.25638602009722833,244,21,0.9469080833145103
873,4,12563.860200972284,0.25638602009722833,244,21,0.9469080833145103
874,2,20185.196588151164,1.0185196588151164,245,23,0.9481352006350221
877,4,13749.892570289761,0.3749892570289761,244,21,0.9461037976540994
875,2,20185.196588151164,1.0185196588151164,245,23,0.9481352006350221
878,4,13749.892570289761,0.3749892570289761,244,21,0.9461037976540994
876,4,13749.892570289761,0.3749892570289761,244,21,0.9461037976540994
879,4,13749.892570289761,0.3749892570289761,244,21,0.9461037976540994
880,4,13749.892570289761,0.3749892570289761,244,21,0.9461037976540994
881,4,13749.892570289761,0.3749892570289761,244,21,0.9461037976540994
884,2,16606.659796281732,0.6606659796281732,245,21,0.9465477448543401
885,2,20185.196588151164,1.0185196588151164,245,23,0.9481352006350221
882,2,16606.659796281732,0.6606659796281732,245,21,0.9465477448543401
883,2,20185.196588151164,1.0185196588151164,245,23,0.9481352006350221
886,2,20185.196588151164,1.0185196588151164,245,23,0.9481352006350221
887,2,20185.196588151164,1.0185196588151164,245,23,0.9481352006350221
888,2,20185.196588151164,1.0185196588151164,245,23,0.9481352006350221
889,2,20185.196588151164,1.0185196588151164,245,23,0.9481352006350221
892,5,20174.775700791368,1.0174775700791368,243,22,0.9463227741151546
893,2,16606.659796281732,0.6606659796281732,245,21,0.9465477448543401
891,2,16606.659796281732,0.6606659796281732,245,21,0.9465477448543401
890,5,20174.775700791368,1.0174775700791368,243,22,0.9463227741151546
894,2,16606.659796281732,0.6606659796281732,245,21,0.9465477448543401
895,2,16606.659796281732,0.6606659796281732,245,21,0.9465477448543401
896,2,16606.659796281732,0.6606659796281732,245,21,0.9465477448543401
897,2,16606.659796281732,0.6606659796281732,245,21,0.9465477448543401
898,2,26192.15792004783,1.619215792004783,245,24,0.9462951306806088
899,5,20174.775700791368,1.0174775700791368,243,22,0.9463227741151546
901,2,26192.15792004783,1.619215792004783,245,24,0.9462951306806088
900,5,20174.775700791368,1.0174775700791368,243,22,0.9463227741151546
902,5,20174.775700791368,1.0174775700791368,243,22,0.9463227741151546
903,5,20174.775700791368,1.0174775700791368,243,22,0.9463227741151546
904,5,20174.775700791368,1.0174775700791368,243,22,0.9463227741151546
905,5,20174.775700791368,1.0174775700791368,243,22,0.9463227741151546
907,2,26192.15792004783,1.619215792004783,245,24,0.9462951306806088
906,5,25115.893546916464,1.5115893546916463,243,22,0.9493694428356804
908,5,25115.893546916464,1.5115893546916463,243,22,0.9493694428356804
909,2,26192.15792004783,1.619215792004783,245,24,0.9462951306806088
910,2,26192.15792004783,1.619215792004783,245,24,0.9462951306806088
911,2,26192.15792004783,1.619215792004783,245,24,0.9462951306806088
912,2,26192.15792004783,1.619215792004783,245,24,0.9462951306806088
913,2,26192.15792004783,1.619215792004783,245,24,0.9462951306806088
914,5,25115.893546916464,1.5115893546916463,243,22,0.9493694428356804
916,1,15195.393028155415,0.5195393028155415,245,22,0.9425525090367368
915,1,15195.393028155415,0.5195393028155415,245,22,0.9425525090367368
917,5,25115.893546916464,1.5115893546916463,243,22,0.9493694428356804
918,5,25115.893546916464,1.5115893546916463,243,22,0.9493694428356804
919,5,25115.893546916464,1.5115893546916463,243,22,0.9493694428356804
920,5,25115.893546916464,1.5115893546916463,243,22,0.9493694428356804
922,1,15195.393028155415,0.5195393028155415,245,22,0.9425525090367368
921,5,25115.893546916464,1.5115893546916463,243,22,0.9493694428356804
924,2,25400.41065411295,1.540041065411295,245,22,0.9444009877247393
923,2,25400.41065411295,1.540041065411295,245,22,0.9444009877247393
925,1,15195.393028155415,0.5195393028155415,245,22,0.9425525090367368
926,1,15195.393028155415,0.5195393028155415,245,22,0.9425525090367368
927,1,15195.393028155415,0.5195393028155415,245,22,0.9425525090367368
928,1,15195.393028155415,0.5195393028155415,245,22,0.9425525090367368
929,2,25400.41065411295,1.540041065411295,245,22,0.9444009877247393
930,1,15195.393028155415,0.5195393028155415,245,22,0.9425525090367368
931,3,23818.37209901006,1.381837209901006,245,22,0.9431250434074896
932,3,23818.37209901006,1.381837209901006,245,22,0.9431250434074896
933,2,25400.41065411295,1.540041065411295,245,22,0.9444009877247393
934,2,25400.41065411295,1.540041065411295,245,22,0.9444009877247393
935,2,25400.41065411295,1.540041065411295,245,22,0.9444009877247393
936,2,25400.41065411295,1.540041065411295,245,22,0.9444009877247393
937,3,23818.37209901006,1.381837209901006,245,22,0.9431250434074896
940,4,27426.835640062047,1.7426835640062046,244,25,0.9432810748396732
939,4,27426.835640062047,1.7426835640062046,244,25,0.9432810748396732
941,3,23818.37209901006,1.381837209901006,245,22,0.9431250434074896
938,2,25400.41065411295,1.540041065411295,245,22,0.9444009877247393
942,3,23818.37209901006,1.381837209901006,245,22,0.9431250434074896
943,3,23818.37209901006,1.381837209901006,245,22,0.9431250434074896
944,3,23818.37209901006,1.381837209901006,245,22,0.9431250434074896
948,4,27426.835640062047,1.7426835640062046,244,25,0.9432810748396732
946,3,41718.91693665932,3.171891693665932,245,24,0.9437433480834937
947,3,41718.91693665932,3.171891693665932,245,24,0.9437433480834937
949,3,23818.37209901006,1.381837209901006,245,22,0.9431250434074896
945,4,27426.835640062047,1.7426835640062046,244,25,0.9432810748396732
950,4,27426.835640062047,1.7426835640062046,244,25,0.9432810748396732
951,4,27426.835640062047,1.7426835640062046,244,25,0.9432810748396732
952,4,27426.835640062047,1.7426835640062046,244,25,0.9432810748396732
957,3,41718.91693665932,3.171891693665932,245,24,0.9437433480834937
953,3,41718.91693665932,3.171891693665932,245,24,0.9437433480834937
955,1,19178.978753587973,0.9178978753587973,245,22,0.9428665933632385
956,4,27426.835640062047,1.7426835640062046,244,25,0.9432810748396732
958,3,41718.91693665932,3.171891693665932,245,24,0.9437433480834937
954,1,19178.978753587973,0.9178978753587973,245,22,0.9428665933632385
959,3,41718.91693665932,3.171891693665932,245,24,0.9437433480834937
960,3,41718.91693665932,3.171891693665932,245,24,0.9437433480834937
964,3,41718.91693665932,3.171891693665932,245,24,0.9437433480834937
961,1,19178.978753587973,0.9178978753587973,245,22,0.9428665933632385
963,2,19549.00945937873,0.9549009459378729,245,22,0.9474648874383846
965,1,19178.978753587973,0.9178978753587973,245,22,0.9428665933632385
962,1,19178.978753587973,0.9178978753587973,245,22,0.9428665933632385
966,2,19549.00945937873,0.9549009459378729,245,22,0.9474648874383846
967,1,19178.978753587973,0.9178978753587973,245,22,0.9428665933632385
968,1,19178.978753587973,0.9178978753587973,245,22,0.9428665933632385
970,2,19549.00945937873,0.9549009459378729,245,22,0.9474648874383846
971,2,25180.98191157519,1.5180981911575189,245,22,0.9474870855223455
969,1,19178.978753587973,0.9178978753587973,245,22,0.9428665933632385
972,2,19549.00945937873,0.9549009459378729,245,22,0.9474648874383846
973,2,19549.00945937873,0.9549009459378729,245,22,0.9474648874383846
974,2,25180.98191157519,1.5180981911575189,245,22,0.9474870855223455
975,2,19549.00945937873,0.9549009459378729,245,22,0.9474648874383846
976,2,19549.00945937873,0.9549009459378729,245,22,0.9474648874383846
977,2,25180.98191157519,1.5180981911575189,245,22,0.9474870855223455
978,5,21382.984322928914,1.1382984322928915,243,23,0.9470869935690241
979,2,19549.00945937873,0.9549009459378729,245,22,0.9474648874383846
980,2,25180.98191157519,1.5180981911575189,245,22,0.9474870855223455
981,2,25180.98191157519,1.5180981911575189,245,22,0.9474870855223455
982,5,21382.984322928914,1.1382984322928915,243,23,0.9470869935690241
983,2,25180.98191157519,1.5180981911575189,245,22,0.9474870855223455
984,2,25180.98191157519,1.5180981911575189,245,22,0.9474870855223455
985,5,21382.984322928914,1.1382984322928915,243,23,0.9470869935690241
986,3,26504.438995747623,1.6504438995747623,245,22,0.944020450424926
987,2,25180.98191157519,1.5180981911575189,245,22,0.9474870855223455
988,5,21382.984322928914,1.1382984322928915,243,23,0.9470869935690241
989,5,21382.984322928914,1.1382984322928915,243,23,0.9470869935690241
990,3,26504.438995747623,1.6504438995747623,245,22,0.944020450424926
991,5,21382.984322928914,1.1382984322928915,243,23,0.9470869935690241
992,5,21382.984322928914,1.1382984322928915,243,23,0.9470869935690241
993,3,26504.438995747623,1.6504438995747623,245,22,0.944020450424926
995,5,21382.984322928914,1.1382984322928915,243,23,0.9470869935690241
997,3,26504.438995747623,1.6504438995747623,245,22,0.944020450424926
996,3,26504.438995747623,1.6504438995747623,245,22,0.944020450424926
994,4,22717.27320223156,1.271727320223156,244,22,0.9474512837797184
998,4,22717.27320223156,1.271727320223156,244,22,0.9474512837797184
999,3,26504.438995747623,1.6504438995747623,245,22,0.944020450424926
