Block_ID,Cluster_ID,Security,Cluster_Size_x,Score,Median_Price_Level,Avg_Correlation,Cluster_Size_y,Post_Clustering_Return,Category,Rank
0,60,LBWR,38,5,0.0063999998383223,0.0,38,858650.0222898966,>5000%,1
0,60,HMBL,38,5,0.0063999998383223,0.0,38,194110.0052423519,>5000%,2
8,37,HMBL,38,5,0.0025000000605359,0.0,38,194110.0052423519,>5000%,3
6,43,HMBL,44,5,0.0049999998882411,0.0,44,194110.0052423519,>5000%,4
9,32,HMBL,45,5,0.0049999998882411,0.0,45,194110.0052423519,>5000%,5
7,67,HMBL,49,5,0.0060000000521539,0.0,49,194110.0052423519,>5000%,6
7,16,FBDS,39,6,0.6767042407989502,0.5262639916100307,39,113913.81390390682,>5000%,7
1,17,PECN,34,5,0.3335587837100029,0.0,34,99900.000291038,>5000%,8
1,17,ITRX,34,5,0.3335587837100029,0.0,34,87500.00018044369,>5000%,9
6,43,ITRX,44,5,0.0049999998882411,0.0,44,87500.00018044369,>5000%,10
0,60,BGUUF,38,5,0.0063999998383223,0.0,38,79900.00023283061,>5000%,11
4,33,PIFR,32,6,0.0064991200286894,0.4060257060086556,32,76390.00256768546,>5000%,12
9,47,BLITF,44,6,1.0247675507068634,0.5283099874151118,44,43471.4311468241,>5000%,13
7,67,SCAL,49,5,0.0060000000521539,0.0,49,37439.999669671495,>5000%,14
0,60,ENMI,38,5,0.0063999998383223,0.0,38,33840.000199361115,>5000%,15
7,67,ROCLF,49,5,0.0060000000521539,0.0,49,29333.33258501568,>5000%,16
8,37,OFSTF,38,5,0.0025000000605359,0.0,38,17510.489582859158,>5000%,17
7,67,OFSTF,49,5,0.0060000000521539,0.0,49,17510.489582859158,>5000%,18
3,14,LBTI,39,6,0.1236479993462562,0.4344310006454784,39,15078.316760489,>5000%,19
9,32,ARAT,45,5,0.0049999998882411,0.0,45,11840.000165154555,>5000%,20
9,47,NSPT,44,6,1.0247675507068634,0.5283099874151118,44,11504.00026921032,>5000%,21
9,73,KARE,34,5,0.1417356016039848,0.0,34,10730.000037107324,>5000%,22
3,14,CTNI,39,6,0.1236479993462562,0.4344310006454784,39,9900.000727595265,>5000%,23
0,60,NEVE,38,5,0.0063999998383223,0.0,38,9900.000223517503,>5000%,24
4,33,SNRY,32,6,0.0064991200286894,0.4060257060086556,32,5389.999886205219,>5000%,25
9,32,PLFF,45,5,0.0049999998882411,0.0,45,5122.333301409719,>5000%,26
8,37,PLFF,38,5,0.0025000000605359,0.0,38,5122.333301409719,>5000%,27
8,37,ICNOF,38,5,0.0025000000605359,0.0,38,4925.000205547668,1000-5000%,28
9,32,ICNOF,45,5,0.0049999998882411,0.0,45,4925.000205547668,1000-5000%,29
6,44,RADR,41,6,0.014462319754064,0.2243684851255113,41,4900.000363797632,1000-5000%,30
0,60,AWRS,38,5,0.0063999998383223,0.0,38,4900.000363797632,1000-5000%,31
8,37,SPQS,38,5,0.0025000000605359,0.0,38,4709.045388786302,1000-5000%,32
9,47,CTPR,44,6,1.0247675507068634,0.5283099874151118,44,4099.999956344223,1000-5000%,33
6,43,CYGT,44,5,0.0049999998882411,0.0,44,3900.000291038307,1000-5000%,34
1,32,PRDL,42,5,1.439387990951538,0.0,42,3440.000106228935,1000-5000%,35
1,17,NHVP,34,5,0.3335587837100029,0.0,34,2900.00021827838,1000-5000%,36
1,52,CBYI,25,6,0.5749719948768616,0.6802693976117926,25,2710.000047293692,1000-5000%,37
1,32,GRHY,42,5,1.439387990951538,0.0,42,2400.000007275912,1000-5000%,38
3,14,CRGP,39,6,0.1236479993462562,0.4344310006454784,39,2200.0001324223604,1000-5000%,39
2,8,LNDLF,38,6,1.3391199839115142,0.7093063400822887,38,2197.5001252628963,1000-5000%,40
8,37,FUNR,38,5,0.0025000000605359,0.0,38,2170.6153812402385,1000-5000%,41
6,44,GYST,41,6,0.014462319754064,0.2243684851255113,41,1728.0946184240267,1000-5000%,42
6,43,MEGH,44,5,0.0049999998882411,0.0,44,1708.999967985784,1000-5000%,43
7,67,MEGH,49,5,0.0060000000521539,0.0,49,1708.999967985784,1000-5000%,44
0,60,MBLV,38,5,0.0063999998383223,0.0,38,1685.7143759955693,1000-5000%,45
1,52,MVPT,25,6,0.5749719948768616,0.6802693976117926,25,1530.1444059168437,1000-5000%,46
4,33,BLPG,32,6,0.0064991200286894,0.4060257060086556,32,1529.07524827638,1000-5000%,47
1,32,CDSG,42,5,1.439387990951538,0.0,42,1522.9858043484553,1000-5000%,48
2,8,BRPHF,38,6,1.3391199839115142,0.7093063400822887,38,1501.419524004478,1000-5000%,49
1,32,LRMR,42,5,1.439387990951538,0.0,42,1442.8495076794338,1000-5000%,50
1,32,PCLI,42,5,1.439387990951538,0.0,42,1334.3243226853908,1000-5000%,51
0,7,FMBV,45,5,0.768524600834143,0.0,45,1318.161418307387,1000-5000%,52
7,67,PDPG,49,5,0.0060000000521539,0.0,49,1233.3333259198218,1000-5000%,53
8,37,PDPG,38,5,0.0025000000605359,0.0,38,1233.3333259198218,1000-5000%,54
7,16,AMFL,39,6,0.6767042407989502,0.5262639916100307,39,1214.1414026702128,1000-5000%,55
9,32,BWNAF,45,5,0.0049999998882411,0.0,45,1199.999965075472,1000-5000%,56
3,14,FDFT,39,6,0.1236479993462562,0.4344310006454784,39,1196.8750034105526,1000-5000%,57
2,8,FDFT,38,6,1.3391199839115142,0.7093063400822887,38,1196.8750034105526,1000-5000%,58
8,37,FONU,38,5,0.0025000000605359,0.0,38,1157.1428696161624,1000-5000%,59
4,33,KATX,32,6,0.0064991200286894,0.4060257060086556,32,1149.9999359717067,1000-5000%,60
7,16,NIHK,39,6,0.6767042407989502,0.5262639916100307,39,1123.7775705969564,1000-5000%,61
1,32,ISLV,42,5,1.439387990951538,0.0,42,1121.3739919659797,1000-5000%,62
6,44,ANAS,41,6,0.014462319754064,0.2243684851255113,41,1101.141192589713,1000-5000%,63
9,73,GSPTD,34,5,0.1417356016039848,0.0,34,1085.397180426091,1000-5000%,64
9,73,FCUL,34,5,0.1417356016039848,0.0,34,1085.397180426091,1000-5000%,65
6,44,PSTRQ,41,6,0.014462319754064,0.2243684851255113,41,1022.2221542414312,1000-5000%,66
4,33,GRLF,32,6,0.0064991200286894,0.4060257060086556,32,995.000053478248,500-1000%,67
0,7,SRLTF,45,5,0.768524600834143,0.0,45,900.0000727595263,500-1000%,68
4,33,NAMX,32,6,0.0064991200286894,0.4060257060086556,32,900.0,500-1000%,69
6,43,OPUS,44,5,0.0049999998882411,0.0,44,900.0,500-1000%,70
6,43,AFCL,44,5,0.0049999998882411,0.0,44,900.0,500-1000%,71
7,67,OPUS,49,5,0.0060000000521539,0.0,49,900.0,500-1000%,72
8,37,OPUS,38,5,0.0025000000605359,0.0,38,900.0,500-1000%,73
7,16,SRGXF,39,6,0.6767042407989502,0.5262639916100307,39,837.128047318149,500-1000%,74
1,32,GMGI,42,5,1.439387990951538,0.0,42,827.197549692761,500-1000%,75
0,60,PTRVF,38,5,0.0063999998383223,0.0,38,823.4374881765707,500-1000%,76
8,37,PTRVF,38,5,0.0025000000605359,0.0,38,823.4374881765707,500-1000%,77
9,32,PTRVF,45,5,0.0049999998882411,0.0,45,823.4374881765707,500-1000%,78
7,67,PTRVF,49,5,0.0060000000521539,0.0,49,823.4374881765707,500-1000%,79
6,43,PTRVF,44,5,0.0049999998882411,0.0,44,823.4374881765707,500-1000%,80
9,73,GVLMF,34,5,0.1417356016039848,0.0,34,818.3673725394792,500-1000%,81
0,7,EAATF,45,5,0.768524600834143,0.0,45,817.5304550998611,500-1000%,82
1,17,NOHO,34,5,0.3335587837100029,0.0,34,740.0000145518754,500-1000%,83
9,47,NOHO,44,6,1.0247675507068634,0.5283099874151118,44,740.0000145518754,500-1000%,84
7,67,BUENF,49,5,0.0060000000521539,0.0,49,710.9000133924329,500-1000%,85
8,37,BUENF,38,5,0.0025000000605359,0.0,38,710.9000133924329,500-1000%,86
9,32,BUENF,45,5,0.0049999998882411,0.0,45,710.9000133924329,500-1000%,87
6,43,BUENF,44,5,0.0049999998882411,0.0,44,710.9000133924329,500-1000%,88
9,32,JECFF,45,5,0.0049999998882411,0.0,45,697.3684548485506,500-1000%,89
7,16,ASPT,39,6,0.6767042407989502,0.5262639916100307,39,650.0000254661256,500-1000%,90
0,60,ASPT,38,5,0.0063999998383223,0.0,38,650.0000254661256,500-1000%,91
7,16,QIAN,39,6,0.6767042407989502,0.5262639916100307,39,584.3800480195318,500-1000%,92
4,33,NSLPQ,32,6,0.0064991200286894,0.4060257060086556,32,554.5454704201911,500-1000%,93
3,14,GCHK,39,6,0.1236479993462562,0.4344310006454784,39,533.896126839502,500-1000%,94
0,60,MIRXF,38,5,0.0063999998383223,0.0,38,518.6193973689172,500-1000%,95
6,43,SGTM,44,5,0.0049999998882411,0.0,44,506.0240942441357,500-1000%,96
0,60,SGTM,38,5,0.0063999998383223,0.0,38,506.0240942441357,500-1000%,97
7,67,SGTM,49,5,0.0060000000521539,0.0,49,506.0240942441357,500-1000%,98
8,37,SGTM,38,5,0.0025000000605359,0.0,38,506.0240942441357,500-1000%,99
1,32,CFEGF,42,5,1.439387990951538,0.0,42,493.9393816243857,100-500%,100
0,60,SICNF,38,5,0.0063999998383223,0.0,38,481.6819209575759,100-500%,101
0,7,RVLTF,45,5,0.768524600834143,0.0,45,472.500006320986,100-500%,102
4,33,SCLF,32,6,0.0064991200286894,0.4060257060086556,32,468.5592187424976,100-500%,103
1,17,ADMG,34,5,0.3335587837100029,0.0,34,450.4761994304037,100-500%,104
1,17,OVTZ,34,5,0.3335587837100029,0.0,34,444.4444524162594,100-500%,105
0,7,EVLI,45,5,0.768524600834143,0.0,45,431.7057895237972,100-500%,106
4,33,AIAD,32,6,0.0064991200286894,0.4060257060086556,32,418.4263004750903,100-500%,107
4,33,LTHO,32,6,0.0064991200286894,0.4060257060086556,32,396.6013057439217,100-500%,108
7,16,INBP,39,6,0.6767042407989502,0.5262639916100307,39,377.8280423389055,100-500%,109
4,33,BTQNF,32,6,0.0064991200286894,0.4060257060086556,32,337.6914528140843,100-500%,110
6,44,ERHE,41,6,0.014462319754064,0.2243684851255113,41,335.0000229194081,100-500%,111
2,8,ONSS,38,6,1.3391199839115142,0.7093063400822887,38,333.9858955611535,100-500%,112
3,14,OROVF,39,6,0.1236479993462562,0.4344310006454784,39,330.4347873860813,100-500%,113
3,14,MCNO,39,6,0.1236479993462562,0.4344310006454784,39,329.10207172866967,100-500%,114
9,32,PSFT,45,5,0.0049999998882411,0.0,45,320.1680687066478,100-500%,115
6,43,PSFT,44,5,0.0049999998882411,0.0,44,320.1680687066478,100-500%,116
7,67,CWNOF,49,5,0.0060000000521539,0.0,49,319.66667715957004,100-500%,117
6,43,CWNOF,44,5,0.0049999998882411,0.0,44,319.66667715957004,100-500%,118
7,16,CTRN,39,6,0.6767042407989502,0.5262639916100307,39,319.2789637147043,100-500%,119
4,33,CSOL,32,6,0.0064991200286894,0.4060257060086556,32,318.18182664838986,100-500%,120
1,52,CSOL,25,6,0.5749719948768616,0.6802693976117926,25,318.18182664838986,100-500%,121
9,73,FSTJ,34,5,0.1417356016039848,0.0,34,316.8750084983187,100-500%,122
0,60,FBGI,38,5,0.0063999998383223,0.0,38,312.5000063058304,100-500%,123
9,73,SSGOF,34,5,0.1417356016039848,0.0,34,300.0000000000201,100-500%,124
6,44,BNTRF,41,6,0.014462319754064,0.2243684851255113,41,292.9588952597705,100-500%,125
1,52,AFPW,25,6,0.5749719948768616,0.6802693976117926,25,280.00001018629763,100-500%,126
1,52,LBRG,25,6,0.5749719948768616,0.6802693976117926,25,279.9999962747147,100-500%,127
0,7,DBLVF,45,5,0.768524600834143,0.0,45,267.65714258953034,100-500%,128
3,14,NICH,39,6,0.1236479993462562,0.4344310006454784,39,258.95324059296894,100-500%,129
1,32,CTXR,42,5,1.439387990951538,0.0,42,256.96821502657883,100-500%,130
3,14,COOP,39,6,0.1236479993462562,0.4344310006454784,39,246.6341283219348,100-500%,131
1,17,DLPN,34,5,0.3335587837100029,0.0,34,235.4216847473805,100-500%,132
4,33,JAGR,32,6,0.0064991200286894,0.4060257060086556,32,233.33332298530232,100-500%,133
3,14,CHEV,39,6,0.1236479993462562,0.4344310006454784,39,233.00002291053653,100-500%,134
0,7,BKTPF,45,5,0.768524600834143,0.0,45,221.9875742311211,100-500%,135
1,52,BKTPF,25,6,0.5749719948768616,0.6802693976117926,25,221.9875742311211,100-500%,136
3,14,APHP,39,6,0.1236479993462562,0.4344310006454784,39,212.51999679942952,100-500%,137
6,44,KWGBF,41,6,0.014462319754064,0.2243684851255113,41,209.1710834681881,100-500%,138
9,47,KGDEF,44,6,1.0247675507068634,0.5283099874151118,44,207.4074000488096,100-500%,139
0,60,SCNTQ,38,5,0.0063999998383223,0.0,38,200.000021827838,100-500%,140
6,43,CPYCF,44,5,0.0049999998882411,0.0,44,200.000021827838,100-500%,141
6,44,RYSMF,41,6,0.014462319754064,0.2243684851255113,41,200.00000000000048,100-500%,142
6,43,RYNL,44,5,0.0049999998882411,0.0,44,199.99998835848064,100-500%,143
0,60,PHNMF,38,5,0.0063999998383223,0.0,38,198.64864692070185,100-500%,144
3,14,BWVI,39,6,0.1236479993462562,0.4344310006454784,39,190.53312436898176,100-500%,145
6,44,OMMSF,41,6,0.014462319754064,0.2243684851255113,41,189.4474623476158,100-500%,146
6,44,QCLSF,41,6,0.014462319754064,0.2243684851255113,41,181.2499949977788,100-500%,147
6,44,CBLRF,41,6,0.014462319754064,0.2243684851255113,41,160.00001746227042,100-500%,148
1,17,PPMT,34,5,0.3335587837100029,0.0,34,150.000009313226,100-500%,149
7,67,PPMT,49,5,0.0060000000521539,0.0,49,150.000009313226,100-500%,150
0,7,PMIR,45,5,0.768524600834143,0.0,45,150.0,100-500%,151
9,73,ROAOF,34,5,0.1417356016039848,0.0,34,149.9999825377109,100-500%,152
0,7,GRSFF,45,5,0.768524600834143,0.0,45,143.7294099724314,100-500%,153
1,17,GRSFF,34,5,0.3335587837100029,0.0,34,143.7294099724314,100-500%,154
8,37,FPVTF,38,5,0.0025000000605359,0.0,38,139.9999910593036,100-500%,155
0,7,MFGHF,45,5,0.768524600834143,0.0,45,139.63963963963965,100-500%,156
6,44,AHNR,41,6,0.014462319754064,0.2243684851255113,41,136.36363913451356,100-500%,157
0,7,DTXMF,45,5,0.768524600834143,0.0,45,133.33333850734772,100-500%,158
9,73,DBMM,34,5,0.1417356016039848,0.0,34,129.75609489713898,100-500%,159
6,44,AMNI,41,6,0.014462319754064,0.2243684851255113,41,129.4009841424029,100-500%,160
9,47,INTI,44,6,1.0247675507068634,0.5283099874151118,44,128.2991274845692,100-500%,161
0,7,LQRCF,45,5,0.768524600834143,0.0,45,127.15909571964156,100-500%,162
2,8,MAOIF,38,6,1.3391199839115142,0.7093063400822887,38,124.15224786979184,100-500%,163
7,16,LPX,39,6,0.6767042407989502,0.5262639916100307,39,120.70850350883904,100-500%,164
6,44,PBHG,41,6,0.014462319754064,0.2243684851255113,41,118.74999145725864,100-500%,165
1,32,GEBRF,42,5,1.439387990951538,0.0,42,110.60606009499595,100-500%,166
1,32,MACQF,42,5,1.439387990951538,0.0,42,106.61157444623292,100-500%,167
1,17,ERII,34,5,0.3335587837100029,0.0,34,100.70929528172763,100-500%,168
6,43,CBVTF,44,5,0.0049999998882411,0.0,44,100.00000000000024,100-500%,169
9,32,CBVTF,45,5,0.0049999998882411,0.0,45,100.00000000000024,100-500%,170
7,67,LMWW,49,5,0.0060000000521539,0.0,49,100.0,0-100%,171
6,43,LMWW,44,5,0.0049999998882411,0.0,44,100.0,0-100%,172
0,60,ATIW,38,5,0.0063999998383223,0.0,38,99.33333445092047,0-100%,173
4,33,ANPDF,32,6,0.0064991200286894,0.4060257060086556,32,98.6110881005735,0-100%,174
7,16,LAND,39,6,0.6767042407989502,0.5262639916100307,39,92.49873733296424,0-100%,175
1,32,AOAO,42,5,1.439387990951538,0.0,42,90.9158281112492,0-100%,176
7,67,HABC,49,5,0.0060000000521539,0.0,49,89.99999813735545,0-100%,177
9,73,PGVI,34,5,0.1417356016039848,0.0,34,86.46747980020483,0-100%,178
1,32,OCPNF,42,5,1.439387990951538,0.0,42,84.6282363279795,0-100%,179
0,7,GNTOF,45,5,0.768524600834143,0.0,45,81.81818181818174,0-100%,180
7,67,MAHI,49,5,0.0060000000521539,0.0,49,81.81817873943056,0-100%,181
9,47,CNGO,44,6,1.0247675507068634,0.5283099874151118,44,76.49418290420552,0-100%,182
1,32,CRUCF,42,5,1.439387990951538,0.0,42,69.00470499777057,0-100%,183
2,8,ESCA,38,6,1.3391199839115142,0.7093063400822887,38,68.06040474584172,0-100%,184
6,44,CTBK,41,6,0.014462319754064,0.2243684851255113,41,67.43408193113015,0-100%,185
9,73,FHRT,34,5,0.1417356016039848,0.0,34,66.79999542236328,0-100%,186
9,32,SRSN,45,5,0.0049999998882411,0.0,45,66.666672875484,0-100%,187
8,37,SRSN,38,5,0.0025000000605359,0.0,38,66.666672875484,0-100%,188
7,67,SRSN,49,5,0.0060000000521539,0.0,49,66.666672875484,0-100%,189
6,43,SRSN,44,5,0.0049999998882411,0.0,44,66.666672875484,0-100%,190
6,44,FLXP,41,6,0.014462319754064,0.2243684851255113,41,66.23567910911154,0-100%,191
7,16,FZMD,39,6,0.6767042407989502,0.5262639916100307,39,64.85714341669667,0-100%,192
1,32,OMRNF,42,5,1.439387990951538,0.0,42,61.86046511627908,0-100%,193
9,73,FMYR,34,5,0.1417356016039848,0.0,34,61.833689779547385,0-100%,194
6,44,RNVT,41,6,0.014462319754064,0.2243684851255113,41,61.17143243052526,0-100%,195
7,16,RITT,39,6,0.6767042407989502,0.5262639916100307,39,60.79755357027334,0-100%,196
2,8,OUKPY,38,6,1.3391199839115142,0.7093063400822887,38,60.05675969203254,0-100%,197
0,7,BIESF,45,5,0.768524600834143,0.0,45,59.26524034671392,0-100%,198
2,8,BIESF,38,6,1.3391199839115142,0.7093063400822887,38,59.26524034671392,0-100%,199
3,14,SOFT,39,6,0.1236479993462562,0.4344310006454784,39,55.41899154953505,0-100%,200
7,16,NDEKF,39,6,0.6767042407989502,0.5262639916100307,39,54.86816419331966,0-100%,201
7,67,IFAM,49,5,0.0060000000521539,0.0,49,53.84616073463726,0-100%,202
9,32,HABK,45,5,0.0049999998882411,0.0,45,49.99999417924032,0-100%,203
1,52,EYUBY,25,6,0.5749719948768616,0.6802693976117926,25,47.14285714285714,0-100%,204
2,8,BKESY,38,6,1.3391199839115142,0.7093063400822887,38,45.33333577158604,0-100%,205
9,73,CRSB,34,5,0.1417356016039848,0.0,34,44.814815218486494,0-100%,206
1,52,NSVLF,25,6,0.5749719948768616,0.6802693976117926,25,41.86837995905184,0-100%,207
2,8,GEMZ,38,6,1.3391199839115142,0.7093063400822887,38,40.69231381783121,0-100%,208
6,44,FRXX,41,6,0.014462319754064,0.2243684851255113,41,40.00000745058096,0-100%,209
4,33,PSMMF,32,6,0.0064991200286894,0.4060257060086556,32,38.96169159881869,0-100%,210
9,73,RDGA,34,5,0.1417356016039848,0.0,34,38.18181818181818,0-100%,211
1,32,MXTRF,42,5,1.439387990951538,0.0,42,35.958331697051285,0-100%,212
3,14,REMYF,39,6,0.1236479993462562,0.4344310006454784,39,33.417371670177914,0-100%,213
1,17,KIKOF,34,5,0.3335587837100029,0.0,34,33.096438060453046,0-100%,214
9,32,AMSU,45,5,0.0049999998882411,0.0,45,31.99999731779115,0-100%,215
8,37,AMSU,38,5,0.0025000000605359,0.0,38,31.99999731779115,0-100%,216
0,7,OJOC,45,5,0.768524600834143,0.0,45,30.630630630630627,0-100%,217
7,67,RYOOF,49,5,0.0060000000521539,0.0,49,30.25000144355004,0-100%,218
1,32,MTLHF,42,5,1.439387990951538,0.0,42,28.32960601396524,0-100%,219
4,33,NXGT,32,6,0.0064991200286894,0.4060257060086556,32,27.37754257963117,0-100%,220
9,47,CWVWF,44,6,1.0247675507068634,0.5283099874151118,44,27.336766831846298,0-100%,221
9,73,SMIT,34,5,0.1417356016039848,0.0,34,27.16203588565448,0-100%,222
0,7,BYU,45,5,0.768524600834143,0.0,45,25.69832402234637,0-100%,223
9,47,RMTN,44,6,1.0247675507068634,0.5283099874151118,44,25.00000465661382,0-100%,224
0,7,POROF,45,5,0.768524600834143,0.0,45,25.000004656613008,0-100%,225
1,52,BPOSF,25,6,0.5749719948768616,0.6802693976117926,25,24.105262756347656,0-100%,226
0,7,CCBC,45,5,0.768524600834143,0.0,45,23.941639333825293,0-100%,227
1,32,SENEM,42,5,1.439387990951538,0.0,42,22.866897397269742,0-100%,228
1,52,RMSL,25,6,0.5749719948768616,0.6802693976117926,25,22.405826648620568,0-100%,229
6,44,RIGH,41,6,0.014462319754064,0.2243684851255113,41,21.95121951219512,0-100%,230
3,14,DXR,39,6,0.1236479993462562,0.4344310006454784,39,19.38451519171581,0-100%,231
3,14,KJFI,39,6,0.1236479993462562,0.4344310006454784,39,17.097341528363753,0-100%,232
0,60,KMFI,38,5,0.0063999998383223,0.0,38,15.918372604858025,0-100%,233
1,17,CYBA,34,5,0.3335587837100029,0.0,34,15.207370478256902,0-100%,234
7,16,PSMT,39,6,0.6767042407989502,0.5262639916100307,39,14.69830436274442,0-100%,235
1,52,NEWEN,25,6,0.5749719948768616,0.6802693976117926,25,13.833937487022036,0-100%,236
7,16,AOGC,39,6,0.6767042407989502,0.5262639916100307,39,11.111105635964224,0-100%,237
2,8,AGRUF,38,6,1.3391199839115142,0.7093063400822887,38,10.822735535894417,0-100%,238
2,8,PTTWF,38,6,1.3391199839115142,0.7093063400822887,38,10.810808416175734,0-100%,239
7,16,ITIC,39,6,0.6767042407989502,0.5262639916100307,39,7.7661020816115425,0-100%,240
3,14,LOGQ,39,6,0.1236479993462562,0.4344310006454784,39,7.733944771800131,0-100%,241
7,16,SAIC,39,6,0.6767042407989502,0.5262639916100307,39,6.964206665744873,0-100%,242
0,7,SLLN,45,5,0.768524600834143,0.0,45,6.382978723404249,0-100%,243
9,47,CNLPM,44,6,1.0247675507068634,0.5283099874151118,44,6.10079575596817,0-100%,244
9,73,FCCTO,34,5,0.1417356016039848,0.0,34,6.023103311335086,0-100%,245
1,32,AVIJF,42,5,1.439387990951538,0.0,42,3.773592756753207,0-100%,246
6,44,BHSIF,41,6,0.014462319754064,0.2243684851255113,41,3.409091823095477,0-100%,247
0,7,ELMA,45,5,0.768524600834143,0.0,45,2.808984357470204,0-100%,248
1,17,RNMBF,34,5,0.3335587837100029,0.0,34,2.225674492587996,0-100%,249
0,60,FSEI,38,5,0.0063999998383223,0.0,38,1.9999965727329367,0-100%,250
2,8,PSZKY,38,6,1.3391199839115142,0.7093063400822887,38,1.8924222352236644,0-100%,251
6,44,GSDC,41,6,0.014462319754064,0.2243684851255113,41,1.8333254995579973,0-100%,252
7,16,GFCJ,39,6,0.6767042407989502,0.5262639916100307,39,1.6949162479743058,0-100%,253
7,16,NSARO,39,6,0.6767042407989502,0.5262639916100307,39,1.1701304152309502,0-100%,254
0,7,IPDN,45,5,0.768524600834143,0.0,45,0.4395573934687576,0-100%,255
4,33,DKAM,32,6,0.0064991200286894,0.4060257060086556,32,0.0,Loss,256
4,33,CHIT,32,6,0.0064991200286894,0.4060257060086556,32,0.0,Loss,257
7,67,FGFT,49,5,0.0060000000521539,0.0,49,0.0,Loss,258
1,32,LMGR,42,5,1.439387990951538,0.0,42,0.0,Loss,259
0,60,OJSY,38,5,0.0063999998383223,0.0,38,0.0,Loss,260
9,32,AUCM,45,5,0.0049999998882411,0.0,45,0.0,Loss,261
9,32,AVEFF,45,5,0.0049999998882411,0.0,45,0.0,Loss,262
9,32,ATXMF,45,5,0.0049999998882411,0.0,45,0.0,Loss,263
1,17,HPDHF,34,5,0.3335587837100029,0.0,34,0.0,Loss,264
8,37,AUCM,38,5,0.0025000000605359,0.0,38,0.0,Loss,265
9,47,RFLFF,44,6,1.0247675507068634,0.5283099874151118,44,0.0,Loss,266
8,37,ATXMF,38,5,0.0025000000605359,0.0,38,0.0,Loss,267
7,67,SCGY,49,5,0.0060000000521539,0.0,49,0.0,Loss,268
1,32,MRGN,42,5,1.439387990951538,0.0,42,0.0,Loss,269
2,8,APPZ,38,6,1.3391199839115142,0.7093063400822887,38,0.0,Loss,270
8,37,FGFT,38,5,0.0025000000605359,0.0,38,0.0,Loss,271
7,67,AUCM,49,5,0.0060000000521539,0.0,49,0.0,Loss,272
7,67,AVEFF,49,5,0.0060000000521539,0.0,49,0.0,Loss,273
1,52,ACPS,25,6,0.5749719948768616,0.6802693976117926,25,0.0,Loss,274
1,52,ITCJ,25,6,0.5749719948768616,0.6802693976117926,25,0.0,Loss,275
6,43,AUCM,44,5,0.0049999998882411,0.0,44,0.0,Loss,276
3,14,LIFS,39,6,0.1236479993462562,0.4344310006454784,39,0.0,Loss,277
6,43,AVEFF,44,5,0.0049999998882411,0.0,44,0.0,Loss,278
6,43,SCGY,44,5,0.0049999998882411,0.0,44,0.0,Loss,279
9,32,SCGY,45,5,0.0049999998882411,0.0,45,0.0,Loss,280
6,44,FCRM,41,6,0.014462319754064,0.2243684851255113,41,0.0,Loss,281
0,7,PHCRF,45,5,0.768524600834143,0.0,45,0.0,Loss,282
0,7,HLMMF,45,5,0.768524600834143,0.0,45,0.0,Loss,283
9,32,CKGDF,45,5,0.0049999998882411,0.0,45,0.0,Loss,284
9,32,FRNRF,45,5,0.0049999998882411,0.0,45,0.0,Loss,285
9,32,FGFT,45,5,0.0049999998882411,0.0,45,0.0,Loss,286
9,32,KTHGF,45,5,0.0049999998882411,0.0,45,0.0,Loss,287
8,37,AVEFF,38,5,0.0025000000605359,0.0,38,0.0,Loss,288
3,14,DSUS,39,6,0.1236479993462562,0.4344310006454784,39,-0.7265802914547811,Loss,289
9,47,KKPNF,44,6,1.0247675507068634,0.5283099874151118,44,-0.9119495532684472,Loss,290
2,8,BSPA,38,6,1.3391199839115142,0.7093063400822887,38,-1.035591949250844,Loss,291
9,47,GWOX,44,6,1.0247675507068634,0.5283099874151118,44,-1.3157894736842104,Loss,292
2,8,AILIN,38,6,1.3391199839115142,0.7093063400822887,38,-1.8600006103515625,Loss,293
7,67,CFPI,49,5,0.0060000000521539,0.0,49,-1.999996647238748,Loss,294
6,44,EAUI,41,6,0.014462319754064,0.2243684851255113,41,-3.225801067622986,Loss,295
9,47,RDUFF,44,6,1.0247675507068634,0.5283099874151118,44,-3.684207814387018,Loss,296
0,7,GGXXF,45,5,0.768524600834143,0.0,45,-4.019373930516509,Loss,297
3,14,KREVF,39,6,0.1236479993462562,0.4344310006454784,39,-5.8823541786431095,Loss,298
2,8,MINOF,38,6,1.3391199839115142,0.7093063400822887,38,-7.035084026341908,Loss,299
1,32,FRZCF,42,5,1.439387990951538,0.0,42,-7.407406706588533,Loss,300
6,44,CJCFF,41,6,0.014462319754064,0.2243684851255113,41,-9.523809035739248,Loss,301
7,16,CALM,39,6,0.6767042407989502,0.5262639916100307,39,-10.803294817595688,Loss,302
6,44,PPERF,41,6,0.014462319754064,0.2243684851255113,41,-11.142045933463152,Loss,303
4,33,LCSHF,32,6,0.0064991200286894,0.4060257060086556,32,-11.586757504943272,Loss,304
0,7,BABB,45,5,0.768524600834143,0.0,45,-11.68224167611382,Loss,305
9,47,GNCGF,44,6,1.0247675507068634,0.5283099874151118,44,-11.740889007851486,Loss,306
6,44,PVL,41,6,0.014462319754064,0.2243684851255113,41,-12.076648980555516,Loss,307
9,73,NWPN,34,5,0.1417356016039848,0.0,34,-13.348763729274436,Loss,308
9,47,GLBKF,44,6,1.0247675507068634,0.5283099874151118,44,-13.394490069947972,Loss,309
2,8,CNOBF,38,6,1.3391199839115142,0.7093063400822887,38,-13.892619209229316,Loss,310
2,8,CTBG,38,6,1.3391199839115142,0.7093063400822887,38,-14.499994318932178,Loss,311
7,16,PSWR,39,6,0.6767042407989502,0.5262639916100307,39,-15.21739548561691,Loss,312
0,60,FLOD,38,5,0.0063999998383223,0.0,38,-15.775001186504944,Loss,313
9,47,ATTRF,44,6,1.0247675507068634,0.5283099874151118,44,-16.091952290524272,Loss,314
1,52,SNPHF,25,6,0.5749719948768616,0.6802693976117926,25,-16.82652183615005,Loss,315
6,44,PYBX,41,6,0.014462319754064,0.2243684851255113,41,-17.692311707307557,Loss,316
6,43,OECPF,44,5,0.0049999998882411,0.0,44,-19.331394296203825,Loss,317
7,16,EFVIF,39,6,0.6767042407989502,0.5262639916100307,39,-19.52226262741654,Loss,318
3,14,PNBK,39,6,0.1236479993462562,0.4344310006454784,39,-19.843673930153955,Loss,319
6,43,SSET,44,5,0.0049999998882411,0.0,44,-20.51281821666028,Loss,320
3,14,EAWD,39,6,0.1236479993462562,0.4344310006454784,39,-20.954512912111376,Loss,321
1,32,CLTFF,42,5,1.439387990951538,0.0,42,-21.05263058828844,Loss,322
1,17,FTPM,34,5,0.3335587837100029,0.0,34,-23.076926951707,Loss,323
2,8,FTPM,38,6,1.3391199839115142,0.7093063400822887,38,-23.076926951707,Loss,324
1,32,BNDSF,42,5,1.439387990951538,0.0,42,-23.284555595172584,Loss,325
0,60,NZIH,38,5,0.0063999998383223,0.0,38,-26.040281926351565,Loss,326
1,32,MOBIF,42,5,1.439387990951538,0.0,42,-26.343041009961336,Loss,327
0,7,SCCFF,45,5,0.768524600834143,0.0,45,-28.200012220247675,Loss,328
1,17,RYBIF,34,5,0.3335587837100029,0.0,34,-28.333331733879515,Loss,329
9,47,OBSJF,44,6,1.0247675507068634,0.5283099874151118,44,-28.44931528535293,Loss,330
0,7,OBSJF,45,5,0.768524600834143,0.0,45,-28.44931528535293,Loss,331
3,14,BCRD,39,6,0.1236479993462562,0.4344310006454784,39,-30.591612062916035,Loss,332
7,67,HBIE,49,5,0.0060000000521539,0.0,49,-30.818560380313937,Loss,333
6,43,HBIE,44,5,0.0049999998882411,0.0,44,-30.818560380313937,Loss,334
9,47,BTGWF,44,6,1.0247675507068634,0.5283099874151118,44,-31.57894901951928,Loss,335
9,47,HAWPY,44,6,1.0247675507068634,0.5283099874151118,44,-33.68572539696637,Loss,336
7,67,CLPE,49,5,0.0060000000521539,0.0,49,-33.99999737739563,Loss,337
6,43,CLPE,44,5,0.0049999998882411,0.0,44,-33.99999737739563,Loss,338
1,17,MCPH,34,5,0.3335587837100029,0.0,34,-34.39037780269184,Loss,339
1,32,GNGYF,42,5,1.439387990951538,0.0,42,-35.00964635833866,Loss,340
9,47,PLLMF,44,6,1.0247675507068634,0.5283099874151118,44,-35.65517003509983,Loss,341
1,52,ARSC,25,6,0.5749719948768616,0.6802693976117926,25,-36.666667713596496,Loss,342
2,8,BWTX,38,6,1.3391199839115142,0.7093063400822887,38,-37.400000012417856,Loss,343
6,44,DBGF,41,6,0.014462319754064,0.2243684851255113,41,-37.49999818101334,Loss,344
2,8,NXTFF,38,6,1.3391199839115142,0.7093063400822887,38,-37.686936871633264,Loss,345
7,16,BRER,39,6,0.6767042407989502,0.5262639916100307,39,-37.99999932944782,Loss,346
3,14,MSET,39,6,0.1236479993462562,0.4344310006454784,39,-41.17647436470313,Loss,347
2,8,APDN,38,6,1.3391199839115142,0.7093063400822887,38,-41.542792964626,Loss,348
9,47,CMPRF,44,6,1.0247675507068634,0.5283099874151118,44,-44.242423768068335,Loss,349
1,32,GGNPF,42,5,1.439387990951538,0.0,42,-46.26474514247295,Loss,350
0,60,SMCDF,38,5,0.0063999998383223,0.0,38,-46.42857083461604,Loss,351
4,33,AMMJ,32,6,0.0064991200286894,0.4060257060086556,32,-48.78194875332208,Loss,352
3,14,MDGC,39,6,0.1236479993462562,0.4344310006454784,39,-49.99999999998124,Loss,353
7,67,DADTF,49,5,0.0060000000521539,0.0,49,-50.00000000000252,Loss,354
8,37,DADTF,38,5,0.0025000000605359,0.0,38,-50.00000000000252,Loss,355
7,67,CRYM,49,5,0.0060000000521539,0.0,49,-51.37517769581799,Loss,356
6,43,CRYM,44,5,0.0049999998882411,0.0,44,-51.37517769581799,Loss,357
6,44,BLIBQ,41,6,0.014462319754064,0.2243684851255113,41,-53.596286637636254,Loss,358
1,52,KWIK,25,6,0.5749719948768616,0.6802693976117926,25,-53.77079486024176,Loss,359
0,7,FRERF,45,5,0.768524600834143,0.0,45,-55.41269977460222,Loss,360
6,44,GWRRF,41,6,0.014462319754064,0.2243684851255113,41,-55.80095644731945,Loss,361
6,44,GEVI,41,6,0.014462319754064,0.2243684851255113,41,-56.15966996209571,Loss,362
7,16,APVS,39,6,0.6767042407989502,0.5262639916100307,39,-58.67768563236224,Loss,363
1,52,ATMH,25,6,0.5749719948768616,0.6802693976117926,25,-59.99068302599413,Loss,364
7,16,ABVC,39,6,0.6767042407989502,0.5262639916100307,39,-61.20574482957541,Loss,365
9,32,EPORP,45,5,0.0049999998882411,0.0,45,-63.33333271245173,Loss,366
2,8,OTTEF,38,6,1.3391199839115142,0.7093063400822887,38,-63.70987371594408,Loss,367
8,37,IVME,38,5,0.0025000000605359,0.0,38,-64.00000261935476,Loss,368
1,52,PWLK,25,6,0.5749719948768616,0.6802693976117926,25,-64.28571484254019,Loss,369
9,73,ARVY,34,5,0.1417356016039848,0.0,34,-65.06171645351002,Loss,370
7,16,RTSO,39,6,0.6767042407989502,0.5262639916100307,39,-65.31792023272413,Loss,371
0,7,CCVL,45,5,0.768524600834143,0.0,45,-67.02631000979397,Loss,372
1,52,AAIIQ,25,6,0.5749719948768616,0.6802693976117926,25,-67.84565927953473,Loss,373
1,32,LMTI,42,5,1.439387990951538,0.0,42,-68.75000000000021,Loss,374
0,60,GBUX,38,5,0.0063999998383223,0.0,38,-69.28336757210751,Loss,375
3,14,DFHL,39,6,0.1236479993462562,0.4344310006454784,39,-69.51219512195121,Loss,376
3,14,SCTN,39,6,0.1236479993462562,0.4344310006454784,39,-69.69697029828386,Loss,377
6,43,BGADF,44,5,0.0049999998882411,0.0,44,-70.87692368637174,Loss,378
4,33,GYPHQ,32,6,0.0064991200286894,0.4060257060086556,32,-71.0743821531218,Loss,379
1,17,CEXPF,34,5,0.3335587837100029,0.0,34,-72.12971096579832,Loss,380
9,73,MCELQ,34,5,0.1417356016039848,0.0,34,-72.22222418718924,Loss,381
1,17,EMOR,34,5,0.3335587837100029,0.0,34,-72.2781337357205,Loss,382
9,73,FAGI,34,5,0.1417356016039848,0.0,34,-73.23534667260363,Loss,383
0,7,NKLXF,45,5,0.768524600834143,0.0,45,-75.59189874854013,Loss,384
6,44,CZNB,41,6,0.014462319754064,0.2243684851255113,41,-77.68853233377897,Loss,385
4,33,NWUC,32,6,0.0064991200286894,0.4060257060086556,32,-79.99999922390002,Loss,386
9,32,GTKP,45,5,0.0049999998882411,0.0,45,-80.00000145519792,Loss,387
2,8,PDNLB,38,6,1.3391199839115142,0.7093063400822887,38,-81.09090941321602,Loss,388
6,44,CMFV,41,6,0.014462319754064,0.2243684851255113,41,-82.20640469877158,Loss,389
0,60,NFSE,38,5,0.0063999998383223,0.0,38,-83.0097094785603,Loss,390
2,8,LFAP,38,6,1.3391199839115142,0.7093063400822887,38,-83.59981318095971,Loss,391
9,47,BOPFF,44,6,1.0247675507068634,0.5283099874151118,44,-84.00000048229325,Loss,392
4,33,GMNI,32,6,0.0064991200286894,0.4060257060086556,32,-86.13138722222841,Loss,393
2,8,NGUGF,38,6,1.3391199839115142,0.7093063400822887,38,-86.48648638836738,Loss,394
1,32,HHBT,42,5,1.439387990951538,0.0,42,-88.18181887145869,Loss,395
9,47,PHMB,44,6,1.0247675507068634,0.5283099874151118,44,-90.0,Loss,396
7,67,NYLE,49,5,0.0060000000521539,0.0,49,-90.00000072759697,Loss,397
6,43,NYLE,44,5,0.0049999998882411,0.0,44,-90.00000072759697,Loss,398
8,37,NYLE,38,5,0.0025000000605359,0.0,38,-90.00000072759697,Loss,399
7,16,ICRD,39,6,0.6767042407989502,0.5262639916100307,39,-90.73502124187816,Loss,400
6,44,GLHD,41,6,0.014462319754064,0.2243684851255113,41,-91.39495729863006,Loss,401
2,8,FZRO,38,6,1.3391199839115142,0.7093063400822887,38,-93.64604765366585,Loss,402
6,44,KNKT,41,6,0.014462319754064,0.2243684851255113,41,-94.27574190001089,Loss,403
9,47,ELRE,44,6,1.0247675507068634,0.5283099874151118,44,-94.84536089996864,Loss,404
3,14,SNDZ,39,6,0.1236479993462562,0.4344310006454784,39,-95.12195101175188,Loss,405
6,44,FJHL,41,6,0.014462319754064,0.2243684851255113,41,-95.88201881627138,Loss,406
2,8,LPTC,38,6,1.3391199839115142,0.7093063400822887,38,-96.1702128068532,Loss,407
6,44,AHRO,41,6,0.014462319754064,0.2243684851255113,41,-96.72651920294632,Loss,408
6,43,CTOHF,44,5,0.0049999998882411,0.0,44,-97.50000018189893,Loss,409
6,43,INOQ,44,5,0.0049999998882411,0.0,44,-97.9185185038422,Loss,410
7,67,INOQ,49,5,0.0060000000521539,0.0,49,-97.9185185038422,Loss,411
2,8,LTEC,38,6,1.3391199839115142,0.7093063400822887,38,-98.49999989522638,Loss,412
9,73,CLTH,34,5,0.1417356016039848,0.0,34,-98.51705382362644,Loss,413
1,17,IDLM,34,5,0.3335587837100029,0.0,34,-98.52289518349808,Loss,414
4,33,MCOA,32,6,0.0064991200286894,0.4060257060086556,32,-98.75501243917992,Loss,415
1,17,PEMC,34,5,0.3335587837100029,0.0,34,-98.94736846539364,Loss,416
9,32,MCRT,45,5,0.0049999998882411,0.0,45,-99.00000007275952,Loss,417
7,67,MCRT,49,5,0.0060000000521539,0.0,49,-99.00000007275952,Loss,418
8,37,MCRT,38,5,0.0025000000605359,0.0,38,-99.00000007275952,Loss,419
0,60,ERMG,38,5,0.0063999998383223,0.0,38,-99.22879171954143,Loss,420
8,37,PNRXF,38,5,0.0025000000605359,0.0,38,-99.37578032001794,Loss,421
9,32,PNRXF,45,5,0.0049999998882411,0.0,45,-99.37578032001794,Loss,422
2,8,ETII,38,6,1.3391199839115142,0.7093063400822887,38,-99.40686842501891,Loss,423
0,60,SNGY,38,5,0.0063999998383223,0.0,38,-99.54396329782382,Loss,424
4,33,EVIO,32,6,0.0064991200286894,0.4060257060086556,32,-99.77612462188794,Loss,425
7,67,SHGY,49,5,0.0060000000521539,0.0,49,-99.80000000803264,Loss,426
4,33,NMSCA,32,6,0.0064991200286894,0.4060257060086556,32,-99.96666666883328,Loss,427
7,67,KDCE,49,5,0.0060000000521539,0.0,49,-99.96978943329682,Loss,428
9,73,COWPP,34,5,0.1417356016039848,0.0,34,-99.97114879827498,Loss,429
1,52,SAHN,25,6,0.5749719948768616,0.6802693976117926,25,-99.97500000100408,Loss,430
2,8,BRBL,38,6,1.3391199839115142,0.7093063400822887,38,-99.9770164138974,Loss,431
