Block_Size,Num_Blocks,Distance_Threshold,Quality_Metric,Quality_Threshold_Percentile,Quality_Threshold_Value,Min_Quality_Change,Num_Dropout_Events,Dropout_Avg_Return,Dropout_Median_Return,Dropout_Positive_Pct,Dropout_Negative_Pct,Dropout_Std_Return,Num_Acquisition_Events,Acq_Avg_Return,Acq_Median_Return,Acq_Positive_Pct,Acq_Std_Return,Dropout_Signal_Strength,Dropout_Sharpe_Like,Total_Events,Avg_Clusters_Per_Block
150,8,25,avg_return,70,23.651114,5,21184,392.1812,0.0,48.35253021148036,49.94335347432024,9991.721,22584,300.03015,0.0,49.61477151965993,14124.063,0.03925062,5.712819492187419,43768,304.5
150,8,25,avg_return,75,32.88534,5,18837,432.7819,-0.31152174,47.916334872856616,50.2627806975633,10593.218,20242,317.771,0.0,49.39729275763264,14881.291,0.04085462,5.607213106274558,39079,304.5
150,8,25,avg_return,80,46.740562,5,15918,474.75217,0.0,48.08393014197764,49.96230682246514,11443.418,16842,355.7544,-0.84558815,47.933737085856784,16279.883,0.04148692,5.234261704159803,32760,304.5
150,8,25,median_return,70,8.293577,5,20464,348.8122,-0.4134434,48.04534792806881,50.351837372947614,9694.851,22209,262.68555,1.0919505,50.90278715835922,14008.852,0.035979122,5.146901106016916,42673,304.5
150,8,25,median_return,75,11.734983,5,18684,369.69345,-0.7928363,47.73067865553415,50.63690858488547,10139.287,20476,268.80002,0.92581844,50.79605391678063,14571.897,0.036461484,4.98389938564489,39160,304.5
150,8,25,median_return,80,15.930229,5,16630,398.80222,-0.8860216,47.570655441972335,50.76368009621166,10737.077,18249,282.9899,1.0919112,50.90689900816483,15404.491,0.03714253,4.789802522764866,34879,304.5
150,8,30,avg_return,70,27.411156,5,21078,456.2413,0.0,48.4486194136066,49.800740108169656,11848.061,22466,298.4531,0.0,49.777441467105845,14141.539,0.038507678,5.590646434641044,43544,208.0
150,8,30,avg_return,75,37.6088,5,18950,455.42285,0.0,48.27968337730871,49.87862796833773,12069.617,20256,317.54324,0.0,49.35327804107425,14881.691,0.037733,5.194286977079085,39206,208.0
150,8,30,avg_return,80,50.657307,5,15706,472.21017,0.0,48.834840188463005,49.15955685725201,11134.699,16400,366.44125,-0.8806038,47.86585365853659,16517.479,0.042408884,5.314833163078898,32106,208.0
150,8,30,median_return,70,8.408633,5,20245,343.2874,-0.44362777,48.08100765621141,50.36305260558163,9652.78,22004,262.60892,1.1937723,50.968005817124165,14068.476,0.03556358,5.0601614261811445,42249,208.0
150,8,30,median_return,75,11.639433,5,18621,360.79672,-0.73359334,47.822351108963,50.59341603565867,10057.256,20327,270.98077,0.9008982,50.77975107000541,14626.597,0.03587427,4.8953592832021195,38948,208.0
150,8,30,median_return,80,15.65271,5,16463,387.77463,-1.0973442,47.46401020470145,50.902022717609185,10683.625,18137,283.21936,0.83267784,50.74157798974473,15452.47,0.036296166,4.657096610060684,34600,208.0
150,8,35,avg_return,70,31.091923,5,20780,570.528,0.0,48.647738209817135,49.6102021174206,22892.404,22377,324.3292,0.0,49.743039728292445,14427.582,0.024922153,3.592595562753723,43157,153.25
150,8,35,avg_return,75,42.65451,5,18782,607.1081,0.0,49.04163560856139,49.15876903418167,24067.41,19947,335.63165,0.0,49.0299293126786,15216.806,0.025225319,3.4570653131920808,38729,153.25
150,8,35,avg_return,80,56.84507,5,15687,468.10272,0.0,48.95773570472365,49.09160451329126,11137.997,16133,353.24124,-2.170828,46.9162586003843,16572.252,0.042027548,5.26385600734559,31820,153.25
150,8,35,median_return,70,8.310415,5,20155,360.74875,-0.17698887,48.3006698089804,50.17117340610271,10100.686,21677,264.54626,1.2411363,51.044886285002534,14169.432,0.035715275,5.070437032410833,41832,153.25
150,8,35,median_return,75,11.730535,5,18307,366.769,-0.25303796,48.21652919648222,50.215764461681324,10150.3125,19917,276.97083,0.8798023,50.78576090776723,14774.002,0.036133766,4.889020076018378,38224,153.25
150,8,35,median_return,80,16.20795,5,16458,392.7909,-0.6011982,47.8490703609187,50.5103900838498,10697.376,17766,290.33493,0.6802621,50.574130361364396,15624.798,0.036718436,4.710561720004151,34224,153.25
150,8,40,avg_return,70,32.962902,5,20848,567.60474,0.0,48.628165771297006,49.65464313123561,22862.387,22227,317.7762,0.0,49.91226886219463,14457.652,0.02482701,3.58473152048432,43075,119.125
150,8,40,avg_return,75,44.075947,5,18652,619.4133,0.0,48.94917435127601,49.2279648295089,24164.88,19556,348.26202,0.0,49.22785845776232,15409.242,0.025632791,3.5007298974488883,38208,119.125
150,8,40,avg_return,80,58.300293,5,15614,472.02356,0.0,48.45010887664916,49.609324964775205,11186.469,15936,351.6285,-1.9157398,47.14482931726908,16661.857,0.04219594,5.272635367772375,31550,119.125
150,8,40,median_return,70,8.246317,5,20148,360.2573,-0.054909244,48.416716299384554,50.07941234862021,10102.31,21510,264.52026,1.1144671,50.94839609483961,14223.215,0.035660885,5.061836246304209,41658,119.125
150,8,40,median_return,75,11.727093,5,18285,367.2047,-0.34255537,48.121410992616894,50.308996445173634,10156.5625,19918,276.42212,0.892586,50.778190581383676,14773.677,0.036154427,4.888875310917919,38203,119.125
150,8,40,median_return,80,16.32409,5,16386,380.2112,-0.37275994,48.02270230684731,50.33565238618333,10693.104,17687,277.74957,0.7561308,50.64736812348052,15603.585,0.035556674,4.551532050499737,34073,119.125
150,10,25,avg_return,70,25.614916,5,27039,431.8728,1.3970295,51.10026258367542,47.26875993934687,11034.662,31066,332.3396,-0.87088853,48.126569239683256,14189.244,0.039137837,6.435645715516512,58105,312.0
150,10,25,avg_return,75,36.034122,5,23952,473.25842,0.88251555,50.730627922511694,47.55344021376086,11715.698,27872,359.7886,-1.5729651,47.61768082663605,14977.637,0.040395238,6.251742149566319,51824,312.0
150,10,25,avg_return,80,51.109314,5,19571,532.40594,0.0,49.93612998824792,48.12222165448878,12875.698,23032,407.90405,-4.186333,45.59742966307746,16439.377,0.041349676,5.784670340611656,42603,312.0
150,10,25,median_return,70,9.332644,5,25836,393.81372,2.3208194,51.881096144914075,46.578417711720085,10909.392,31241,279.18527,-0.47594333,48.61560129317243,13723.277,0.036098596,5.8023369518740555,57077,312.0
150,10,25,median_return,75,13.189561,5,23407,419.74573,2.0483108,51.66403212714145,46.75097193147349,11454.681,28826,290.4639,-0.80800277,48.34871296745993,14274.614,0.036644034,5.606297706805048,52233,312.0
150,10,25,median_return,80,17.840254,5,20318,401.45438,1.7847971,51.37808839452702,47.03218820750074,11103.021,25560,274.18124,-1.592062,47.828638497652584,13968.291,0.036157217,5.153893881629916,45878,312.0
150,10,30,avg_return,70,29.977491,5,26581,471.8022,1.4120052,51.0891238102404,47.225461796019715,12409.084,30950,354.88535,-0.7600388,48.20032310177706,14497.54,0.03802071,6.198775334320612,57531,215.4
150,10,30,avg_return,75,40.4162,5,23526,490.96494,0.5778978,50.41230978491882,47.815183201564224,12895.85,27571,384.0839,-1.923876,47.32871495411845,15350.751,0.038071547,5.839485269853901,51097,215.4
150,10,30,avg_return,80,57.0855,5,18984,490.24026,0.0,49.98946481247366,48.01938474504846,11911.312,22197,446.279,-5.241949,44.929494976798665,17055.709,0.04115754,5.670786161136516,41181,215.4
150,10,30,median_return,70,9.16165,5,25597,393.4175,2.6177895,52.131109114349336,46.36090166816424,10901.027,31049,297.86072,-0.31619784,48.75519340397436,14040.049,0.03608995,5.774053536384383,56646,215.4
150,10,30,median_return,75,12.988325,5,23219,410.7685,1.9999981,51.63013049657608,46.78926741031052,11413.325,28683,289.32758,-0.9097647,48.27946867482481,14301.496,0.035990257,5.484116871583836,51902,215.4
150,10,30,median_return,80,17.204292,5,20565,416.2847,2.010575,51.636275224896664,46.76878191101386,11371.287,25771,270.37433,-1.4598612,47.906561639051645,13909.858,0.036608405,5.24982914064783,46336,215.4
150,10,35,avg_return,70,34.000072,5,26509,563.1718,1.9187176,51.552302991436875,46.79920027160587,21315.707,33133,349.50687,-0.29753342,45.99342045694625,14189.4,0.026420508,4.301677317029245,59642,156.2
150,10,35,avg_return,75,45.83123,5,22802,604.9069,1.5840418,51.20164897815981,47.01780545566178,22626.262,29092,374.06818,-1.8040283,44.56207892204042,15093.225,0.026734727,4.037032226641038,51894,156.2
150,10,35,avg_return,80,62.32216,5,18705,492.14984,0.12345625,50.10425020048116,47.944399893076714,12060.087,24561,394.5738,-4.1447287,42.473840641667685,16188.535,0.04080815,5.581176399623118,43266,156.2
150,10,35,median_return,70,9.242126,5,25371,391.8176,2.8080578,52.2880454061724,46.21812305388042,10949.839,30813,297.0455,-0.2779735,48.748904683088305,14084.951,0.035782956,5.699608192689932,56184,156.2
150,10,35,median_return,75,13.327946,5,22925,418.06357,2.4530628,52.05670665212649,46.38167938931298,11494.111,28253,316.86206,-1.1961858,48.11170495168655,14707.9,0.03637198,5.507082900293201,51178,156.2
150,10,35,median_return,80,18.009718,5,20031,418.79703,2.5226905,52.12919974040238,46.30822225550396,11506.24,25057,291.4868,-2.1232157,47.39593726304027,14422.268,0.036397383,5.151354878152307,45088,156.2
150,10,40,avg_return,70,36.067875,5,26564,564.7796,1.8094416,51.434271946995935,46.946995934347235,21309.125,32972,342.37485,0.0,46.32415382748999,14210.062,0.02650412,4.319765012845189,59536,122.6
150,10,40,avg_return,75,47.86969,5,22956,606.8051,1.8180077,51.411395713538944,46.81129116570831,22567.383,28661,368.78857,-1.387873,44.85886745054255,15187.66,0.02688859,4.073954197357111,51617,122.6
150,10,40,avg_return,80,67.03388,5,18563,498.455,0.0,49.28621451274039,48.79060496686958,12125.587,24484,393.79697,-4.0813174,42.55840548929913,16212.396,0.0411077,5.600763741613876,43047,122.6
150,10,40,median_return,70,9.279953,5,25231,393.87054,3.1512895,52.570250881851685,45.94744560263168,10980.404,30526,299.9242,-0.08783656,48.92878202188298,14150.678,0.035870314,5.697737091629118,55757,122.6
150,10,40,median_return,75,13.577415,5,22929,418.01004,2.6780124,52.226438135112744,46.20785904313315,11493.232,28114,316.88217,-0.84558815,48.321121149605176,14744.295,0.036370102,5.5072790186147875,51043,122.6
150,10,40,median_return,80,17.992779,5,19945,415.44272,2.5641155,52.16846327400351,46.2672348959639,11522.806,24677,284.16214,-2.2210689,47.31936621145196,14489.339,0.036053956,5.09178361667795,44622,122.6
150,12,25,avg_return,70,28.280512,5,40151,288.1085,-10.277563,40.970336977908396,57.02722223605888,9062.262,39681,253.13528,-9.40805,42.037751064741315,12555.27,0.03179212,6.37041404894521,79832,318.75
150,12,25,avg_return,75,39.545147,5,36175,300.0465,-12.04232,39.81478921907395,58.10919143054596,9490.245,35595,273.50375,-11.172062,40.75010535187526,13254.233,0.031616308,6.013335304141669,71770,318.75
150,12,25,avg_return,80,58.051548,5,30336,315.86194,-15.222481,37.638449367088604,60.07054324894515,9747.27,29422,301.41003,-15.139935,38.17211610359595,14474.812,0.03240517,5.644084181743104,59758,318.75
150,12,25,median_return,70,10.269414,5,39255,255.84753,-9.607846,41.467329002674816,56.675582728314865,8855.59,39313,212.34015,-8.416188,42.6932566835398,12225.0625,0.028891077,5.724152909749334,78568,318.75
150,12,25,median_return,75,14.405295,5,36283,252.1929,-10.877822,40.69950114378635,57.40153791031612,8653.322,36376,222.66238,-9.058134,42.27787552232241,12706.943,0.029144054,5.551387733936701,72659,318.75
150,12,25,median_return,80,19.083881,5,32369,230.67207,-12.270115,39.54709753158887,58.56220457845469,8671.258,32237,205.53996,-10.815974,41.07081924496696,12435.155,0.026601916,4.7860536434741165,64606,318.75
150,12,30,avg_return,70,32.54477,5,39877,312.53915,-10.51311,40.77036888431928,57.225969857311235,10138.625,39567,271.28186,-9.399627,41.987009376500616,12823.02,0.030826582,6.15582985621099,79444,218.83333333333334
150,12,30,avg_return,75,43.60342,5,35973,316.73416,-11.807457,39.84099185500236,58.03241319878798,10434.433,35378,291.5085,-10.883985,40.9548306857369,13551.912,0.030354708,5.7572408010668426,71351,218.83333333333334
150,12,30,avg_return,80,62.302643,5,29920,301.69098,-14.623879,37.95788770053476,59.68582887700534,9484.251,29121,321.42004,-14.871179,38.56667010061467,14819.694,0.03180968,5.502247186708581,59041,218.83333333333334
150,12,30,median_return,70,10.247797,5,39313,252.31987,-9.733183,41.398519573677916,56.7522193676392,8801.26,39138,227.33215,-8.5249195,42.605651796208285,12501.076,0.028668609,5.684270115792022,78451,218.83333333333334
150,12,30,median_return,75,13.998901,5,36458,259.0537,-10.786319,40.594656865434196,57.515497284546605,9115.81,36405,221.05135,-9.090919,42.18925971707183,12695.003,0.02841807,5.426140008342443,72863,218.83333333333334
150,12,30,median_return,80,18.746904,5,32596,243.66882,-12.003916,39.624493802920604,58.49183948950791,8958.115,32448,203.78242,-10.758432,41.065705128205124,12394.378,0.027200904,4.910949725343421,65044,218.83333333333334
150,12,35,avg_return,70,37.02375,5,41700,353.81207,-9.665972,39.875299760191844,56.486810551558754,17000.441,41754,270.79968,-8.799116,40.54461847966662,12640.472,0.020811934,4.249917190867587,83454,159.58333333333334
150,12,35,avg_return,75,49.840897,5,36995,369.94357,-10.973608,38.90255439924314,57.09960805514259,17770.541,36292,290.5299,-11.59317,38.573239281384325,13510.238,0.0208178,4.004113110189553,73287,159.58333333333334
150,12,35,avg_return,80,69.52425,5,30944,290.91525,-14.264454,36.39477766287487,59.04214064115823,9371.512,30717,307.8609,-13.998516,36.88185695217632,14476.723,0.03104251,5.4606590976406935,61661,159.58333333333334
150,12,35,median_return,70,10.382904,5,38940,253.69928,-9.413748,41.60246533127889,56.59219311761685,8845.976,38640,230.67836,-8.321287,42.637163561076605,12578.047,0.028679626,5.659413912700761,77580,159.58333333333334
150,12,35,median_return,75,14.135693,5,36053,263.58716,-10.384354,40.84264832330181,57.31839236679333,9173.267,35760,243.20842,-8.963989,42.15324384787472,13073.849,0.028734274,5.45595696608447,71813,159.58333333333334
150,12,35,median_return,80,19.418577,5,32172,249.01204,-12.094305,39.6556011438518,58.5136143230138,9032.465,31473,222.3622,-11.244097,40.6062339147841,12868.089,0.027568558,4.944849569324768,63645,159.58333333333334
150,12,40,avg_return,70,39.82572,5,41314,361.19196,-9.296858,39.99128624679285,56.348937406206126,17092.969,41192,268.65045,-8.322948,40.9035735094193,12714.501,0.021131026,4.295059646044921,82506,125.16666666666667
150,12,40,avg_return,75,53.855785,5,36442,353.172,-11.992445,38.17298721255694,57.77125294989298,17288.148,35343,290.50583,-12.270115,38.28197945845005,13677.572,0.02042856,3.8997688926660565,71785,125.16666666666667
150,12,40,avg_return,80,77.04965,5,30632,288.9298,-14.573244,36.073387307390966,59.31378950117524,9360.643,30300,243.93744,-13.751337,37.085808580858085,10646.734,0.03086645,5.402245991013081,60932,125.16666666666667
150,12,40,median_return,70,10.601254,5,38714,255.13425,-9.442894,41.638683680322366,56.55318489435346,8872.251,38155,233.66777,-8.439713,42.592058707901984,12658.061,0.028756429,5.658078511438567,76869,125.16666666666667
150,12,40,median_return,75,14.64125,5,35733,266.0598,-10.167505,40.97892704222987,57.15445106764056,9214.485,35227,246.05612,-9.096092,42.0075510262015,13172.704,0.028874082,5.458118151330781,70960,125.16666666666667
150,12,40,median_return,80,19.701319,5,31847,247.9708,-12.1481495,39.60184632775457,58.536125851728585,9071.061,31026,216.681,-11.271947,40.491845548894474,12921.734,0.027336473,4.87839249296896,62873,125.16666666666667
175,8,25,avg_return,70,22.605162,5,22226,447.1384,1.6196332,51.13380725276703,47.12048951678215,11528.387,21316,557.76337,-1.5388532,47.36348282979922,31796.904,0.03878586,5.78234606322964,43542,361.5
175,8,25,avg_return,75,34.801155,5,19802,466.42197,0.47562054,50.35349964650035,47.823452176547825,12108.195,18929,578.42804,-2.416136,46.70082941518305,33560.73,0.038521178,5.4206839719139435,38731,361.5
175,8,25,avg_return,80,48.506676,5,16090,517.2276,0.0,48.638906152889994,49.29148539465507,12561.846,16027,631.21,-2.944833,46.09097148561802,36233.297,0.04117449,5.222834336919056,32117,361.5
175,8,25,median_return,70,8.097869,5,21742,404.225,2.901999,52.088124367583475,46.28369055284702,10402.019,21005,546.8578,-1.6205288,47.502975482028084,32496.795,0.038860247,5.730008909541089,42747,361.5
175,8,25,median_return,75,11.9464,5,19789,425.7167,2.497445,51.77623932487746,46.58648744251857,10852.356,19108,570.8986,-1.8144666,47.362361314632615,34035.453,0.039228044,5.518341625833223,38897,361.5
175,8,25,median_return,80,16.98544,5,17134,390.40567,0.7844199,50.62448931948174,47.68880588303957,9849.833,16930,628.1301,-2.0779016,47.12344949793266,36151.99,0.039635766,5.188199175235694,34064,361.5
175,8,30,avg_return,70,26.5714,5,22094,487.338,1.0474682,50.75586131981533,47.40200959536526,12484.117,21157,530.178,-1.5459323,47.23259441319658,31749.412,0.039036643,5.802426329250246,43251,247.0
175,8,30,avg_return,75,39.391846,5,19289,498.8307,0.0,49.313079993778835,48.72206957333195,12585.852,18546,576.19763,-2.7238202,46.27412919227866,33862.35,0.039634243,5.504595623318855,37835,247.0
175,8,30,avg_return,80,56.057472,5,15733,566.3487,0.0,48.960783067437866,48.90357846564546,13562.819,15602,622.50793,-3.084173,45.89796179976926,36652.613,0.041757446,5.23768887488111,31335,247.0
175,8,30,median_return,70,8.319218,5,21719,414.4515,2.691554,51.917675767760954,46.40637230075049,10443.826,21126,490.84866,-1.399993,47.65691564896336,31655.621,0.039683875,5.848358441086084,42845,247.0
175,8,30,median_return,75,12.452047,5,19848,427.70682,2.4503362,51.738210399032646,46.5689238210399,10836.74,19177,524.3893,-1.666668,47.4631068467435,33218.59,0.039468218,5.56039814800669,39025,247.0
175,8,30,median_return,80,16.661114,5,17035,429.96655,0.98931193,50.771940123275606,47.472850014675664,11149.466,16921,575.58356,-2.0365472,47.148513681224514,35357.203,0.03856387,5.033286805058407,33956,247.0
175,8,35,avg_return,70,29.697432,5,21795,475.38766,0.815716,50.62629043358569,47.57513191098876,12543.581,20835,520.5614,-1.5501723,47.20902327813775,31933.547,0.03789888,5.595060753924976,42630,178.375
175,8,35,avg_return,75,44.53473,5,18854,477.84088,0.0,49.734804285562745,48.37169831335525,12595.053,18414,557.6894,-1.8683571,46.93711306614532,33903.965,0.037938777,5.209368531715747,37268,178.375
175,8,35,avg_return,80,61.322468,5,15445,534.949,0.0,49.04499838135319,48.889608287471674,13521.477,15449,574.67365,-2.4232128,46.42371674542042,36648.55,0.03956291,4.916796040010281,30894,178.375
175,8,35,median_return,70,8.924701,5,21382,408.8757,2.6193905,51.87540922271069,46.4596389486484,10487.207,20443,499.14026,-1.5900532,47.419654649513284,32176.8,0.038988046,5.701060322644984,41825,178.375
175,8,35,median_return,75,12.941718,5,19270,436.351,2.587336,51.8266735858848,46.48157758173326,11007.907,18721,530.4392,-1.64593,47.39063084236953,33618.027,0.03963978,5.5026523516187344,37991,178.375
175,8,35,median_return,80,18.163126,5,16605,438.12692,0.79365087,50.617283950617285,47.6784101174345,11329.149,16273,569.3831,-2.4539914,46.838321145455666,35993.953,0.038672533,4.983357653363132,32878,178.375
175,8,40,avg_return,70,31.313627,5,21648,551.03174,0.97944754,50.71138211382114,47.50092387287509,19280.354,20796,525.304,-1.177755,47.648586266589724,32019.78,0.02857996,4.205043578019664,42444,138.125
175,8,40,avg_return,75,46.790356,5,18848,575.05066,0.0,49.81960950764007,48.36056876061121,20167.568,18391,547.8881,-1.6242127,47.22418574302648,33825.85,0.028513635,3.914580388906825,37239,138.125
175,8,40,avg_return,80,74.37764,5,14809,686.47217,0.0,48.95671551083801,48.92970490917685,22636.658,14818,640.5685,-3.1073189,45.90363071939533,37651.24,0.030325685,3.6904003412264044,29627,138.125
175,8,40,median_return,70,8.899927,5,21208,507.39932,2.5398147,51.810637495284794,46.55318747642399,18218.021,20344,518.643,-1.3540177,47.704482894219424,32368.896,0.027851505,4.056005437013476,41552,138.125
175,8,40,median_return,75,12.344496,5,19248,427.2452,2.6282413,51.875519534497094,46.50353283458021,10705.011,18626,528.2946,-1.5381894,47.57328465585741,33697.637,0.039910767,5.537106561140059,37874,138.125
175,8,40,median_return,80,16.85106,5,16700,429.76642,0.78228116,50.59880239520959,47.73053892215569,11292.321,16291,533.0548,-1.7437438,47.38199005585906,35737.17,0.03805829,4.918214754391713,32991,138.125
175,10,25,avg_return,70,29.202385,5,29782,333.37173,-11.171562,40.50097374252905,57.42394735074877,10050.341,30854,361.72406,-11.631807,40.121216049782845,26294.459,0.033170193,5.724333578271308,60636,372.8
175,10,25,avg_return,75,42.200462,5,26294,341.45038,-13.561252,38.79211987525672,59.005856849471364,10015.03,27395,391.60416,-13.33335,39.175031940135064,27898.121,0.034093793,5.528453428289046,53689,372.8
175,10,25,avg_return,80,60.76877,5,21563,370.81192,-16.70397,36.57190557900107,61.03046885869313,10577.044,22896,409.3488,-15.808872,37.56114605171209,30222.422,0.03505818,5.1480644986888136,44459,372.8
175,10,25,median_return,70,10.627134,5,30328,300.18576,-10.646958,40.99841730414139,57.145212345027694,8980.087,30827,360.8193,-9.943509,41.33713952055017,26816.725,0.033427935,5.821453542181517,61155,372.8
175,10,25,median_return,75,15.360933,5,27660,268.29602,-11.994899,39.85177151120752,58.228488792480114,8013.12,28243,379.04,-10.468147,40.92695535176858,27993.875,0.03348209,5.568505367964891,55903,372.8
175,10,25,median_return,80,21.130203,5,24267,250.99164,-13.602932,38.43079078584085,59.587093583879344,7397.4595,24955,421.8409,-11.743223,40.0,29779.63,0.033929437,5.285483282329751,49222,372.8
175,10,30,avg_return,70,33.80726,5,29858,370.02573,-11.371027,40.37443901132025,57.50887534329158,10873.504,30715,361.809,-11.764702,40.0,26353.5,0.034030035,5.880208890649882,60573,256.5
175,10,30,avg_return,75,48.09551,5,25832,385.35974,-13.602521,38.61489625270982,59.09337256116445,11039.278,27045,365.34863,-13.453833,38.968386023294514,27847.049,0.034908056,5.6105402613990725,52877,256.5
175,10,30,avg_return,80,70.2461,5,21180,385.6248,-16.666664,36.657223796033996,60.873465533522186,10781.073,22362,391.77722,-16.158676,37.45639924872551,30481.533,0.035768684,5.205541819302519,43542,256.5
175,10,30,median_return,70,11.111648,5,30429,303.90976,-10.732063,40.87876696572349,57.21515659403858,8983.445,31059,327.23804,-9.707449,41.52741556392672,26107.908,0.03382998,5.901271232117437,61488,256.5
175,10,30,median_return,75,15.11831,5,27634,291.29745,-12.084276,39.72280523992184,58.301367880147644,8986.319,28332,346.47525,-10.394266,40.992517294931524,27328.096,0.03241566,5.388609612381884,55966,256.5
175,10,30,median_return,80,21.395834,5,24374,265.96506,-13.964406,38.29080167391483,59.66603758102897,8303.1045,24887,377.75195,-12.162152,39.783822879414956,29136.932,0.032032,5.000892086898352,49261,256.5
175,10,35,avg_return,70,39.211655,5,29072,333.96353,-12.493351,39.62575674188222,58.293203082003295,10324.877,30277,344.02194,-12.1022415,39.82891303629818,26449.557,0.032345522,5.515077527848206,59349,185.1
175,10,35,avg_return,75,55.6838,5,24904,359.9541,-13.954964,38.34725345326052,59.38403469322198,10842.279,26394,364.8793,-13.043575,39.251345002652116,28139.262,0.033199117,5.239152998924518,51298,185.1
175,10,35,avg_return,80,83.53843,5,20703,339.41452,-16.261301,37.03811041877989,60.48881804569386,10360.095,22021,390.49216,-15.384616,38.03641978111803,30696.99,0.03276172,4.713932105498766,42724,185.1
175,10,35,median_return,70,11.338123,5,29822,303.30945,-10.802849,40.79538595667628,57.263094359868546,9054.305,30425,334.6602,-9.789581,41.35086277732128,26382.355,0.03349892,5.784944478076309,60247,185.1
175,10,35,median_return,75,15.95912,5,26851,294.30054,-12.774979,39.1493799113627,58.86559159807828,9121.366,27494,343.79544,-10.768673,40.63432021531971,27700.822,0.032264963,5.287025449350758,54345,185.1
175,10,35,median_return,80,22.32858,5,23680,238.47177,-14.473589,37.82516891891892,60.160472972972975,7163.7793,24235,379.45056,-12.06349,39.91334846296679,29501.643,0.033288542,5.122543149676452,47915,185.1
175,10,40,avg_return,70,43.751427,5,29092,393.29562,-11.900603,39.93537742334662,57.98845043310876,16334.631,30400,336.287,-11.789995,40.06578947368421,26318.664,0.024077412,4.106734144038876,59492,143.2
175,10,40,avg_return,75,61.22903,5,24248,456.60056,-14.241217,38.19696469811944,59.47294622236885,17879.7,25997,371.499,-14.091319,38.71600569296457,28435.799,0.025537373,3.9766208935147382,50245,143.2
175,10,40,avg_return,80,95.06744,5,20740,369.8049,-15.764496,37.28061716489874,60.23625843780135,11385.894,22075,396.68182,-16.131851,37.594563986409966,30706.564,0.032479215,4.677458097981531,42815,143.2
175,10,40,median_return,70,11.20136,5,29766,292.78143,-11.088411,40.64368742860982,57.4716119062017,8790.408,30356,332.7934,-9.582394,41.55685861114771,26407.67,0.033306923,5.746385382225367,60122,143.2
175,10,40,median_return,75,15.073071,5,27021,285.81555,-12.419896,39.53591650938159,58.54705599348655,9073.901,27556,328.59268,-10.200838,41.072724633473655,27513.287,0.03149864,5.177767227396368,54577,143.2
175,10,40,median_return,80,21.626982,5,23858,265.2971,-14.135804,38.10042752954983,59.929583368262215,8411.218,24155,355.65045,-12.080002,39.91720140757607,29357.246,0.031540867,4.871813375414633,48013,143.2
200,8,25,avg_return,70,29.169115,5,18800,923.1608,0.0,48.92553191489362,49.12765957446808,64559.836,26507,299.78955,-10.903289,40.49119100614932,12954.197,0.014299306,1.9606220711845408,45307,420.5
200,8,25,avg_return,75,42.72873,5,16376,442.93213,0.0,48.45505617977528,49.48705422569614,10370.049,23399,277.53305,-12.64593,39.33928800376085,12487.191,0.042712636,5.465882512513843,39775,420.5
200,8,25,avg_return,80,58.620056,5,12915,488.66623,-0.9826811,47.10801393728223,50.62330623306232,11081.594,19735,310.0416,-15.26232,38.05421839371675,13570.036,0.044097107,5.011379622771373,32650,420.5
200,8,25,median_return,70,12.091649,5,18879,866.1922,0.0,49.30875576036866,48.91678584670798,64380.645,26825,318.3681,-9.859164,41.304753028890964,14628.698,0.013454233,1.8486234052847625,45704,420.5
200,8,25,median_return,75,16.884018,5,16886,362.45377,0.0,48.916261992182875,49.277507994788586,9600.223,24567,331.99283,-10.84696,40.60731876093947,15261.144,0.037754726,4.9060809684655,41453,420.5
200,8,25,median_return,80,23.129524,5,14059,349.86124,0.0,48.48851269649335,49.61234796215947,9137.478,21917,311.93594,-11.957357,39.91422183693024,14151.68,0.0382886,4.539904432437262,35976,420.5
200,8,30,avg_return,70,32.366478,5,19060,884.0449,0.0,48.96642182581322,49.102833158447005,64087.64,26486,297.78192,-10.611612,40.68186966699388,12953.489,0.013794312,1.9044145933794479,45546,284.5
200,8,30,avg_return,75,47.995228,5,16279,926.46967,0.0,48.4059217396646,49.5362122980527,69027.56,23005,308.6501,-12.600353,39.430558574223,13789.074,0.013421735,1.7124681969937254,39284,284.5
200,8,30,avg_return,80,66.44976,5,12995,1098.727,-0.5769163,47.44901885340516,50.3347441323586,77179.65,19565,305.4296,-15.129335,38.113979044211604,13618.825,0.014235969,1.6228379923153498,32560,284.5
200,8,30,median_return,70,11.897777,5,18708,865.128,0.0,49.10733376095788,49.096643147316655,64672.24,26915,319.48904,-10.056218,41.174066505665984,14605.56,0.013377115,1.829684232306198,45623,284.5
200,8,30,median_return,75,16.485655,5,16849,891.56213,0.0,48.910914594337946,49.314499376817615,67989.914,24712,331.23764,-10.584154,40.71706053739074,15217.243,0.013113153,1.7021357727947988,41561,284.5
200,8,30,median_return,80,22.666662,5,14032,973.4099,-0.31249475,47.97605473204105,50.24230330672748,74261.37,21903,306.12665,-12.345924,39.63840569784961,14141.344,0.013107891,1.5527181005946575,35935,284.5
200,8,35,avg_return,70,36.730904,5,18654,841.70935,0.0,48.85815374718559,49.21732604267181,64587.87,25780,288.29462,-11.239922,40.29480217222653,13045.778,0.013032003,1.779906412425822,44434,210.375
200,8,35,avg_return,75,53.256096,5,15786,934.7519,0.0,48.257950082351456,49.708602559229696,70040.47,22580,316.48962,-13.220337,39.162976085031,13931.3955,0.013345883,1.676808125547779,38366,210.375
200,8,35,avg_return,80,80.506134,5,12588,437.66428,-1.7062593,46.639656816015254,51.128058468382584,9783.985,19145,316.49817,-16.078428,37.58161399843301,13785.689,0.04473272,5.018843694353557,31733,210.375
200,8,35,median_return,70,12.061211,5,18493,842.9454,0.0,49.04017736440815,49.240253068728705,64989.25,26637,319.61288,-10.323956,40.916769906521004,14688.925,0.012970535,1.7638497083327047,45130,210.375
200,8,35,median_return,75,16.498688,5,16578,866.35913,0.0,48.58245868017855,49.64410664736398,68479.69,24516,324.8978,-10.9896555,40.414423233806495,15269.507,0.01265133,1.628929344311666,41094,210.375
200,8,35,median_return,80,23.156845,5,13732,979.2346,-0.56831396,47.79347509466938,50.495193708127005,75064.53,21862,296.85425,-12.286476,39.47946208032202,14128.06,0.013045237,1.5286880979254165,35594,210.375
200,8,40,avg_return,70,40.772,5,18859,810.1816,0.0,49.14894745214487,48.973964685296146,64095.78,25617,289.51178,-11.262935,40.37553187336535,13090.93,0.01264017,1.7358501808528994,44476,158.125
200,8,40,avg_return,75,57.25628,5,15858,386.73724,-0.5351108,47.616345062429055,50.37835792659856,8891.09,22749,315.80988,-12.672177,39.55778275968174,13884.03,0.04349717,5.477535755918178,38607,158.125
200,8,40,avg_return,80,86.20164,5,12128,455.3379,-2.1272745,46.28957783641161,51.55013192612137,10010.335,18841,325.34946,-15.769225,37.59885356403588,13903.586,0.045486778,5.009331463318292,30969,158.125
200,8,40,median_return,70,11.713714,5,18663,856.97894,0.0,49.365053849863365,48.931040025719334,64747.727,26712,281.43704,-10.022014,41.04522312069482,12876.613,0.013235661,1.8081579693353134,45375,158.125
200,8,40,median_return,75,16.303787,5,16639,864.82025,0.0,48.72287998076808,49.528216839954325,68354.65,24731,271.9569,-10.835503,40.4836035744612,13292.434,0.012651959,1.6320046868536155,41370,158.125
200,8,40,median_return,80,22.986593,5,13656,977.0946,-0.34002557,48.10339777387229,50.285588752196844,75268.016,21799,299.06378,-12.227894,39.492637276939305,14155.223,0.012981538,1.5170080800074017,35455,158.125
200,10,25,avg_return,70,24.537146,5,33068,639.26697,-9.081236,41.27555340510463,56.28099673400266,50706.19,31597,303.61737,-12.057898,39.522739500585494,13593.414,0.012607276,2.292583910562751,64665,435.1
200,10,25,avg_return,75,37.60164,5,29669,287.24918,-10.294127,40.24739627220331,57.16741379891469,8588.013,28318,283.6039,-13.699623,38.30779009817078,12590.566,0.03344769,5.761261495949114,57987,435.1
200,10,25,avg_return,80,54.052277,5,24972,295.36914,-13.309633,38.567195258689736,58.61765176998238,8909.968,24228,258.27402,-15.50742,37.250288921908535,12255.427,0.033150416,5.238604890884085,49200,435.1
200,10,25,median_return,70,10.216733,5,33323,530.62524,-8.580093,41.607898448519045,56.09939081115146,48622.1,30909,292.93954,-10.945881,40.34747161021062,13705.881,0.010913252,1.9921692222653697,64232,435.1
200,10,25,median_return,75,14.507727,5,30693,555.5397,-9.5897,40.83993092887629,56.79145081940508,50618.918,28508,303.8025,-11.5228405,39.939666058650204,14253.216,0.010974942,1.9227459027448985,59201,435.1
200,10,25,median_return,80,20.206676,5,27331,241.16545,-10.840404,39.7680289780835,57.80249533496762,8407.436,25586,281.12616,-12.289644,39.50597983272102,13178.8,0.028684782,4.742193956119197,52917,435.1
200,10,30,avg_return,70,28.550905,5,32907,570.4223,-8.75421,41.32251496642052,56.21600267420306,48957.52,31353,302.92148,-11.996243,39.44120179887092,13641.671,0.011651373,2.1135923776958316,64260,294.8
200,10,30,avg_return,75,42.698753,5,29300,580.96985,-10.101294,40.39931740614334,57.02047781569966,51740.477,27843,271.56494,-13.613619,38.271737959271626,12620.371,0.011228537,1.922015969660598,57143,294.8
200,10,30,avg_return,80,60.180195,5,24255,650.8242,-13.583332,38.42918985776129,58.76314162028448,56688.37,23734,305.91232,-15.73528,37.17030420493806,13660.281,0.011480736,1.7880116960566494,47989,294.8
200,10,30,median_return,70,10.120948,5,33409,535.0521,-8.750285,41.45888832350565,56.24532311652549,48593.82,30949,295.9754,-10.849025,40.434262819477205,13702.34,0.011010703,2.0125504439881747,64358,294.8
200,10,30,median_return,75,14.494415,5,30593,562.793,-9.625944,40.7250024515412,56.92478671591541,50736.836,28425,307.36798,-11.514488,39.926121372031666,14275.464,0.0110923955,1.9401547893588786,59018,294.8
200,10,30,median_return,80,20.655273,5,27204,574.7911,-11.117546,39.575062490810176,58.050286722540804,53635.137,25551,281.51025,-12.639472,39.23916872138077,13188.047,0.010716689,1.7675715525058822,52755,294.8
200,10,35,avg_return,70,32.421753,5,32765,651.87115,-8.652013,41.38867694185869,56.18190141919731,50986.98,31269,257.4593,-12.0,39.42882727301801,11945.29,0.012785051,2.314235501227988,64034,216.5
200,10,35,avg_return,75,48.256683,5,28920,555.4084,-10.00853,40.43568464730291,57.01936376210235,51917.773,27487,273.92688,-13.766296,38.250809473569326,12708.314,0.010697847,1.8192632057739377,56407,216.5
200,10,35,avg_return,80,72.222694,5,23776,654.52374,-13.710463,38.15191790040377,59.00908479138627,57248.66,23446,274.80377,-16.358414,36.82504478375843,12554.023,0.011432997,1.7629073307642806,47222,216.5
200,10,35,median_return,70,9.928763,5,33073,522.5248,-8.752957,41.514226105886976,56.25132283131256,48797.203,30513,298.37842,-10.889829,40.415560580736084,13806.855,0.010708089,1.9473713084456339,63586,216.5
200,10,35,median_return,75,14.58069,5,30329,543.4251,-9.97096,40.41346565992944,57.26532361765967,50909.832,28163,302.0844,-11.723893,39.679721620565985,14333.523,0.010674266,1.858947276790265,58492,216.5
200,10,35,median_return,80,21.228828,5,26808,568.7367,-11.425604,39.34273351238436,58.2624589674724,54017.273,25222,271.3996,-12.817751,38.98580604234398,13233.683,0.010528793,1.7238948784566022,52030,216.5
200,10,40,avg_return,70,36.11368,5,32595,528.3516,-8.39628,41.5861328424605,56.020862095413406,49027.82,30980,253.85097,-11.988343,39.57391865719819,11982.753,0.010776567,1.9456106597301348,63575,166.5
200,10,40,avg_return,75,51.752754,5,28845,560.23956,-10.33301,40.17334026694401,57.29242503033455,51991.652,27626,275.55954,-13.789746,38.47100557445884,12685.475,0.010775568,1.8301026171271122,56471,166.5
200,10,40,avg_return,80,80.68875,5,23547,302.6737,-14.101514,37.762772327685056,59.40459506518877,8640.058,22793,274.1486,-16.566298,36.70425130522529,12644.687,0.035031445,5.37558641426792,46340,166.5
200,10,40,median_return,70,9.027084,5,33211,521.4697,-8.333325,41.78133750865677,55.98446297913342,48696.3,30511,257.7528,-10.787335,40.45753990364131,12121.247,0.0107086105,1.9515249131379828,63722,166.5
200,10,40,median_return,75,13.971681,5,30748,537.9769,-9.480561,40.81891505138546,56.87849616235202,50562.37,28229,256.9401,-11.581735,39.74636012611145,12540.051,0.010639868,1.8657122620616444,58977,166.5
200,10,40,median_return,80,20.768255,5,27208,561.8734,-11.3145485,39.35239635401352,58.28065274919142,53624.637,25317,271.68207,-12.511285,39.05281036457716,13214.905,0.010477897,1.7283131139348045,52525,166.5
