size,final_value,pnl,return_pct,security,model_proba,days_held
50000,259431.38122558597,209431.38122558597,418.8627624511719,COPR,0.8162146131846486,500
50000,50000.0,0.0,0.0,SGTN,0.815235881080047,500
50000,16666.664123535156,-33333.335876464844,-66.66667175292969,PVNO,0.8045607998054745,500
50000,9807.693481445312,-40192.30651855469,-80.38461303710938,ACNE,0.7938407728135906,500
50000,50000.0,0.0,0.0,MRIB,0.79324593638469,500
50000,50000.0,0.0,0.0,AOGC,0.7872330712177897,500
50000,164.47448730468884,-49835.52551269531,-99.67105102539062,CALIQ,0.7862693703311595,500
50000,50000.0,0.0,0.0,HTSF,0.7845639875863021,500
50000,12900001.953124998,12850001.953124998,25700.00390625,OPUS,0.7821699232709695,500
50000,2500000.244140625,2450000.244140625,4900.00048828125,IVFZF,0.781346768239394,500
50000,4545.452117919924,-45454.54788208008,-90.90909576416016,CGAM,0.7802234926274427,500
50000,325.946807861327,-49674.05319213867,-99.34810638427734,APPB,0.7795979860004758,500
50000,10869.564056396486,-39130.435943603516,-78.26087188720703,ARYX,0.7770741147203613,500
50000,499.9961853027424,-49500.00381469726,-99.00000762939452,PRXIQ,0.7751568285163158,500
50000,321.025848388673,-49678.97415161133,-99.35794830322266,ISHI,0.7748269456360103,500
50000,2500.0000000000023,-47500.0,-95.0,STUO,0.7725657685057883,500
50000,50000.0,0.0,0.0,SEVT,0.7706595973337258,500
50000,490.1962280273342,-49509.80377197266,-99.01960754394533,IMGX,0.7684196251141671,500
50000,125000.01525878908,75000.01525878908,150.00003051757812,BRSI,0.7683718731902,500
50000,50000.0,0.0,0.0,QSPW,0.7674245285571191,500
50000,4672.8973388671875,-45327.10266113281,-90.65420532226562,AIDA,0.7668801754771505,500
50000,6250.0,-43750.0,-87.5,CYGT,0.765311793347285,500
50000,416.6679382324234,-49583.33206176758,-99.16666412353516,URPLF,0.7646274415209912,500
50000,50000.0,0.0,0.0,FRCN,0.7645667766721859,500
50000,70049.15618896484,20049.156188964844,40.09831237792969,HCKG,0.7639487696517405,500
50000,537.6358032226635,-49462.36419677734,-98.92472839355467,LZENF,0.7614204001535247,500
50000,1428.5697937011732,-48571.43020629883,-97.14286041259766,CVAS,0.7607759715478347,500
50000,185517.22717285156,135517.22717285156,271.0344543457031,UMEWF,0.7586283409920677,500
50000,50000.0,0.0,0.0,BSYI,0.7580963311879471,500
50000,50000.0,0.0,0.0,SESI,0.7580824759539873,500
50000,50000.0,0.0,0.0,WMGR,0.755485789584748,500
50000,16.666412353522063,-49983.33358764648,-99.96666717529295,TURA,0.7545187777740714,500
50000,34803.91788482666,-15196.08211517334,-30.39216423034668,MCIC,0.7540676535498865,500
50000,50000.0,0.0,0.0,CNDL,0.7540063084050749,500
50000,166.6679382324232,-49833.33206176758,-99.66666412353516,MRVT,0.7531176886768698,500
50000,54945.05691528321,4945.05691528321,9.890113830566406,AHFD,0.7530620657474414,500
50000,624.9999999999977,-49375.0,-98.75,LKOLF,0.7520194140701895,500
50000,16153.850555419924,-33846.14944458008,-67.69229888916016,ETNI,0.7515663227074137,500
50000,16666.664123535156,-33333.335876464844,-66.66667175292969,KNBA,0.7515188837267907,500
50000,50000.0,0.0,0.0,SRLTF,0.7513770292508279,500
50000,420649.9938964844,370649.9938964844,741.2999877929688,QZMRF,0.7509715769683015,500
50000,50000.0,0.0,0.0,SSGOF,0.750346733025565,500
50000,50000.0,0.0,0.0,SNRS,0.7493936411967943,500
50000,3449999.5117187505,3399999.5117187505,6799.9990234375,TEXG,0.747029340013145,500
50000,755263.1225585938,705263.1225585938,1410.5262451171875,NHYF,0.7467918560051608,500
50000,2564.1021728515625,-47435.89782714844,-94.87179565429688,PSWR,0.7458353615919634,500
50000,142.8604125976618,-49857.13958740234,-99.71427917480467,OUTB,0.7453658147057729,500
50000,21621.62399291992,-28378.37600708008,-56.75675201416016,RASP,0.7450608915361325,500
50000,1666.6679382324246,-48333.33206176758,-96.66666412353516,UBIA,0.7448305500930072,500
50000,50000.0,0.0,0.0,AOLS,0.7446123096158276,500
50000,2875.003814697258,-47124.99618530274,-94.24999237060548,LEON,0.7440085096967998,500
50000,50000.0,0.0,0.0,LTHUQ,0.7423685700697743,500
50000,1219.5129394531157,-48780.48706054688,-97.56097412109376,TLDN,0.7421909793320127,500
50000,50000.0,0.0,0.0,HLCN,0.7407044853624832,500
50000,9797.756195068358,-40202.24380493164,-80.40448760986328,NNRI,0.7404573898250314,500
50000,577142.8833007812,527142.8833007812,1054.2857666015625,RTGC,0.7396668711323989,500
50000,100.00228881835716,-49899.99771118164,-99.79999542236328,PPMT,0.7391455266495571,500
50000,395.2560424804685,-49604.74395751953,-99.20948791503906,AFYG,0.7390090307280825,500
50000,17068.431854248047,-32931.56814575195,-65.8631362915039,ZZZOF,0.7388729658052847,500
50000,3333.3282470703107,-46666.67175292969,-93.33334350585938,CHAG,0.7385152375951721,500
50000,50000.0,0.0,0.0,NAMX,0.7383794141412878,500
50000,50000.0,0.0,0.0,PLYZ,0.7368432556474377,500
50000,25000.0,-25000.0,-50.0,EVSP,0.734938539913091,500
50000,4999.999999999999,-45000.0,-90.0,AXXDF,0.734880437091578,500
50000,3771444.82421875,3721444.82421875,7442.8896484375,PAANF,0.7330785851830134,500
50000,25000.0,-25000.0,-50.0,SYHO,0.7329011316431989,500
50000,85794.09790039062,35794.097900390625,71.58819580078125,APRU,0.7324236399620074,500
50000,2747252.685546875,2697252.685546875,5394.50537109375,BLNMF,0.7310065251095652,500
50000,29980.01861572266,-20019.98138427734,-40.03996276855469,MGCV,0.7297268342922235,500
50000,6.175994873047763,-49993.82400512695,-99.9876480102539,FRTG,0.7296158509691559,500
50000,25000.0,-25000.0,-50.0,EGTK,0.7289475944891142,500
50000,3628.4446716308594,-46371.55532836914,-92.74311065673828,INVI,0.7285987843830298,500
50000,50000.0,0.0,0.0,SEAOF,0.7275710535009082,500
50000,7943.923950195314,-42056.07604980469,-84.11215209960938,AJYG,0.7250878144403764,500
50000,27027.025222778324,-22972.974777221676,-45.94594955444336,VGID,0.7247736529028902,500
50000,9999.999999999998,-40000.0,-80.0,SNLM,0.7244429892504626,500
50000,499999.9084472656,449999.9084472656,899.9998168945312,WSFGQ,0.7220854858026579,500
50000,50000.0,0.0,0.0,NTCHF,0.7218636569548387,500
50000,50000.0,0.0,0.0,RGDXQ,0.7212650744338996,500
50000,20000.00190734863,-29999.99809265137,-59.999996185302734,OMHE,0.7211595625644944,500
50000,50000.0,0.0,0.0,CCGY,0.7197395009172607,500
50000,50000.0,0.0,0.0,PUPS,0.7186661107791376,500
50000,9999.999999999998,-40000.0,-80.0,SPRL,0.7185404928687072,500
50000,50000.0,0.0,0.0,AMNE,0.7178388741790691,500
50000,1162.7883911132785,-48837.21160888672,-97.67442321777344,RDVWF,0.7170450090529069,500
50000,65161.29207611085,15161.292076110847,30.32258415222168,KICK,0.7165643602587641,500
50000,4999.999999999999,-45000.0,-90.0,TSHO,0.7154940242536101,500
50000,9090.908050537111,-40909.09194946289,-81.81818389892578,FMBV,0.7144176259196374,500
50000,9999.999999999998,-40000.0,-80.0,LKAI,0.7135374197917809,500
50000,10749.999999999998,-39250.0,-78.5,VOYRF,0.7127551316214509,500
50000,35817.267417907715,-14182.732582092285,-28.36546516418457,NWCN,0.7118934579577322,500
50000,25000.0,-25000.0,-50.0,OOAG,0.7113196892084691,500
50000,50000.0,0.0,0.0,UOMO,0.7105660237179142,500
50000,88865.53955078125,38865.53955078125,77.7310791015625,AMMCF,0.7082253949961649,500
50000,50000.0,0.0,0.0,SDVI,0.7079842323366237,500
50000,4999.999999999999,-45000.0,-90.0,GCLL,0.7077587399347501,500
50000,454.4219970703145,-49545.57800292969,-99.09115600585938,CRDV,0.7074196304106036,500
50000,4999.999999999999,-45000.0,-90.0,FPPP,0.7060428399007326,500
50000,2457.0007324218823,-47542.99926757812,-95.08599853515624,WWDH,0.7056022909569708,500
50000,121090.91949462889,71090.91949462889,142.1818389892578,BYOGF,0.7054584445614368,500
50000,50000.0,0.0,0.0,ORSX,0.7051361434959044,500
50000,4999.999999999999,-45000.0,-90.0,VIDA,0.7041539345064547,500
50000,50000.0,0.0,0.0,TRTI,0.7039357785870366,500
50000,50000.0,0.0,0.0,HOKUQ,0.7036738855355146,500
50000,25000.0,-25000.0,-50.0,CBCA,0.7034462888364936,500
50000,563.8313293457043,-49436.1686706543,-98.8723373413086,CRDV,0.7030280384749996,500
50000,50000.0,0.0,0.0,ERINQ,0.702688395601476,500
50000,29758.066177368164,-20241.933822631836,-40.48386764526367,GOAI,0.7012817446513717,500
50000,4999.999999999999,-45000.0,-90.0,VNLEF,0.7012330434170436,500
50000,3556.69403076172,-46443.30596923828,-92.88661193847656,TAMG,0.701162863691128,500
50000,499999.9084472656,449999.9084472656,899.9998168945312,AKVA,0.7007534813091095,500
50000,50000.0,0.0,0.0,ZHDM,0.6997174767785374,500
50000,1612.903594970705,-48387.0964050293,-96.7741928100586,MBLV,0.6996578454767234,500
50000,34333.96530151367,-15666.034698486328,-31.332069396972656,ETFLF,0.699590723126284,500
50000,50000.0,0.0,0.0,PLGC,0.6984418650077568,500
50000,118867.919921875,68867.919921875,137.73583984375,SGQRF,0.6982485252539047,500
50000,195121.97875976562,145121.97875976562,290.24395751953125,CPIHF,0.6978134382235789,500
50000,11077.720642089844,-38922.279357910156,-77.84455871582031,DFIFF,0.6974954396092852,500
50000,2500.0000000000023,-47500.0,-95.0,FERL,0.6965139148769163,500
50000,165866.6763305664,115866.6763305664,231.7333526611328,HTRC,0.695470057449168,500
50000,7710.28137207031,-42289.71862792969,-84.57943725585938,RBRI,0.6953816976351536,500
50000,499999.9084472656,449999.9084472656,899.9998168945312,TCHH,0.6951776422736745,500
50000,19853.20472717285,-30146.79527282715,-60.2935905456543,GBUX,0.6942904081937356,500
50000,50000.0,0.0,0.0,JMIH,0.6940867679719875,500
50000,2499.996185302744,-47500.00381469726,-95.00000762939452,TROG,0.6938902980605236,500
50000,9999.999999999998,-40000.0,-80.0,CBGI,0.6937341765756362,500
50000,25000.0,-25000.0,-50.0,SPMI,0.6933802869341484,500
50000,50000.0,0.0,0.0,PDMI,0.6907284347589403,500
50000,50000.0,0.0,0.0,SMRL,0.6905920609495946,500
50000,4545.452117919924,-45454.54788208008,-90.90909576416016,VCTL,0.6904675406077908,500
50000,10575.614929199217,-39424.38507080078,-78.84877014160156,RLAB,0.6896045409930348,500
50000,299999.9694824219,249999.96948242188,499.99993896484375,RBTI,0.6891734214666555,500
50000,28500.001907348633,-21499.998092651367,-42.999996185302734,CNLLF,0.6883338140944872,500
50000,135135.1318359375,85135.1318359375,170.270263671875,RDEMF,0.6878816046057596,500
50000,61163.89274597168,11163.89274597168,22.32778549194336,LLLI,0.6878119054723135,500
50000,4999.999999999999,-45000.0,-90.0,VTGDF,0.6869968158887443,500
50000,20020.03479003906,-29979.96520996094,-59.95993041992188,DTGI,0.6867186752944132,500
50000,4999.999999999999,-45000.0,-90.0,CDVIQ,0.6867094287647045,500
50000,50000.0,0.0,0.0,RKTE,0.6866158064417901,500
50000,27500.000000000004,-22499.999999999996,-45.0,CONC,0.685836575466477,500
50000,53418.80989074706,3418.809890747063,6.837619781494141,IMCI,0.6855543878495147,500
50000,50000.0,0.0,0.0,CBGI,0.6843747510157623,500
50000,1063.8313293457047,-48936.1686706543,-97.8723373413086,FTFY,0.6840517742915132,500
50000,9259.25827026367,-40740.74172973633,-81.48148345947266,CHCC,0.6837411719955043,500
50000,175000.01525878903,125000.01525878903,250.00003051757807,EMMRF,0.6833971994292957,500
50000,3906.246185302742,-46093.75381469726,-92.18750762939452,ARET,0.6830454437057453,500
50000,50000.0,0.0,0.0,PRZM,0.6830002598072382,500
50000,440000.0305175782,390000.0305175782,780.0000610351562,CYGT,0.682815594914863,500
50000,35700.00076293945,-14299.999237060547,-28.599998474121094,ONSS,0.6824760482844475,500
50000,43925.92525482178,-6074.074745178223,-12.148149490356444,SCYT,0.6817021866328525,500
50000,50000.0,0.0,0.0,USBC,0.6803117398489229,500
50000,50000.0,0.0,0.0,TVCE,0.6798531074778265,500
50000,177499.98474121094,127499.98474121094,254.99996948242188,CABB,0.6797871108981881,500
50000,14819.915771484377,-35180.084228515625,-70.36016845703125,QTCI,0.6795115465081467,500
50000,666.6641235351656,-49333.33587646484,-98.66667175292967,OPTL,0.6791866159295427,500
50000,36764.70375061035,-13235.296249389648,-26.470592498779297,TODM,0.679045195584272,500
50000,50000.0,0.0,0.0,AZNVF,0.6784498620576868,500
50000,26190.473556518555,-23809.526443481445,-47.61905288696289,BITCF,0.6781075495840588,500
50000,500.00000000000045,-49500.0,-99.0,SVSO,0.6778104425618029,500
50000,7142.860412597657,-42857.139587402344,-85.71427917480469,TSCC,0.6776284071483141,500
50000,50000.0,0.0,0.0,HMGN,0.6771499487081059,500
50000,3387.4969482421857,-46612.50305175781,-93.22500610351562,WOWU,0.6770839678530208,500
50000,137254.9057006836,87254.9057006836,174.5098114013672,MNNGF,0.6764593876703375,500
50000,67401.79252624512,17401.792526245117,34.803585052490234,CPMV,0.6756690010578777,500
50000,25000.0,-25000.0,-50.0,WQNI,0.6748993452251782,500
50000,282.1617126464782,-49717.83828735352,-99.43567657470705,MVNC,0.6745909177730333,500
50000,123913.03253173827,73913.03253173827,147.82606506347656,CSTPF,0.6745645512264888,500
50000,50000.0,0.0,0.0,QNXC,0.6742978511056309,500
50000,60714.290618896484,10714.290618896484,21.42858123779297,SLXXF,0.6742171659754477,500
50000,9999.999999999998,-40000.0,-80.0,LHGI,0.6739685474811107,500
50000,6497.528076171877,-43502.471923828125,-87.00494384765625,SCAL,0.6721232261408131,500
50000,2857.14340209961,-47142.85659790039,-94.28571319580078,EMPO,0.6719891503670657,500
50000,50000.003637979265,0.0036379792654770426,7.275958523678128e-06,GNCAQ,0.6716906597794119,500
50000,50000.0,0.0,0.0,STPJF,0.6713142589046015,500
50000,500.00000000000045,-49500.0,-99.0,PSFT,0.6706564060594843,500
50000,167499.98474121094,117499.98474121094,234.99996948242188,PSCR,0.6705744864626504,500
50000,50000.0,0.0,0.0,AMBS,0.6694825809955565,500
50000,249999.96948242185,199999.96948242185,399.99993896484375,EAPH,0.6691814440604127,500
50000,50000.0,0.0,0.0,XEPRF,0.6691122266964487,500
50000,3407.463073730471,-46592.53692626953,-93.18507385253906,VHLD,0.6688601436889487,500
50000,559932.7697753906,509932.7697753906,1019.8655395507812,PBAJ,0.6687539197138815,500
50000,50000.0,0.0,0.0,VGID,0.6683298803912061,500
50000,199999.98474121094,149999.98474121094,299.9999694824219,ITUP,0.6681584022729572,500
50000,50000.0,0.0,0.0,SEII,0.6675372151845768,500
50000,43.395996093748,-49956.60400390625,-99.9132080078125,ABVN,0.6672769950981854,500
50000,2500000.244140625,2450000.244140625,4900.00048828125,JALC,0.6671247979559768,500
50000,25000.0,-25000.0,-50.0,AVSR,0.6667081977331334,500
50000,999999.8168945312,949999.8168945312,1899.9996337890625,TSSP,0.66665261806174,500
50000,50000.0,0.0,0.0,IEXA,0.6663631019497118,500
50000,3225.8033752441406,-46774.19662475586,-93.54839324951172,ENCW,0.6654678763229838,500
50000,16774.471282958984,-33225.528717041016,-66.45105743408203,RWMI,0.6651839072190571,500
50000,689.6553039550779,-49310.34469604492,-98.62068939208984,SSUR,0.6651726786500637,500
50000,50000.0,0.0,0.0,ATCC,0.6644489359920663,500
50000,4200.000762939454,-45799.99923706055,-91.5999984741211,FLAF,0.6643390643652752,500
50000,29390.235900878903,-20609.764099121097,-41.21952819824219,SLMXF,0.6641456768080738,500
50000,45454.54788208008,-4545.452117919922,-9.090904235839844,XFCI,0.6640915874602138,500
50000,21739.13383483887,-28260.86616516113,-56.521732330322266,FFRMF,0.6636071937886507,500
50000,499999.9084472656,449999.9084472656,899.9998168945312,PHRX,0.6631583358100235,500
50000,11627.906799316406,-38372.093200683594,-76.74418640136719,CCTL,0.6631464023154301,500
50000,11560.691833496096,-38439.308166503906,-76.87861633300781,INCC,0.6618977581324692,500
50000,9780.086517333986,-40219.913482666016,-80.43982696533203,FSVEF,0.6613998497178907,500
50000,50000.0,0.0,0.0,LGBI,0.6613156486160474,500
50000,50000.0,0.0,0.0,KLGG,0.661193924553676,500
50000,666333.3740234375,616333.3740234375,1232.666748046875,VOYRF,0.6606822094741585,500
50000,19999.99618530273,-30000.00381469727,-60.00000762939453,QMDT,0.660629570093302,500
50000,27777.774810791012,-22222.225189208988,-44.44445037841797,AGTK,0.6606123663814552,500
50000,1428.5697937011732,-48571.43020629883,-97.14286041259766,EXLA,0.6604172448750605,500
50000,50000.003637979265,0.0036379792654770426,7.275958523678128e-06,VRUS,0.6601302219156377,500
50000,6250.0,-43750.0,-87.5,JMBRF,0.660021827755493,500
50000,320798.095703125,270798.095703125,541.59619140625,TFGL,0.659871517390777,500
50000,410.7055664062498,-49589.29443359375,-99.1785888671875,BBBT,0.6595188429489165,500
50000,50000.0,0.0,0.0,UCLQF,0.6594348092739096,500
50000,11846.153259277342,-38153.846740722656,-76.30769348144531,ROBOF,0.6591644247829924,500
50000,16.666412353522063,-49983.33358764648,-99.96666717529295,CHMN,0.6588700621336223,500
50000,50000.0,0.0,0.0,SLNM,0.6586390161970589,500
50000,12195.117950439455,-37804.88204956055,-75.6097640991211,URBT,0.6577909567874236,500
50000,16666.664123535156,-33333.335876464844,-66.66667175292969,KGRI,0.6576258792158669,500
50000,117692.32940673828,67692.32940673828,135.38465881347656,GODZF,0.6574471352215997,500
50000,117692.32940673828,67692.32940673828,135.38465881347656,MSOVF,0.6574471352215997,500
50000,30656.03828430176,-19343.96171569824,-38.68792343139648,NLGCF,0.6564283265934929,500
50000,178938.90380859375,128938.90380859375,257.8778076171875,SAPMF,0.6562818725476546,500
50000,1000.0000000000009,-49000.0,-98.0,STIE,0.6552876190008138,500
50000,1149999.755859375,1099999.755859375,2199.99951171875,CDIV,0.6551084495000373,500
50000,28486.064910888676,-21513.935089111324,-43.027870178222656,ZLDAF,0.6544063261266537,500
50000,375000000.0,374950000.0,749900.0,CCHI,0.6540007098169298,500
50000,35346.659660339355,-14653.340339660645,-29.30668067932129,GRHI,0.6539982403329806,500
50000,29999.998092651364,-20000.001907348636,-40.00000381469727,TVBCF,0.6538701036508952,500
50000,2500.0000000000023,-47500.0,-95.0,IDLM,0.6533083862119821,500
50000,104166.66412353517,54166.66412353517,108.33332824707033,ORMTQ,0.6532531083488601,500
50000,2958548.33984375,2908548.33984375,5817.0966796875,NICH,0.652627040245419,500
50000,87.65029907225608,-49912.34970092774,-99.82469940185548,ACAI,0.6522491256948787,500
50000,200000.0,150000.0,300.0,ACNE,0.6515881634939444,500
50000,30357.139587402344,-19642.860412597656,-39.28572082519531,ALOD,0.6515120361810859,500
50000,26429.01802062988,-23570.98197937012,-47.14196395874024,MRDH,0.6512206196642235,500
50000,14705.883026123045,-35294.11697387695,-70.5882339477539,RBCL,0.6505903212165494,500
50000,50000.0,0.0,0.0,USRM,0.6504565872558272,500
50000,2173.912048339838,-47826.08795166016,-95.65217590332033,DGTW,0.6504554654215892,500
50000,100000.0,50000.0,100.0,AMRU,0.6499577058486846,500
50000,50000.0,0.0,0.0,BDGR,0.6499201686374462,500
50000,23754.817962646484,-26245.182037353516,-52.49036407470703,WTXR,0.6496398098905124,500
50000,60000.00476837158,10000.004768371582,20.000009536743164,AIDA,0.6493974618536682,500
50000,961.5364074707034,-49038.4635925293,-98.0769271850586,CHGS,0.6492766617957807,500
50000,21.038055419919655,-49978.96194458008,-99.95792388916016,SPUP,0.6490707289422147,500
50000,5225.563049316406,-44774.436950683594,-89.54887390136719,FCGY,0.6487404635640777,500
50000,3125.0,-46875.0,-93.75,PCBN,0.6487217104334649,500
50000,5357.147216796876,-44642.852783203125,-89.28570556640625,LEON,0.6485467205679681,500
50000,63262.58659362794,13262.586593627937,26.52517318725586,GMVMF,0.6483962942596401,500
50000,50000.0,0.0,0.0,IPKL,0.6480304374960606,500
50000,479.43115234375114,-49520.56884765625,-99.0411376953125,GWSN,0.6480041918518676,500
50000,84175.07553100586,34175.07553100586,68.35015106201172,ADHLF,0.6478162298101092,500
50000,33523.061752319336,-16476.938247680664,-32.95387649536133,CTMX,0.6476508049243901,500
50000,31249.99618530273,-18750.00381469727,-37.50000762939453,CMFV,0.6475294563716936,500
50000,7753.162384033202,-42246.8376159668,-84.4936752319336,MAJI,0.6474068362466264,500
50000,145000.0076293945,95000.0076293945,190.00001525878903,VCST,0.6473297352274483,500
50000,2379.5089721679706,-47620.49102783203,-95.24098205566406,VMHG,0.6464680473193003,500
50000,2500.0000000000023,-47500.0,-95.0,EXCC,0.6464531325180466,500
50000,50000.0,0.0,0.0,LNNNY,0.6464260412028692,500
50000,26666.664123535156,-23333.335876464844,-46.66667175292969,ATXMF,0.6463969735789208,500
50000,7751.651763916017,-42248.348236083984,-84.49669647216797,GRNF,0.6463171361220357,500
50000,136.6424560546864,-49863.35754394531,-99.72671508789062,CDNMF,0.6449776309703388,500
50000,50000.0,0.0,0.0,ECCE,0.6449506670665652,500
50000,50000.0,0.0,0.0,CRMBQ,0.6445749288747971,500
50000,27452.03018188477,-22547.96981811523,-45.09593963623047,ACEYY,0.6444890753911713,500
50000,7.2479248046875,-49992.75207519531,-99.98550415039062,EGOC,0.6440547258762964,500
50000,31854.833602905273,-18145.166397094727,-36.29033279418945,SFWJ,0.6440347686853244,500
50000,76157.39440917967,26157.394409179673,52.314788818359375,GBHPF,0.6437768184156377,500
50000,3571.426391601562,-46428.57360839844,-92.85714721679688,LIQDQ,0.6436273561801498,500
50000,1814.0525817871066,-48185.94741821289,-96.37189483642578,PHUN,0.6435724900348485,500
50000,16666.667938232422,-33333.33206176758,-66.66666412353516,BCDMF,0.6434723591555311,500
50000,48448.44841957092,-1551.5515804290771,-3.1031031608581543,SFWJ,0.6423692000528299,500
50000,100000.0,50000.0,100.0,HDIH,0.6422999293651938,500
50000,262.6037597656172,-49737.39624023438,-99.47479248046876,ZPAS,0.641994944619586,500
50000,50000.0,0.0,0.0,GSML,0.6416356664604257,500
50000,6152.385711669922,-43847.61428833008,-87.69522857666016,ARSRF,0.6415993646115469,500
50000,14189.186096191408,-35810.813903808594,-71.62162780761719,BYOGF,0.641187736427896,500
50000,45454.54025268555,-4545.459747314453,-9.090919494628906,VYGVQ,0.6411334113461505,500
50000,862.0338439941422,-49137.96615600586,-98.27593231201172,AAPJ,0.6410305297948746,500
50000,244.67849731445446,-49755.32150268555,-99.5106430053711,BLFE,0.6404501379384754,500
50000,43000.00524520874,-6999.99475479126,-13.99998950958252,ENPRF,0.6404010093846763,500
50000,50000.0,0.0,0.0,GTHKF,0.6401211712109205,500
50000,50000.0,0.0,0.0,NNLX,0.6400092147666872,500
50000,59282.121658325195,9282.121658325195,18.56424331665039,BTURF,0.6399046489441428,500
50000,6024.093627929688,-43975.90637207031,-87.95181274414062,COUV,0.6396418117494632,500
50000,333333.31298828125,283333.31298828125,566.6666259765625,DOCKF,0.6389199526908836,500
50000,5555.553436279298,-44444.4465637207,-88.8888931274414,FSSN,0.6388736302982744,500
50000,38461.53926849365,-11538.460731506348,-23.07692146301269,CTBK,0.6380220506415148,500
50000,45454.54025268555,-4545.459747314453,-9.090919494628906,GRCO,0.6376791414733389,500
50000,25000.0,-25000.0,-50.0,LNDT,0.6375024548383157,500
50000,74270.55740356445,24270.557403564453,48.541114807128906,IDDTF,0.637494648473449,500
50000,6329.113006591797,-43670.8869934082,-87.3417739868164,PUPS,0.6373062632476982,500
50000,50000.0,0.0,0.0,DKTS,0.637117596819794,500
50000,16574.5849609375,-33425.4150390625,-66.850830078125,SVAD,0.6369448741624434,500
50000,64719.632148742676,14719.632148742676,29.43926429748535,CHJI,0.6369309240934045,500
50000,5523.81134033203,-44476.18865966797,-88.95237731933594,ARCXF,0.6369107199977584,500
50000,7438.54904174805,-42561.45095825195,-85.1229019165039,BMOOF,0.6369028049087218,500
50000,24056.291580200195,-25943.708419799805,-51.88741683959961,CRSM,0.6366423519315034,500
50000,12000.0,-38000.0,-76.0,PTNUF,0.6365255873193476,500
50000,2466.667175292969,-47533.33282470703,-95.06666564941406,NEUN,0.6362635699516191,500
50000,8695.652008056642,-41304.34799194336,-82.60869598388672,EVIO,0.6361065075369086,500
50000,14544.532775878904,-35455.467224121094,-70.91093444824219,REFG,0.6354367192974926,500
50000,50000.0,0.0,0.0,GZIC,0.6353094267510269,500
50000,7009.346008300782,-42990.65399169922,-85.98130798339844,MHIFF,0.6351182902918912,500
50000,25000.0,-25000.0,-50.0,CEENQ,0.6349252731792471,500
50000,72992.69485473633,22992.694854736328,45.985389709472656,NMNZF,0.6348151550923621,500
50000,9016.395568847656,-40983.604431152344,-81.96720886230469,RDVA,0.6348144296217023,500
50000,39528.14197540283,-10471.858024597168,-20.943716049194336,EMBYF,0.634511334505794,500
50000,50000.0,0.0,0.0,CNLK,0.6341905587158968,500
50000,50000.0,0.0,0.0,TMCV,0.6338110098649167,500
50000,4999.999999999999,-45000.0,-90.0,CBLRF,0.6337892883926671,500
50000,47352.646350860596,-2647.3536491394043,-5.294707298278809,SULZF,0.6337731818686063,500
50000,5821.426391601564,-44178.57360839844,-88.35714721679688,PSSR,0.6334495066319459,500
50000,36379.512786865234,-13620.487213134766,-27.24097442626953,YRLLF,0.6334454182895306,500
50000,42574.260234832764,-7425.739765167236,-14.851479530334473,APRU,0.632331270890048,500
50000,4745.1019287109375,-45254.89807128906,-90.50979614257812,FITSD,0.632216896644513,500
50000,4745.1019287109375,-45254.89807128906,-90.50979614257812,FITSF,0.632216896644513,500
50000,1124.046325683603,-48875.9536743164,-97.7519073486328,TIHE,0.6320730927160281,500
50000,8333.335876464842,-41666.664123535156,-83.33332824707031,EAPH,0.6319627225698453,500
50000,133509.3765258789,83509.3765258789,167.0187530517578,PRTHU,0.6317536499351446,500
50000,6453.124999999998,-43546.875,-87.09375,CLMEF,0.6315290448973123,500
50000,26620.878219604492,-23379.121780395508,-46.758243560791016,HSCC,0.6315048572019354,500
50000,5777.313232421877,-44222.686767578125,-88.44537353515625,BZDLF,0.631498913655139,500
50000,54753.84664535522,4753.846645355217,9.50769329071045,EKDHF,0.6310252209154628,500
50000,50000.0,0.0,0.0,HSCHF,0.630967735378412,500
50000,66666.66793823242,16666.667938232422,33.333335876464844,CATG,0.6307414067545987,500
50000,31249.99618530273,-18750.00381469727,-37.50000762939453,BZIC,0.6304654723002262,500
50000,4965.946197509763,-45034.053802490234,-90.06810760498047,OROXF,0.6303503253841799,500
50000,7600.0022888183585,-42399.99771118164,-84.79999542236328,SFBE,0.6303258980725811,500
50000,1553.2569885253922,-48446.74301147461,-96.89348602294922,RSCZF,0.6302954723263892,500
50000,480.7662963867199,-49519.23370361328,-99.03846740722656,LOTE,0.6301948272288516,500
50000,630.016326904298,-49369.9836730957,-98.7399673461914,COUV,0.6296274785943008,500
50000,13398.334503173826,-36601.66549682617,-73.20333099365234,PRKV,0.6290326323950848,500
50000,12655.067443847656,-37344.932556152344,-74.68986511230469,ACRL,0.6288763478747134,500
50000,50000.0,0.0,0.0,BSPM,0.6287836810276058,500
50000,7016.574859619141,-42983.42514038086,-85.96685028076172,HUMT,0.6287833043870239,500
50000,64999.99904632568,14999.999046325684,29.999998092651367,MEDD,0.6282325482504122,500
50000,1176.46789550781,-48823.53210449219,-97.64706420898438,APWL,0.6282227771727812,500
50000,17142.85659790039,-32857.14340209961,-65.71428680419922,AVEFF,0.6280363657997698,500
50000,50000.0,0.0,0.0,LPTC,0.6279746212685617,500
50000,191.63894653320136,-49808.3610534668,-99.6167221069336,PRMD,0.6278564989671092,500
50000,9690.471649169924,-40309.52835083008,-80.61905670166016,CWVWF,0.6276032695986086,500
50000,5527.774810791014,-44472.225189208984,-88.94445037841797,MRDH,0.6272846870369341,500
50000,133.33511352539017,-49866.66488647461,-99.73332977294922,HPTN,0.6267367320686899,500
50000,2242.149353027334,-47757.85064697266,-95.51570129394533,RKOS,0.6262171021427736,500
50000,50000.0,0.0,0.0,HHSRF,0.6261907563142813,500
50000,5549.060821533203,-44450.9391784668,-88.9018783569336,DOCKF,0.6260077927310488,500
50000,26838.48381042481,-23161.51618957519,-46.32303237915039,GWRRF,0.6259387249066237,500
50000,66666.66793823242,16666.667938232422,33.333335876464844,BRRN,0.6258490917361329,500
50000,1003.9253234863265,-48996.07467651367,-97.99214935302734,PSSR,0.625679669111095,500
50000,16556.289672851566,-33443.71032714844,-66.88742065429688,GGII,0.625609661246798,500
50000,4999.999999999999,-45000.0,-90.0,SGGDF,0.6255843742824496,500
50000,80068.26972961426,30068.269729614258,60.13653945922852,BMOOF,0.6255674530497668,500
50000,50000.0,0.0,0.0,AIVN,0.6253043275821243,500
50000,847166.8090820312,797166.8090820312,1594.3336181640625,KENS,0.6250126599574699,500
50000,50000.0,0.0,0.0,NTFL,0.6250100848171624,500
50000,11615.734100341795,-38384.2658996582,-76.7685317993164,GTVH,0.6249343582438988,500
50000,25000.0,-25000.0,-50.0,ROYL,0.6246838788704735,500
50000,9994.834899902344,-40005.165100097656,-80.01033020019531,SCLF,0.6244433356494645,500
50000,25984.68208312988,-24015.31791687012,-48.03063583374024,CRUCF,0.6244032895059742,500
50000,20105.96466064453,-29894.03533935547,-59.78807067871094,SVSN,0.6242490477775237,500
50000,188.1523132324203,-49811.84768676758,-99.62369537353516,CLAZF,0.6241086834533595,500
50000,56666.66698455811,6666.666984558113,13.333333969116213,FLTCF,0.6238929883243949,500
50000,50000.0,0.0,0.0,ARYC,0.6236496295292272,500
50000,12460.937500000002,-37539.0625,-75.078125,CMLGF,0.6231730784500285,500
50000,48000.00214576721,-1999.997854232788,-3.999995708465576,MMEX,0.6227150377946085,500
50000,41620.87535858154,-8379.124641418457,-16.758249282836914,VCHYF,0.6226391124283337,500
50000,383406.5856933594,333406.5856933594,666.8131713867188,SNVFF,0.6225378143876271,500
50000,11862.84637451172,-38137.15362548828,-76.27430725097656,TORVF,0.6224771440546785,500
50000,15426.834106445314,-34573.16589355469,-69.14633178710938,CNNC,0.622476128869218,500
50000,50000.0,0.0,0.0,ENSRF,0.622351217371759,500
50000,102675.52185058592,52675.52185058592,105.35104370117188,AQPW,0.6221013840442092,500
50000,6768.943786621096,-43231.056213378906,-86.46211242675781,RECAF,0.6216552883488027,500
50000,4347.26333618164,-45652.73666381836,-91.30547332763672,DVLP,0.6216310732216743,500
50000,980.5717468261698,-49019.42825317383,-98.03885650634766,GSPTD,0.6215714277500433,500
50000,980.5717468261698,-49019.42825317383,-98.03885650634766,FCUL,0.6215714277500433,500
50000,243181.8084716797,193181.8084716797,386.3636169433594,QYBX,0.6214643428080759,500
50000,50000.0,0.0,0.0,ATCV,0.6212932794324649,500
50000,500000.0610351562,450000.0610351562,900.0001220703125,TRUL,0.6210877115015105,500
50000,90346.53854370117,40346.53854370117,80.69307708740234,WINH,0.6210571038162671,500
50000,10430.656433105467,-39569.34356689453,-79.13868713378906,CELZ,0.6210564057093343,500
50000,12475.13198852539,-37524.86801147461,-75.04973602294922,PDIV,0.6206621196708643,500
50000,1179.241180419921,-48820.75881958008,-97.64151763916016,ETNI,0.620519682152225,500
50000,50000.0,0.0,0.0,CTPR,0.6205158980573308,500
50000,16666.664123535156,-33333.335876464844,-66.66667175292969,BKESY,0.620287041616879,500
50000,100000.0,50000.0,100.0,CLSZF,0.6202810572505078,500
50000,4938.690185546884,-45061.30981445312,-90.12261962890624,AAEEF,0.62013189003692,500
50000,50000.0,0.0,0.0,EXEO,0.6197865421233534,500
50000,180.5686950683616,-49819.43130493164,-99.63886260986328,WBWB,0.619657316208209,500
50000,50000.0,0.0,0.0,MPEG,0.6194809134929039,500
50000,37901.49688720703,-12098.503112792969,-24.197006225585938,ADHC,0.6193319804131188,500
50000,15000.000000000002,-35000.0,-70.0,TODM,0.6192659845811797,500
50000,27974.05242919922,-22025.94757080078,-44.05189514160156,UTRX,0.6189084827574722,500
50000,7295.597076416016,-42704.402923583984,-85.40880584716797,AWH,0.6183698621432797,500
50000,50000.0,0.0,0.0,HREEF,0.6182817477074583,500
50000,11827.079772949217,-38172.92022705078,-76.34584045410156,SGBI,0.6181734021593097,500
50000,163730.77392578125,113730.77392578125,227.4615478515625,ADFJF,0.6179636900560509,500
50000,765.7165527343801,-49234.28344726562,-98.46856689453124,DNAX,0.6173852445300344,500
50000,41611.735343933105,-8388.264656066895,-16.77652931213379,CNOBF,0.6173732223233668,500
50000,50000.0,0.0,0.0,HZNM,0.6170563735861788,500
50000,9612.403869628904,-40387.596130371094,-80.77519226074219,SGLDF,0.6168615643549367,500
50000,107526.1116027832,57526.1116027832,115.0522232055664,EMMS,0.6166511717341983,500
50000,253581.0699462891,203581.0699462891,407.1621398925781,PRSNF,0.6165153111207248,500
50000,1990.0817871093823,-48009.91821289062,-96.01983642578124,USCS,0.6164385922849931,500
50000,71580.48439025879,21580.48439025879,43.16096878051758,ZLDSF,0.6159569237183335,500
50000,107692.31796264647,57692.31796264647,115.38463592529295,ADMG,0.6157339858208046,500
50000,17692.310333251953,-32307.689666748047,-64.6153793334961,GSDT,0.615523253518207,500
50000,10191.600799560547,-39808.39920043945,-79.6167984008789,ZTSTF,0.6152985580506646,500
50000,7931.991577148439,-42068.00842285156,-84.13601684570312,BWTX,0.6151036077223978,500
50000,101.0818481445297,-49898.91815185547,-99.79783630371094,RKOS,0.6147689245021619,500
50000,94117.64907836914,44117.64907836914,88.23529815673828,VNORP,0.6144184554832812,500
50000,161.3693237304703,-49838.63067626953,-99.67726135253906,NSAUF,0.6143943613338613,500
50000,71875.00953674316,21875.009536743164,43.75001907348633,CFSU,0.6143870525428666,500
50000,2499.996185302744,-47500.00381469726,-95.00000762939452,OJSY,0.6143051985006156,500
50000,9999.999999999998,-40000.0,-80.0,ARIZF,0.6142502721255768,500
50000,58823.52924346924,8823.529243469238,17.647058486938477,ZAAG,0.6142045711573322,500
50000,8584.316253662111,-41415.68374633789,-82.83136749267578,NCMBF,0.6140449348478161,500
50000,50000.0,0.0,0.0,GTBT,0.6138176211884697,500
50000,18750.003814697262,-31249.996185302738,-62.49999237060547,ROWC,0.6137872070432665,500
50000,79124.99237060547,29124.99237060547,58.24998474121094,BCDS,0.6136865341731653,500
50000,1982.1624755859357,-48017.83752441406,-96.03567504882812,HHSRF,0.613634565406965,500
50000,50000.0,0.0,0.0,PHMB,0.6135787321691119,500
50000,15104.896545410156,-34895.103454589844,-69.79020690917969,WDRP,0.6135768764666307,500
50000,17210.88409423828,-32789.11590576172,-65.57823181152344,KAYS,0.6134245042901074,500
50000,27383.367538452152,-22616.632461547848,-45.2332649230957,FSTF,0.613363464739304,500
50000,7972.118377685544,-42027.88162231445,-84.0557632446289,NRRWF,0.6131834637733179,500
50000,50000.0,0.0,0.0,TRBO,0.6130126292934918,500
50000,8620.689392089842,-41379.310607910156,-82.75862121582031,NCPCF,0.6129317850710221,500
50000,49090.910613536835,-909.0893864631653,-1.8181787729263303,DGTLF,0.6128353662435544,500
50000,724.4186401367203,-49275.58135986328,-98.55116271972656,CAPC,0.6125773983684211,500
50000,12833.82797241211,-37166.17202758789,-74.33234405517578,MEDVF,0.6123863344001987,500
50000,21154.32929992676,-28845.67070007324,-57.69134140014648,RJKAF,0.6122670286171165,500
50000,25000.0,-25000.0,-50.0,ISLV,0.611947243993192,500
50000,2727.2720336913967,-47272.7279663086,-94.5454559326172,BAYP,0.6116035927746714,500
50000,50000.0,0.0,0.0,NNBP,0.6110405152763368,500
50000,5340.728759765623,-44659.271240234375,-89.31854248046875,YBCN,0.6108365457858146,500
50000,199999.96948242185,149999.96948242185,299.9999389648437,BMSPF,0.6106040814440987,500
50000,18292.68264770508,-31707.31735229492,-63.41463470458984,VDKB,0.6105659913655761,500
50000,4942.340850830079,-45057.65914916992,-90.11531829833984,VDQSF,0.6105264201564016,500
50000,4496.124267578117,-45503.87573242188,-91.00775146484376,GPGC,0.610127422167535,500
50000,30201.982498168945,-19798.017501831055,-39.59603500366211,DBMM,0.6100058020647523,500
50000,50000.0,0.0,0.0,EAPH,0.609989120273331,500
50000,26775.861740112305,-23224.138259887695,-46.44827651977539,HUDRF,0.6097069644485761,500
50000,55900.62236785889,5900.622367858887,11.801244735717772,AVRI,0.6095846435609167,500
50000,50000.0,0.0,0.0,DIGI,0.6095249880994597,500
50000,1111.1068725585983,-48888.8931274414,-97.7777862548828,ZHYLF,0.609497039479759,500
50000,9585.89172363281,-40414.10827636719,-80.82821655273438,CLMEF,0.6094847099893942,500
50000,11868.583679199219,-38131.41632080078,-76.26283264160156,NXSGF,0.6093300677432997,500
50000,50000.0,0.0,0.0,HOVVB,0.609311777711522,500
50000,4889.732360839838,-45110.26763916016,-90.22053527832033,GRNBF,0.6091774092550685,500
50000,20178.043365478516,-29821.956634521484,-59.64391326904297,DOTDF,0.6091499369521964,500
50000,14155.818939208986,-35844.181060791016,-71.68836212158203,BWMG,0.6091476294002264,500
50000,76252.81524658203,26252.81524658203,52.50563049316406,VIVK,0.6090654804166644,500
50000,22255.304336547855,-27744.695663452145,-55.4893913269043,WRRZF,0.60889534421004,500
50000,50000.0,0.0,0.0,GOOI,0.6088263129361544,500
50000,15244.861602783205,-34755.1383972168,-69.5102767944336,FSTTF,0.6087809354977017,500
50000,5555.553436279298,-44444.4465637207,-88.8888931274414,LIVC,0.6086952449310414,500
50000,50000.0,0.0,0.0,NXTYQ,0.6084962554605658,500
50000,7726.9821166992215,-42273.01788330078,-84.54603576660156,BICB,0.6083742429940792,500
50000,24641.740798950195,-25358.259201049805,-50.71651840209961,BERI,0.6080845851246324,500
50000,4780000.48828125,4730000.48828125,9460.0009765625,BZRD,0.6080515626962154,500
50000,18.825531005861595,-49981.17446899414,-99.96234893798828,INOTF,0.6079742875142401,500
50000,50000.003637979265,0.0036379792654770426,7.275958523678128e-06,NWGC,0.6077207577962628,500
50000,50000.0,0.0,0.0,ZEON,0.6074650982464418,500
50000,18235.292434692386,-31764.707565307614,-63.529415130615234,IDGC,0.6072413650181336,500
50000,43.8690185546875,-49956.13098144531,-99.91226196289062,MMMM,0.6071883348420368,500
50000,61.51962280274148,-49938.48037719726,-99.87696075439452,RNGG,0.6070108605406243,500
50000,46943.6616897583,-3056.338310241699,-6.112676620483398,YMAIF,0.6067380165963284,500
50000,31309.637069702145,-18690.362930297855,-37.3807258605957,QZMRF,0.6067378114777158,500
50000,15698.07815551758,-34301.92184448242,-68.60384368896484,DFIFF,0.6066130360306042,500
50000,50000.0,0.0,0.0,GWHP,0.6064445711234567,500
50000,19740.63491821289,-30259.36508178711,-60.51873016357422,EMOR,0.6064307609502378,500
50000,11808.574676513672,-38191.42532348633,-76.38285064697266,PTEFF,0.6064038774572776,500
50000,623.4397888183585,-49376.56021118164,-98.75312042236328,MCHA,0.6063665519245135,500
50000,50000.0,0.0,0.0,LRSNF,0.6061789218111961,500
50000,32199.710845947266,-17800.289154052734,-35.60057830810547,CAMZF,0.6060332953757533,500
50000,4999.999999999999,-45000.0,-90.0,ADST,0.6059460553298112,500
50000,42.55294799804798,-49957.44705200195,-99.9148941040039,BLRZF,0.6058565390291505,500
50000,3065.1321411132803,-46934.86785888672,-93.86973571777344,HVGDF,0.6057270596142897,500
50000,141176.47552490234,91176.47552490234,182.3529510498047,ARMC,0.6055775883930063,500
50000,9999.999999999998,-40000.0,-80.0,OMHE,0.605466573496204,500
50000,2642.5437927246107,-47357.45620727539,-94.71491241455078,ABQQ,0.6054600093084969,500
50000,1428.5697937011732,-48571.43020629883,-97.14286041259766,EVOA,0.6049465131099112,500
50000,116071.42639160158,66071.42639160158,132.14285278320312,AEXFF,0.604739026265023,500
50000,50000.003637979265,0.0036379792654770426,7.275958523678128e-06,BLKCF,0.6046119943235603,500
50000,9559.585571289064,-40440.41442871094,-80.88082885742188,SPEV,0.6046026667694755,500
50000,11363.636016845701,-38636.3639831543,-77.2727279663086,RATHF,0.6045669381885291,500
50000,40104.164123535156,-9895.835876464844,-19.791671752929688,PAOG,0.6041492267883517,500
50000,50000.0,0.0,0.0,IVCO,0.6040533380413632,500
50000,26976.74369812012,-23023.25630187988,-46.046512603759766,BRYFF,0.6039054743722839,500
50000,51753.074526786804,1753.0745267868042,3.5061490535736084,URANF,0.6038386151737646,500
50000,130666.67938232422,80666.67938232422,161.33335876464844,XANAF,0.6035135503638597,500
50000,17924.53384399414,-32075.46615600586,-64.15093231201172,DDDX,0.6033424804555757,500
50000,21496.349334716797,-28503.650665283203,-57.007301330566406,FWFW,0.6032681645108763,500
50000,4999.999999999999,-45000.0,-90.0,ROCLF,0.6032297529452795,500
50000,20449.68032836914,-29550.31967163086,-59.10063934326172,CESTY,0.6031703743770293,500
50000,25748.504638671875,-24251.495361328125,-48.50299072265625,PCLI,0.6031324469136784,500
50000,33.332824707033026,-49966.66717529297,-99.93333435058594,UGHB,0.6030658188742201,500
50000,46217.954874038696,-3782.0451259613037,-7.564090251922607,BBOE,0.6030554730815036,500
50000,3052.356719970706,-46947.6432800293,-93.8952865600586,RGTLF,0.6025527993833548,500
50000,132.4844360351629,-49867.51556396484,-99.73503112792967,CNBX,0.602532583817467,500
50000,23175.430297851555,-26824.569702148445,-53.64913940429688,PWCO,0.6023969096615137,500
50000,3126.2550354003884,-46873.74496459961,-93.74748992919922,GPFT,0.6021225322581368,500
50000,38686.13338470459,-11313.86661529541,-22.62773323059082,SGDH,0.6018499038913117,500
50000,7993.686676025391,-42006.31332397461,-84.01262664794922,SNST,0.6017500937646236,500
50000,70930.23109436035,20930.23109436035,41.8604621887207,EESE,0.6017133655468773,500
50000,50125.433295965195,125.4332959651947,0.2508665919303894,DTST,0.6013928664287538,500
50000,87573.68469238281,37573.68469238281,75.14736938476562,AAMTF,0.6011257789734729,500
50000,4999.999999999999,-45000.0,-90.0,CWIR,0.6011153261667206,500
50000,7530.158996582031,-42469.84100341797,-84.93968200683594,EDXC,0.6008016188314,500
50000,9999.999999999998,-40000.0,-80.0,STPJF,0.6006217471212018,500
50000,13690.479278564455,-36309.52072143555,-72.6190414428711,IMTL,0.6004556552353846,500
50000,18181.816101074215,-31818.183898925785,-63.63636779785156,PMDRF,0.5999741957520452,500
50000,53102.18763351441,3102.1876335144116,6.204375267028809,UAHC,0.5994429693961171,500
50000,603812.255859375,553812.255859375,1107.62451171875,ETST,0.599390351218875,500
50000,17442.325592041012,-32557.674407958988,-65.11534881591797,ATMH,0.5991993912678698,500
50000,1637.9318237304708,-48362.06817626953,-96.72413635253906,CALA,0.599150174244745,500
50000,50000.0,0.0,0.0,GBNW,0.5991109087581659,500
50000,3528.5873413086033,-46471.4126586914,-92.9428253173828,NSAV,0.5991091588174431,500
50000,125000.01525878908,75000.01525878908,150.00003051757812,AOBI,0.5989535129219496,500
50000,21342.954635620114,-28657.045364379886,-57.314090728759766,SILS,0.5989107318053435,500
50000,50000.0,0.0,0.0,RMTD,0.5988355152266805,500
50000,20502.59399414063,-29497.40600585937,-58.99481201171875,WOWU,0.5987848172858073,500
50000,17262.35580444336,-32737.64419555664,-65.47528839111328,RGXTF,0.5987523679884459,500
50000,28355.57174682617,-21644.42825317383,-43.288856506347656,MLGCF,0.5986850605304523,500
50000,369.2741394042964,-49630.7258605957,-99.2614517211914,IFMK,0.5986036051495719,500
50000,47391.30520820618,-2608.6947917938232,-5.217389583587647,HUML,0.5985808329253747,500
50000,120984.55047607422,70984.55047607422,141.96910095214844,BYSI,0.5985724969399979,500
50000,52368.42703819274,2368.4270381927417,4.736854076385498,TRARF,0.5985046268344619,500
50000,19999.99809265136,-30000.00190734864,-60.00000381469727,TDNT,0.5984261369409694,500
50000,15328.468322753908,-34671.531677246094,-69.34306335449219,BDPT,0.5983888053403096,500
50000,31893.33152770996,-18106.66847229004,-36.21333694458008,AMNC,0.598176817773586,500
50000,84363.96026611328,34363.96026611328,68.72792053222656,ALTX,0.5980999224655149,500
50000,19480.524063110348,-30519.475936889652,-61.0389518737793,FBOP,0.598016970260865,500
50000,33.332824707033026,-49966.66717529297,-99.93333435058594,AIKO,0.5977117616715941,500
50000,23192.306518554684,-26807.693481445316,-53.61538696289063,PIAC,0.5976063640661258,500
50000,8181.167602539063,-41818.83239746094,-83.63766479492188,EPYFF,0.5975917530341922,500
50000,451.3893127441382,-49548.61068725586,-99.09722137451172,VYBE,0.5975907243850462,500
50000,21978.01971435547,-28021.98028564453,-56.04396057128906,IDEA,0.5975526320020463,500
50000,71.47979736328303,-49928.52020263672,-99.85704040527344,CAGU,0.5975354941747602,500
50000,120122.07794189453,70122.07794189453,140.24415588378906,RJDG,0.5971481696443943,500
50000,50000.0,0.0,0.0,PUGE,0.5970409104479878,500
50000,6250.0,-43750.0,-87.5,SMFX,0.5970401715944382,500
50000,30500.003814697262,-19499.996185302738,-38.99999237060547,MDWK,0.5964876680620487,500
50000,18136.78169250488,-31863.21830749512,-63.72643661499024,FORW,0.596472774664231,500
50000,2997.78366088867,-47002.21633911133,-94.00443267822266,MTEI,0.5964221244286417,500
50000,10256.412506103517,-39743.587493896484,-79.48717498779297,GFOO,0.5963888349497602,500
50000,664.8941040038992,-49335.1058959961,-98.6702117919922,ESGI,0.5961512393457432,500
50000,21.682739257811168,-49978.31726074219,-99.95663452148438,AMIH,0.5961385518506868,500
50000,769.2298889160231,-49230.77011108398,-98.46154022216795,MAJCQ,0.5959414344123594,500
50000,20727.270126342773,-29272.729873657227,-58.54545974731445,ABQQ,0.5958099365173298,500
50000,18293.333053588867,-31706.666946411133,-63.413333892822266,WSRRF,0.595737208472664,500
50000,48592.44632720947,-1407.5536727905273,-2.8151073455810547,CSKL,0.5956582444624916,500
50000,1831.5010070800774,-48168.49899291992,-96.33699798583984,BTDG,0.5954471532394643,500
50000,4644.2489624023365,-45355.75103759766,-90.71150207519533,GWRRF,0.5953643398879457,500
50000,91.65954589843706,-49908.34045410156,-99.81668090820312,SRUS,0.5952995693394375,500
50000,158.10012817382702,-49841.89987182617,-99.68379974365234,UNAM,0.5952918601817727,500
50000,9174.312591552736,-40825.687408447266,-81.65137481689453,SNMN,0.5949962033903893,500
50000,20154.75273132324,-29845.24726867676,-59.69049453735352,SUIC,0.5948083198524141,500
50000,7142.860412597657,-42857.139587402344,-85.71427917480469,NTGL,0.5947550659228288,500
50000,7594.490051269531,-42405.50994873047,-84.81101989746094,AGDXF,0.5947023340329243,500
50000,4999.999999999999,-45000.0,-90.0,GRYEF,0.5945849791402164,500
50000,27436.365127563477,-22563.634872436523,-45.12726974487305,NAHD,0.5943264421361836,500
50000,12837.83721923828,-37162.16278076172,-74.32432556152344,ONCI,0.5942164003247661,500
50000,17500.0,-32500.0,-65.0,CAPC,0.594196199727248,500
50000,19021.738052368164,-30978.261947631836,-61.95652389526367,ICNM,0.5941661283437182,500
50000,39441.29180908203,-10558.708190917969,-21.117416381835938,CNND,0.5941062025023472,500
50000,1909.1262817382826,-48090.87371826172,-96.18174743652344,IONKF,0.5939195185557621,500
50000,93421.04721069336,43421.04721069336,86.84209442138672,CATWF,0.5937860723781799,500
50000,14179.10385131836,-35820.89614868164,-71.64179229736328,INCC,0.5937378638332648,500
50000,43.36166381835871,-49956.63833618164,-99.91327667236328,ALYI,0.5930660943119084,500
50000,439.1975402832038,-49560.8024597168,-99.1216049194336,PBLA,0.5930317646304499,500
50000,14150.943756103517,-35849.056243896484,-71.69811248779297,BYOC,0.5929350429955572,500
50000,50000.0,0.0,0.0,MLYCF,0.5928108677514935,500
50000,119999.99237060548,69999.99237060548,139.99998474121094,IDIG,0.5926399185790127,500
50000,105673.75946044923,55673.75946044923,111.34751892089844,GBRRF,0.5924532027891768,500
50000,26219.50912475586,-23780.49087524414,-47.56098175048828,PTOP,0.5923805316992581,500
50000,9837.219238281248,-40162.78076171875,-80.3255615234375,SRKZF,0.5922581541184054,500
50000,76214.9543762207,26214.954376220703,52.429908752441406,BBLC,0.5919396176490674,500
50000,82062.89291381836,32062.89291381836,64.12578582763672,FXRVF,0.5919105668087059,500
50000,5219.779968261718,-44780.22003173828,-89.56044006347656,EPYFF,0.5914828923015512,500
50000,50000.0,0.0,0.0,ICNB,0.591396198261482,500
50000,88543.36166381836,38543.36166381836,77.08672332763672,CNNA,0.591311670270491,500
50000,35714.28489685059,-14285.715103149407,-28.571430206298828,CFGX,0.5912801057911939,500
50000,58139.52922821045,8139.529228210449,16.2790584564209,FTEG,0.590676109471842,500
50000,50000.0,0.0,0.0,NWGC,0.5905663649510496,500
50000,46305.941343307495,-3694.058656692505,-7.38811731338501,GECFF,0.5905536821991176,500
50000,9999.999999999998,-40000.0,-80.0,CNXS,0.5903939316181778,500
50000,25.001525878898256,-49974.9984741211,-99.9499969482422,WYCC,0.5903767437183944,500
50000,4482.944488525392,-45517.05551147461,-91.03411102294922,GMZP,0.5903050998249372,500
50000,499999.9084472656,449999.9084472656,899.9998168945312,PFNO,0.5902112103469663,500
50000,414527.8625488281,364527.8625488281,729.0557250976562,APHP,0.5901729252164709,500
50000,22641.649246215824,-27358.350753784176,-54.71670150756836,MFMLF,0.5901525901502005,500
50000,29945.04928588867,-20054.95071411133,-40.109901428222656,HDVTY,0.5898164203892754,500
50000,238.16299438476074,-49761.83700561524,-99.52367401123048,GZIC,0.589733443315459,500
50000,5995.7847595214835,-44004.215240478516,-88.00843048095703,AUNXF,0.5895616661122655,500
50000,359.710693359383,-49640.28930664062,-99.28057861328124,AIVN,0.5893894968356129,500
50000,54532.51791000366,4532.517910003662,9.065035820007324,KRNNF,0.5889309752768295,500
50000,50000.0,0.0,0.0,CPWY,0.5887213355072778,500
50000,50000.0,0.0,0.0,SNRS,0.5883684525072789,500
50000,14107.460021972656,-35892.539978027344,-71.78507995605469,IICN,0.5881147806090631,500
50000,154.7203063964775,-49845.27969360352,-99.69055938720705,MDEX,0.5879977511522179,500
50000,50000.0,0.0,0.0,WSSE,0.587994323579213,500
50000,194579.84924316406,144579.84924316406,289.1596984863281,COPR,0.5877583076913068,500
50000,50000.0,0.0,0.0,ZVOI,0.5877401113775098,500
50000,365.6997680663965,-49634.3002319336,-99.2686004638672,WCUI,0.5876638674335565,500
50000,44303.794384002686,-5696.205615997314,-11.392411231994627,EVKG,0.5876294735538663,500
50000,18225.265502929684,-31774.734497070316,-63.54946899414063,WSRRF,0.5875227888774993,500
50000,20464.51950073242,-29535.48049926758,-59.07096099853516,CHSTF,0.587074411758145,500
50000,143910.26306152344,93910.26306152344,187.82052612304688,BZYR,0.5869082095017506,500
50000,3058.822631835939,-46941.17736816406,-93.88235473632812,NXMR,0.586660796950654,500
50000,61666.66793823242,11666.667938232422,23.333335876464844,CEBUY,0.5866577768443021,500
50000,42307.69348144531,-7692.3065185546875,-15.384613037109377,HGGCF,0.5866077701619894,500
50000,25000.001907348633,-24999.998092651367,-49.999996185302734,RINO,0.5865199278034915,500
50000,50000.0,0.0,0.0,ENDO,0.5864429115400818,500
50000,65.338134765619,-49934.66186523438,-99.86932373046876,ISRB,0.5861624383899686,500
50000,65.338134765619,-49934.66186523438,-99.86932373046876,GKIN,0.5861624383899686,500
50000,8750.000000000002,-41250.0,-82.5,ARIZF,0.585974728520791,500
50000,22374.332427978516,-27625.667572021484,-55.25133514404297,NOURF,0.5858873587134424,500
50000,35806.453704833984,-14193.546295166016,-28.38709259033203,RGSG,0.5858431142281834,500
50000,1676.4450073242176,-48323.55499267578,-96.64710998535156,TYTN,0.5857984159293216,500
50000,2750.1029968261705,-47249.89700317383,-94.49979400634766,HSDT,0.5857512625053237,500
50000,66666.66793823242,16666.667938232422,33.333335876464844,DADTF,0.5856071331520519,500
50000,53571.430683135986,3571.4306831359863,7.142861366271973,MSEZ,0.5854973803654521,500
50000,9261.875152587889,-40738.12484741211,-81.47624969482422,NCPCD,0.5853974454294548,500
50000,669901.9775390625,619901.9775390625,1239.803955078125,TFGL,0.5852459117121335,500
50000,2283.103942871101,-47716.8960571289,-95.4337921142578,PSRU,0.5851423362075079,500
50000,12826.087951660158,-37173.912048339844,-74.34782409667969,NWPG,0.5850317476472859,500
50000,19.348144531250444,-49980.65185546875,-99.9613037109375,VBIVQ,0.5850234898570998,500
50000,145000.0076293945,95000.0076293945,190.00001525878903,PAOG,0.5849442844023551,500
50000,597.2671508788995,-49402.7328491211,-98.8054656982422,TPIA,0.584592267949618,500
50000,118489.58587646483,68489.58587646483,136.9791717529297,MQMIF,0.5845088453915945,500
50000,43859.649658203125,-6140.350341796875,-12.28070068359375,RYOOF,0.5841605533061568,500
50000,52726.0594367981,2726.059436798103,5.452118873596191,FCODF,0.5840177157619275,500
50000,40416.664123535156,-9583.335876464844,-19.166671752929688,TGMR,0.5839790936366467,500
50000,10942.424774169924,-39057.57522583008,-78.11515045166016,VDTAF,0.5838769894682627,500
50000,20833.333969116215,-29166.666030883785,-58.33333206176758,LRSV,0.5838401901343232,500
50000,62134.018898010254,12134.018898010254,24.268037796020508,FPCG,0.5836921573067996,500
50000,13551.776885986328,-36448.22311401367,-72.89644622802734,BISA,0.5836129653378148,500
50000,29999.996185302734,-20000.003814697266,-40.00000762939453,NWCN,0.5833763335301491,500
50000,318571.4111328125,268571.4111328125,537.142822265625,SAPMY,0.583230500909333,500
50000,4.88281250000111,-49995.1171875,-99.990234375,EVFM,0.5831652228151345,500
50000,249.64904785156338,-49750.35095214844,-99.50070190429688,ACMB,0.5831200032156567,500
50000,165052.84118652344,115052.84118652344,230.10568237304688,SGQRF,0.5830870867816379,500
50000,290476.1962890625,240476.1962890625,480.952392578125,GBHPF,0.5829746711045724,500
50000,499999.9084472656,449999.9084472656,899.9998168945312,RIGH,0.5828744494963967,500
50000,7271.968841552734,-42728.031158447266,-85.45606231689453,DBMM,0.5826566057094916,500
50000,7.675170898435724,-49992.32482910156,-99.98464965820312,VENG,0.5825790484592841,500
50000,238374.96948242185,188374.96948242185,376.74993896484375,CBDS,0.5825223853978514,500
50000,53921.56124114991,3921.5612411499096,7.843122482299805,LCGMF,0.5823732650570907,500
50000,22161.886215209957,-27838.113784790043,-55.67622756958008,NMEX,0.5823709544750885,500
50000,21428.569793701176,-28571.430206298824,-57.142860412597656,SGBI,0.5823469407757225,500
50000,645.1606750488281,-49354.83932495117,-98.70967864990234,RDDTF,0.5822065949564937,500
50000,50000.0,0.0,0.0,GMND,0.5821767059404632,500
50000,138888.8931274414,88888.8931274414,177.7777862548828,BEGI,0.5817837879637185,500
50000,1449.2759704589796,-48550.72402954102,-97.10144805908205,PBHG,0.5816698645112911,500
50000,66046.50688171387,16046.506881713867,32.093013763427734,COGNY,0.5815059631342319,500
50000,31.822204589837533,-49968.17779541016,-99.93635559082033,EVFM,0.5814875326326355,500
50000,25641.02554321289,-24358.97445678711,-48.71794891357422,KRFG,0.5814682350399085,500
50000,15094.337463378904,-34905.662536621094,-69.81132507324219,FTMDF,0.5812705558179633,500
50000,2564.1021728515625,-47435.89782714844,-94.87179565429688,ZPAS,0.5811721722668163,500
50000,19103.44886779785,-30896.55113220215,-61.7931022644043,VPIM,0.5811558149243109,500
50000,13589024.414062498,13539024.414062498,27078.048828125,BMTM,0.5811231359617086,500
50000,3278.686523437502,-46721.3134765625,-93.442626953125,BYNEF,0.581087107169073,500
50000,28117.052078247074,-21882.947921752926,-43.76589584350586,AAVXF,0.5810828507596093,500
50000,88.37127685547009,-49911.62872314453,-99.82325744628906,AMCT,0.5808743199694685,500
50000,34716.97902679443,-15283.020973205566,-30.566041946411133,HSCC,0.5808586807138907,500
50000,3235.1989746093823,-46764.80102539062,-93.52960205078124,AXIM,0.5808454531908427,500
50000,15277.774810791017,-34722.225189208984,-69.44445037841797,NWTT,0.5808096528280978,500
50000,1619.3199157714778,-48380.68008422852,-96.76136016845705,WIBFF,0.5806874618684784,500
50000,6085.685729980467,-43914.31427001953,-87.82862854003906,EFVIF,0.5805315949729887,500
50000,56489.75896835328,6489.758968353279,12.979517936706545,WNMLA,0.5803502437611757,500
50000,50000.0,0.0,0.0,UREQF,0.5798697783711464,500
50000,3335.521697998045,-46664.47830200195,-93.3289566040039,UNVC,0.5798339517921408,500
50000,0.9155273437477796,-49999.08447265625,-99.9981689453125,AHPIQ,0.5798096301604159,500
50000,159574.4400024414,109574.4400024414,219.1488800048828,SLXXF,0.5797722267362067,500
50000,50000.0,0.0,0.0,CRMBQ,0.5796495589314878,500
50000,87228.68347167969,37228.68347167969,74.45736694335938,SPHDF,0.5795694280446608,500
50000,13670.585632324217,-36329.41436767578,-72.65882873535156,NKWFF,0.5793379374927891,500
50000,35.75515747070157,-49964.2448425293,-99.9284896850586,VTNA,0.5792742138679088,500
50000,63534.516334533684,13534.516334533684,27.069032669067383,FXRVF,0.5792602486490521,500
50000,12191.192626953123,-37808.807373046875,-75.61761474609375,PXLW,0.5792307077666378,500
50000,318.8743591308607,-49681.12564086914,-99.36225128173828,PDNLB,0.5791324058066701,500
50000,4999.999999999999,-45000.0,-90.0,MDCN,0.5791225715066699,500
50000,50000.0,0.0,0.0,GLHD,0.5790570643738997,500
50000,510989.013671875,460989.013671875,921.97802734375,ALYI,0.5790100024527952,500
50000,69582.50617980957,19582.50617980957,39.16501235961914,FULO,0.5788755380721144,500
50000,3125.0,-46875.0,-93.75,LIFS,0.5786931619211197,500
50000,918.4417724609373,-49081.55822753906,-98.16311645507812,TPII,0.5786703310671022,500
50000,100000.0,50000.0,100.0,PPII,0.5786541228478671,500
50000,50000.0,0.0,0.0,SMKG,0.578653419966468,500
50000,1744.590759277337,-48255.40924072266,-96.51081848144533,REFG,0.5786454092459985,500
50000,33333.32824707031,-16666.671752929688,-33.333343505859375,KARE,0.5785921372185627,500
50000,4080.722808837889,-45919.27719116211,-91.83855438232422,BULT,0.5785176829435059,500
50000,8519.996643066408,-41480.003356933594,-82.96000671386719,MALDF,0.5784903226475832,500
50000,50000.0,0.0,0.0,PRZM,0.5784883591791178,500
50000,9821.426391601562,-40178.57360839844,-80.35714721679688,GYGC,0.5784213968150083,500
50000,250.00000000000023,-49750.0,-99.5,NMSCA,0.5780577184055582,500
50000,40307.24048614502,-9692.75951385498,-19.38551902770996,KYOCF,0.5779667735687197,500
50000,1.8539428710995232,-49998.1460571289,-99.9962921142578,FJHL,0.5778228900548592,500
50000,61111.108779907234,11111.108779907234,22.222217559814453,MNTR,0.5778045172973361,500
50000,50000.0,0.0,0.0,GLFN,0.5776600686830266,500
50000,197.03292846679489,-49802.9670715332,-99.6059341430664,FERL,0.5773928018550919,500
50000,13913.04397583008,-36086.95602416992,-72.17391204833984,FCHS,0.5772990948689853,500
50000,3012.5007629394518,-46987.49923706055,-93.9749984741211,ATRX,0.5772960681655429,500
50000,185298.00415039062,135298.00415039062,270.59600830078125,QTCI,0.5772642279373114,500
50000,40503.22914123535,-9496.770858764648,-18.993541717529297,SMC,0.5768581450198507,500
50000,42372.880935668945,-7627.119064331055,-15.25423812866211,BLFE,0.5767787431557856,500
50000,33058.34770202637,-16941.652297973633,-33.883304595947266,ATOXF,0.5767602089337904,500
50000,383170.7763671875,333170.7763671875,666.341552734375,NCFFF,0.576585986337817,500
50000,2216.411590576173,-47783.58840942383,-95.56717681884766,XCPL,0.576556899062615,500
50000,10570.823669433594,-39429.176330566406,-78.85835266113281,KRTL,0.5764971925181345,500
50000,5999.729156494138,-44000.27084350586,-88.00054168701172,ADHI,0.5763355848270453,500
50000,16666.664123535156,-33333.335876464844,-66.66667175292969,AIMH,0.5761466273205432,500
50000,10919.83413696289,-39080.16586303711,-78.16033172607422,EGRNF,0.5761284739926695,500
50000,11382.11441040039,-38617.88558959961,-77.23577117919922,FTXP,0.5760049882379545,500
50000,20112.94937133789,-29887.05062866211,-59.77410125732422,BSTO,0.5758527799901854,500
50000,7248.096466064452,-42751.90353393555,-85.5038070678711,MJDS,0.5756966509971944,500
50000,16479.40063476562,-33520.599365234375,-67.04119873046875,CATPF,0.5756460234848754,500
50000,57923.92587661743,7923.925876617432,15.847851753234863,PTTTS,0.5755575313883035,500
50000,217457.99255371097,167457.99255371097,334.9159851074219,NDEV,0.5755547436059012,500
50000,41079.81586456299,-8920.184135437012,-17.840368270874023,ROYIF,0.57542079077238,500
50000,44925.002574920654,-5074.997425079346,-10.149994850158691,EAATF,0.5752856363857523,500
50000,115606.91833496092,65606.91833496092,131.21383666992188,HEGLF,0.5752800076262241,500
50000,40624.99809265137,-9375.001907348633,-18.750003814697266,DEWY,0.5752202911572883,500
50000,4148.582458496103,-45851.4175415039,-91.7028350830078,NUGL,0.5749473051013523,500
50000,1562.5,-48437.5,-96.875,RGIN,0.5748758385065014,500
50000,110344.81048583984,60344.810485839844,120.68962097167967,HEGLF,0.5745252199887128,500
50000,1428.5736083984368,-48571.42639160156,-97.14285278320312,MDLM,0.5744945464306807,500
50000,4858.352661132814,-45141.64733886719,-90.28329467773438,DRJG,0.5739945644111907,500
50000,4858.352661132814,-45141.64733886719,-90.28329467773438,RGSTD,0.5739945644111907,500
50000,47705.08098602295,-2294.919013977051,-4.589838027954102,RMHB,0.5738415473778677,500
50000,13157894.53125,13107894.53125,26215.7890625,GWPD,0.5738131797715819,500
50000,141584.14459228516,91584.14459228516,183.1682891845703,CNNA,0.5729371676117209,500
50000,122415.22979736328,72415.22979736328,144.83045959472656,BDLNF,0.5727606369666005,500
50000,50000.0,0.0,0.0,EHOS,0.572751704547784,500
50000,17349.063873291016,-32650.936126708984,-65.30187225341797,TAMG,0.5726079609179042,500
50000,40875.00095367432,-9124.999046325684,-18.249998092651367,BTURF,0.5725869758302781,500
50000,384.61303710938256,-49615.38696289062,-99.23077392578124,PCHK,0.5724026035435085,500
50000,20085.46829223633,-29914.53170776367,-59.829063415527344,IGXT,0.5723564586851975,500
50000,27513.22746276855,-22486.77253723145,-44.97354507446289,EXMT,0.5722335257635658,500
50000,7175.525665283206,-42824.4743347168,-85.6489486694336,BKTPF,0.5720314737090845,500
50000,65500.18787384033,15500.187873840332,31.000375747680664,FLCX,0.5719506370475017,500
50000,30757.320404052734,-19242.679595947266,-38.48535919189453,RTGC,0.5718988392818247,500
50000,25514.400482177734,-24485.599517822266,-48.97119903564453,QEDN,0.5718294282696725,500
50000,10841.159820556639,-39158.84017944336,-78.31768035888672,QEDN,0.5717084740329338,500
50000,554545.4406738281,504545.4406738281,1009.0908813476562,HAUP,0.5717044972256399,500
50000,14486.839294433596,-35513.160705566406,-71.02632141113281,MSRM,0.5713045456102515,500
50000,14734.561920166017,-35265.438079833984,-70.53087615966797,GSMGF,0.571088606292409,500
50000,50000.0,0.0,0.0,CYBD,0.5709466828367766,500
50000,36294.27528381348,-13705.724716186523,-27.411449432373047,JRSS,0.5703877302193433,500
50000,670.2384948730489,-49329.76150512695,-98.6595230102539,RGUS,0.5700251611193687,500
50000,11538.459777832033,-38461.54022216797,-76.92308044433594,ANGCF,0.5699964805957183,500
50000,178571.44165039062,128571.44165039062,257.14288330078125,MGTC,0.5699921407385585,500
50000,95365.85998535156,45365.85998535156,90.73171997070312,SHASF,0.5699471813442436,500
50000,5.382537841797097,-49994.6174621582,-99.9892349243164,PQEFF,0.5699072322144296,500
50000,17241.374969482422,-32758.625030517578,-65.51725006103516,TGRO,0.569888976839687,500
50000,50000.0,0.0,0.0,SHOM,0.5698426641917065,500
50000,1249.4812011718814,-48750.51879882812,-97.50103759765624,SIVBQ,0.5696893451609059,500
50000,51724.141240119934,1724.141240119934,3.448282480239868,AMLH,0.5696675453657647,500
50000,416666.6564941407,366666.6564941407,733.3333129882812,YRLLF,0.5696044027586016,500
50000,50000.0,0.0,0.0,VPOR,0.569353212148528,500
50000,25000.0,-25000.0,-50.0,CLAZF,0.5692574029819928,500
50000,6282.413482666016,-43717.586517333984,-87.43517303466797,TPII,0.5688443918224845,500
50000,248223.6785888672,198223.6785888672,396.4473571777344,WNMLA,0.5688108287025078,500
50000,28857.141494750977,-21142.858505249023,-42.28571701049805,GAMN,0.5687030075930611,500
50000,25000.0,-25000.0,-50.0,CTOHF,0.568608361192355,500
50000,26315.788269042972,-23684.211730957028,-47.36842346191406,NWTT,0.5685202144537234,500
50000,5235.603332519534,-44764.39666748047,-89.52879333496094,HQGE,0.5684021018114682,500
50000,3433.7348937988286,-46566.26510620117,-93.13253021240234,CWNOF,0.5683283927523932,500
50000,30171.772003173835,-19828.227996826165,-39.65645599365234,LSIHF,0.5681837010851373,500
50000,61022.22633361817,11022.226333618171,22.044452667236328,PRSNF,0.5681601756576092,500
50000,21286.588668823235,-28713.411331176765,-57.42682266235352,GSMGF,0.567878856589094,500
50000,51571.31314277649,1571.3131427764893,3.1426262855529785,BNTRF,0.5678213529508105,500
50000,9431.842803955076,-40568.15719604492,-81.13631439208984,ATVK,0.5676739230449398,500
50000,50000.0,0.0,0.0,KARE,0.5676365114740836,500
50000,4999.999999999999,-45000.0,-90.0,TDYT,0.5675594418509385,500
50000,40481.48250579834,-9518.51749420166,-19.03703498840332,BKUT,0.567529039863649,500
50000,64594.47479248047,14594.474792480469,29.188949584960938,PTSH,0.5674518621707758,500
50000,50000.0,0.0,0.0,IDAM,0.5673450323455981,500
50000,86389.93072509766,36389.930725097656,72.77986145019531,EQUEY,0.5671992357076997,500
50000,4999.999999999999,-45000.0,-90.0,ESNC,0.5671806107120876,500
50000,29571.405410766605,-20428.594589233395,-40.8571891784668,PTGX,0.5671650109189228,500
50000,15557502.929687498,15507502.929687498,31015.005859375,GLOH,0.5670937290013296,500
50000,42339.15424346924,-7660.845756530762,-15.321691513061523,CNVT,0.5670357114519344,500
50000,43579.7700881958,-6420.229911804199,-12.840459823608398,UAHC,0.5667894491525277,500
50000,18950.439453125,-31049.560546875,-62.09912109375,MYRLF,0.5667884918187589,500
50000,314.77737426757744,-49685.22262573242,-99.37044525146484,EARI,0.5667473318336981,500
50000,350000.0,300000.0,600.0,VICP,0.5665122972970191,500
50000,21875.0,-28125.0,-56.25,BHSIF,0.5664885400647266,500
50000,14613.24691772461,-35386.75308227539,-70.77350616455078,SLTFF,0.5664140081902854,500
50000,1302.085876464837,-48697.91412353516,-97.39582824707033,GLCO,0.566398243128933,500
50000,50000.0,0.0,0.0,MEGH,0.566387004693792,500
50000,20233.2649230957,-29766.7350769043,-59.533470153808594,VULMF,0.5663821896880069,500
50000,4766.4451599121085,-45233.55484008789,-90.46710968017578,PMBY,0.566221034721652,500
50000,106596.5461730957,56596.5461730957,113.1930923461914,CUKPF,0.5658080596429917,500
50000,73.5321044921855,-49926.46789550781,-99.85293579101562,NZIH,0.5655623817424364,500
50000,166666.67175292966,116666.67175292966,233.33334350585932,LTHIF,0.5655595052003637,500
50000,31250.0,-18750.0,-37.5,SOEN,0.5654257584793861,500
50000,45.26519775389648,-49954.7348022461,-99.9094696044922,XELA,0.5653144956600583,500
50000,15869.567871093748,-34130.43212890625,-68.2608642578125,QUBT,0.5652723445783947,500
50000,6458.33206176758,-43541.66793823242,-87.08333587646484,HTGMQ,0.5651262438749604,500
50000,3972.9728698730482,-46027.02713012695,-92.0540542602539,EGRAF,0.565103100708149,500
50000,50000.0,0.0,0.0,MHYR,0.5649597953997848,500
50000,1806.1180114746112,-48193.88198852539,-96.38776397705078,LNTO,0.564854119100587,500
50000,92533.94317626953,42533.94317626953,85.06788635253906,INTI,0.5648033167417488,500
50000,34512.890815734856,-15487.109184265144,-30.97421836853028,RMSL,0.5647207566099355,500
50000,33333.335876464844,-16666.664123535156,-33.33332824707031,ABCFF,0.5647034352554997,500
50000,90451.83181762695,40451.83181762695,80.9036636352539,KAIKY,0.5646961212845998,500
50000,81499.57275390625,31499.57275390625,62.9991455078125,DLKGF,0.5646441502611074,500
50000,5051.235198974608,-44948.76480102539,-89.89752960205078,ASHI,0.5645368599537343,500
50000,8366.344451904295,-41633.6555480957,-83.2673110961914,HDUP,0.5643295388202129,500
50000,22029.37316894531,-27970.62683105469,-55.941253662109375,MAANF,0.5642459906919884,500
50000,50000.0,0.0,0.0,SMVS,0.5642450571379874,500
50000,33750.0057220459,-16249.994277954102,-32.4999885559082,ILIM,0.563999400299858,500
50000,35296.6833114624,-14703.316688537598,-29.406633377075195,QWTR,0.5639578677301821,500
50000,82.64541625975785,-49917.35458374024,-99.83470916748048,NLBS,0.5637145150174948,500
50000,16528.926849365234,-33471.073150634766,-66.94214630126953,NLGCF,0.5636680680427822,500
50000,28976.818084716793,-21023.181915283207,-42.046363830566406,MRLLF,0.5636145303144695,500
50000,25602.792739868164,-24397.207260131836,-48.79441452026367,BEGI,0.5634289841055721,500
50000,61250.01430511474,11250.014305114739,22.50002861022949,BITCF,0.5630575910367149,500
50000,30186.61499023437,-19813.38500976563,-39.62677001953125,GLNS,0.562886726724868,500
50000,95041.33224487305,45041.33224487305,90.0826644897461,AGSVF,0.5628452166077332,500
50000,29843.748092651367,-20156.251907348633,-40.31250381469727,CNBX,0.5628432311192053,500
50000,15067.07763671875,-34932.92236328125,-69.8658447265625,ITRX,0.562834208099769,500
50000,10194.17190551758,-39805.82809448242,-79.61165618896484,LOGQ,0.5619016784164292,500
50000,9314.010620117186,-40685.98937988281,-81.37197875976562,PEIMF,0.5619008492957737,500
50000,984.9166870117165,-49015.08331298828,-98.03016662597656,FRCB,0.5617358687141382,500
50000,72018.34487915039,22018.34487915039,44.03668975830078,NICH,0.5614282272032906,500
50000,50000.0,0.0,0.0,ABPR,0.5611118746748758,500
50000,1413100.09765625,1363100.09765625,2726.2001953125,AUTR,0.5610437399541484,500
50000,940989.1967773439,890989.1967773439,1781.9783935546875,TXRP,0.5610355100208769,500
50000,7819.385528564454,-42180.61447143555,-84.3612289428711,AGSS,0.5609628852156533,500
50000,49047.61183261871,-952.3881673812866,-1.9047763347625728,ASLRF,0.5609202277284047,500
50000,44704.819202423096,-5295.180797576904,-10.590361595153809,SECUF,0.5608672988880167,500
50000,237974.365234375,187974.365234375,375.94873046875,SKVI,0.5606653507353089,500
50000,21782.821655273438,-28217.178344726562,-56.434356689453125,COHN,0.5605614677085942,500
50000,35161.74221038818,-14838.257789611816,-29.67651557922364,CDBT,0.5605129474557942,500
50000,62274.991035461426,12274.991035461426,24.54998207092285,RSTN,0.5603750414068411,500
50000,1048.2177734374986,-48951.7822265625,-97.903564453125,QEBR,0.5603493909118078,500
50000,90203.96041870117,40203.96041870117,80.40792083740234,GIFX,0.5602992644271514,500
50000,15161.289215087892,-34838.71078491211,-69.67742156982422,GEGP,0.5602133579232816,500
50000,12.229919433598413,-49987.7700805664,-99.9755401611328,MGXMF,0.560194393909209,500
50000,31176.933288574215,-18823.066711425785,-37.64613342285156,CEUMF,0.560058693360625,500
50000,5.947113037108043,-49994.05288696289,-99.98810577392578,AJYG,0.5599893963138168,500
50000,240.6730651855482,-49759.32693481445,-99.5186538696289,AMIH,0.5598919115878507,500
50000,13119.892120361326,-36880.10787963867,-73.76021575927734,AIFF,0.5596853369645994,500
50000,7042.25540161133,-42957.74459838867,-85.91548919677734,MOBIF,0.5596625771372539,500
50000,20506.168365478516,-29493.831634521484,-58.98766326904297,JRSS,0.5595499567710176,500
50000,30761.211395263672,-19238.788604736328,-38.477577209472656,LKMNF,0.5594906301565059,500
50000,19.157409667969194,-49980.84259033203,-99.96168518066406,LIVC,0.5594129467636313,500
50000,100000.0,50000.0,100.0,PYCT,0.5593861120400055,500
50000,6204.3495178222665,-43795.650482177734,-87.59130096435547,SAVA,0.5592975068155425,500
50000,15.682220458979046,-49984.31777954102,-99.96863555908205,GWSN,0.5592008821784497,500
50000,7142.856597900393,-42857.14340209961,-85.71428680419922,FUGI,0.5591367671944407,500
50000,28869.04525756836,-21130.95474243164,-42.26190948486328,EOXFF,0.5590918789245417,500
50000,38873.763084411614,-11126.236915588386,-22.25247383117676,PPSI,0.5589593881492286,500
50000,47698.744773864746,-2301.255226135254,-4.602510452270508,OSCI,0.5589564847010979,500
50000,75502.37464904785,25502.37464904785,51.0047492980957,BLLQF,0.558902872834971,500
50000,54010.41078567504,4010.4107856750416,8.020821571350098,CIRX,0.5588437457055867,500
50000,25585.369110107415,-24414.630889892585,-48.82926177978516,GALKF,0.5588211151678543,500
50000,393457.94677734375,343457.94677734375,686.9158935546875,IGPK,0.5586714470078947,500
50000,7083.332061767578,-42916.66793823242,-85.83333587646484,SCNA,0.5585882127093356,500
50000,7191.780090332034,-42808.21990966797,-85.61643981933594,NIMU,0.5585790105699358,500
50000,91765.81954956055,41765.81954956055,83.5316390991211,AMPY,0.5585018379077269,500
50000,50000.0,0.0,0.0,VRTC,0.5584888636677849,500
50000,57.68203735352362,-49942.31796264648,-99.88463592529295,AGFAF,0.5584689168049952,500
50000,400.8331298828105,-49599.16687011719,-99.19833374023438,GNAL,0.558405276362653,500
50000,55663.719177246094,5663.719177246094,11.327438354492188,PBCRF,0.5583615923700977,500
50000,436503.4484863282,386503.4484863282,773.0068969726562,DRSHF,0.558344324651065,500
50000,7463.912963867187,-42536.08703613281,-85.07217407226562,CARM,0.5580470589005578,500
50000,23392.85659790039,-26607.14340209961,-53.21428680419922,MSMY,0.55800633001599,500
50000,22626.510620117184,-27373.489379882816,-54.746978759765625,SMOFF,0.5579392629312201,500
50000,63836.543083190925,13836.543083190925,27.67308616638184,OXBR,0.5578877783971539,500
50000,37462.49961853027,-12537.500381469727,-25.075000762939453,OTLC,0.5577831902384911,500
50000,227272.7203369141,177272.7203369141,354.5454406738281,CONC,0.5577406421919069,500
50000,10036.582946777346,-39963.417053222656,-79.92683410644531,RMHI,0.5576928350861948,500
50000,91000.00381469727,41000.003814697266,82.00000762939453,BDVC,0.5576067225707316,500
50000,4197.9942321777435,-45802.00576782226,-91.60401153564452,MNKA,0.5575325291432363,500
50000,16410.255432128906,-33589.744567871094,-67.17948913574219,FVTI,0.5573320902510281,500
50000,34999.993324279785,-15000.006675720215,-30.00001335144043,EHVVF,0.5572952610338903,500
50000,21428.569793701176,-28571.430206298824,-57.142860412597656,CBRSF,0.5571758426667743,500
50000,55451.20143890381,5451.201438903809,10.902402877807615,YRD,0.5571413568916477,500
50000,8856.231689453125,-41143.768310546875,-82.28753662109375,LTCP,0.5571133270287786,500
50000,29364.587783813477,-20635.412216186523,-41.27082443237305,PBLA,0.5570704779159918,500
50000,37586.490631103516,-12413.509368896484,-24.82701873779297,ILLMF,0.5569434008392239,500
50000,294838.0432128907,244838.04321289068,489.6760864257813,OIBRQ,0.5569333659829137,500
50000,4008.3694458007803,-45991.63055419922,-91.98326110839844,BDCM,0.5568133741166764,500
50000,10869.564056396486,-39130.435943603516,-78.26087188720703,MENXF,0.5567710929618939,500
50000,15000.000000000002,-35000.0,-70.0,FMBV,0.5564429892790457,500
50000,17835.311889648438,-32164.688110351562,-64.32937622070312,GBMIF,0.5563926767623377,500
50000,50000.0,0.0,0.0,ESNR,0.5563731108916585,500
50000,14705.883026123045,-35294.11697387695,-70.5882339477539,MNGG,0.55634352641975,500
50000,90056.8161010742,40056.816101074204,80.11363220214844,AWON,0.5562596954941599,500
50000,41666.66126251221,-8333.338737487793,-16.666677474975586,LITH,0.5562419311020815,500
50000,170.1011657714746,-49829.89883422852,-99.65979766845705,DBRM,0.5559746017517218,500
50000,3305.782318115241,-46694.21768188476,-93.38843536376952,ATXMF,0.5559545932793927,500
50000,53179.368019104004,3179.368019104004,6.358736038208008,ATBPF,0.5558740380317079,500
50000,259814.75830078128,209814.75830078128,419.6295166015625,ASPZ,0.555829825747899,500
50000,2331.6383361816406,-47668.36166381836,-95.33672332763672,BFYW,0.5557967804241674,500
50000,79847.90229797363,29847.902297973633,59.69580459594727,CAFZF,0.5556571605135104,500
50000,365.20767211913886,-49634.79232788086,-99.26958465576172,AXRX,0.5556298515885248,500
50000,26197.60513305664,-23802.39486694336,-47.60478973388672,EDWZF,0.5555031097334298,500
50000,499999.9084472656,449999.9084472656,899.9998168945312,VMRI,0.5554386898388171,500
50000,9454.513549804688,-40545.48645019531,-81.09097290039062,NXGT,0.5552713859934908,500
50000,124999.99237060547,74999.99237060547,149.99998474121094,BDRGF,0.5552550007623993,500
50000,49623.64134192467,-376.35865807533264,-0.7527173161506653,EVSV,0.5551669014228378,500
50000,6394.447326660157,-43605.552673339844,-87.21110534667969,LWLW,0.5551446437573271,500
50000,72600.00038146973,22600.000381469727,45.20000076293945,CVAT,0.5550996103705812,500
50000,5567.401885986328,-44432.59811401367,-88.86519622802734,ARVY,0.5549687692814291,500
50000,212.49389648438367,-49787.50610351562,-99.57501220703124,CHNUF,0.5548554201726645,500
50000,50000.0,0.0,0.0,MEGH,0.5547463595255804,500
50000,9996.387481689451,-40003.61251831055,-80.0072250366211,IMTH,0.5547182987843101,500
50000,26022.30453491211,-23977.69546508789,-47.95539093017578,OPTI,0.5545648471631074,500
50000,25217.391967773438,-24782.608032226562,-49.565216064453125,KLKNF,0.5544696841625077,500
50000,14549.652099609373,-35450.347900390625,-70.90069580078125,SDCH,0.554407191296817,500
50000,5062.29782104492,-44937.70217895508,-89.87540435791016,XLPI,0.5543374743094122,500
50000,22421.520233154297,-27578.479766845703,-55.156959533691406,SVAD,0.5543319755171503,500
50000,8256.21032714844,-41743.78967285156,-83.48757934570312,FLMTF,0.5541595976431931,500
50000,29787.2371673584,-20212.7628326416,-40.4255256652832,ATCMF,0.5540549800732167,500
50000,50000.003637979265,0.0036379792654770426,7.275958523678128e-06,FONU,0.5538490867018175,500
50000,61904.75559234619,11904.755592346191,23.809511184692383,MDEX,0.5536815281976772,500
50000,37565.39344787598,-12434.606552124023,-24.869213104248047,JANL,0.5535768049873351,500
50000,20631.460189819332,-29368.539810180668,-58.73707962036133,SMTSF,0.5534903340158113,500
50000,51249.9977350235,1249.9977350234985,2.499995470046997,PRTDF,0.5533504858285716,500
50000,28532.60993957519,-21467.39006042481,-42.93478012084961,EMFGF,0.5532522557044748,500
50000,52658.61201286316,2658.612012863159,5.317224025726318,APTPF,0.5531474550798826,500
50000,36061.19728088378,-13938.802719116218,-27.877605438232425,RLBD,0.5531133219482368,500
50000,60476.19533538818,10476.195335388184,20.952390670776367,MGWFF,0.5530778242853982,500
50000,60394.43111419678,10394.431114196777,20.788862228393555,LCNTU,0.5530659720397522,500
50000,83333.34350585938,33333.343505859375,66.66668701171875,EVIO,0.553060288197074,500
50000,33081.80618286133,-16918.193817138672,-33.836387634277344,KPRX,0.5527833189760762,500
50000,11480.499267578125,-38519.500732421875,-77.03900146484375,GLMD,0.5527084616997173,500
50000,49515.30912518501,-484.6908748149872,-0.9693817496299744,LKFLF,0.55270680583169,500
50000,4672.8973388671875,-45327.10266113281,-90.65420532226562,PBHG,0.5523769235644725,500
50000,17043.121337890625,-32956.878662109375,-65.91375732421875,DMAN,0.5522674131802319,500
50000,1204.8187255859377,-48795.18127441406,-97.59036254882812,MAXD,0.5521226918336488,500
50000,4999.999999999999,-45000.0,-90.0,UTRK,0.5518751833076762,500
50000,31428.56597900391,-18571.43402099609,-37.14286804199219,LBAS,0.5517886761825322,500
50000,1551.6700744628909,-48448.32992553711,-96.89665985107422,ILUS,0.551649194844826,500
50000,27481.060028076172,-22518.939971923828,-45.037879943847656,BLPG,0.5516176070958286,500
50000,23465.24810791016,-26534.75189208984,-53.06950378417969,PLYFF,0.5516051190833701,500
50000,19218.74809265136,-30781.25190734864,-61.56250381469727,VINS,0.5515327673287912,500
50000,67460.3214263916,17460.3214263916,34.9206428527832,UMCN,0.5514671709841065,500
50000,3988749.755859375,3938749.755859375,7877.49951171875,FSEI,0.5513755247212342,500
50000,78947.35336303711,28947.35336303711,57.89470672607422,CBGL,0.5513207521122614,500
50000,3617.5689697265643,-46382.43103027344,-92.76486206054688,AXIM,0.5512540588706392,500
50000,46808.51101875305,-3191.4889812469482,-6.3829779624938965,KRFG,0.551166915097605,500
50000,376923.0651855469,326923.0651855469,653.8461303710938,NOKPF,0.5511141587694737,500
50000,303.39813232421744,-49696.60186767578,-99.39320373535156,WYPH,0.5510004772726826,500
50000,50000.0,0.0,0.0,TRXEF,0.5509901831922732,500
50000,50000.0,0.0,0.0,MRPI,0.5509889957210289,500
50000,52453.251123428345,2453.2511234283447,4.9065022468566895,ANIP,0.5509403686147475,500
50000,63.835144042967414,-49936.16485595703,-99.87232971191406,SIXWF,0.5508011042240373,500
50000,15621.887207031248,-34378.11279296875,-68.7562255859375,WLFFF,0.5507636993990537,500
50000,30.704498291023175,-49969.29550170898,-99.93859100341795,ECDD,0.5506951385281882,500
50000,37682.18994140625,-12317.81005859375,-24.6356201171875,MLLUY,0.5505596971989172,500
50000,21719.938278198235,-28280.061721801765,-56.56012344360352,NIHK,0.5504392232813892,500
50000,29411.76605224609,-20588.23394775391,-41.17646789550781,CNER,0.5504143106994427,500
50000,5.294799804689276,-49994.70520019531,-99.98941040039062,RRIF,0.550328327974542,500
50000,50000.0,0.0,0.0,DEMO,0.5501555040823443,500
50000,8346.603393554686,-41653.39660644531,-83.30679321289062,EMMA,0.5501497072579921,500
50000,209246.20056152344,159246.20056152344,318.4924011230469,CTTH,0.5500346608623726,500
50000,3164.516448974608,-46835.48355102539,-93.67096710205078,FSHRF,0.5498305785705504,500
50000,50000.0,0.0,0.0,FRGY,0.5497760869108235,500
50000,38194.692611694336,-11805.307388305664,-23.610614776611328,PRTA,0.5496794730499052,500
50000,50000.0,0.0,0.0,SGLA,0.5496108068829766,500
50000,29958.67919921875,-20041.32080078125,-40.0826416015625,CNER,0.5495839127124594,500
50000,12468.803405761719,-37531.19659423828,-75.06239318847656,AZURF,0.5495114981878383,500
50000,10598.926544189451,-39401.07345581055,-78.8021469116211,WPFH,0.5492752109752937,500
50000,17415.729522705074,-32584.270477294926,-65.16854095458984,RMRK,0.5492687207565216,500
50000,92307.71255493164,42307.71255493164,84.61542510986328,PBMRY,0.5492002522085675,500
50000,6122.447967529299,-43877.5520324707,-87.7551040649414,PDNLA,0.5491427937924055,500
50000,5719.966888427735,-44280.033111572266,-88.56006622314453,GSTC,0.5491397810876265,500
50000,37272.73082733154,-12727.269172668457,-25.45453834533692,ZLDAF,0.5490413556719437,500
50000,9610.755920410158,-40389.244079589844,-80.77848815917969,RCRT,0.5490036812116242,500
50000,9610.755920410158,-40389.244079589844,-80.77848815917969,NIXX,0.5488917474094406,500
50000,1813.7855529785252,-48186.21444702148,-96.37242889404295,FCUL,0.5487963945708797,500
50000,441.04385375975943,-49558.95614624024,-99.11791229248048,GSPTD,0.5487963945708797,500
50000,32855.207443237305,-17144.792556762695,-34.28958511352539,INVU,0.5487405455313651,500
50000,43333.33444595337,-6666.665554046631,-13.333331108093262,PGNYF,0.5485257139389154,500
50000,226.14669799804753,-49773.85330200195,-99.5477066040039,CHGI,0.5485159354636953,500
50000,35048.234939575195,-14951.765060424805,-29.90353012084961,NNRI,0.5484426655113112,500
50000,35528.52153778076,-14471.478462219238,-28.94295692443848,NXGT,0.5482990903277701,500
50000,103.49273681640182,-49896.5072631836,-99.7930145263672,ATHC,0.5482805445207374,500
50000,73.72283935546675,-49926.27716064453,-99.85255432128906,URHG,0.5482437802582488,500
50000,2822.7500915527394,-47177.24990844726,-94.35449981689452,PHUN,0.5481061459456583,500
50000,47172.13296890259,-2827.867031097412,-5.655734062194824,MDIKF,0.5480821268291617,500
50000,9459.461212158205,-40540.5387878418,-81.0810775756836,MOBIF,0.548065499826234,500
50000,7944.915771484373,-42055.084228515625,-84.11016845703125,AWWI,0.5479608896549,500
50000,45000.003814697266,-4999.996185302734,-9.999992370605469,LSMG,0.5479387884573682,500
50000,18410.482406616215,-31589.517593383785,-63.17903518676758,NUGL,0.5479316236819731,500
50000,50000.0,0.0,0.0,CVHIF,0.5479101014481642,500
50000,17852.94723510742,-32147.05276489258,-64.29410552978516,SCLF,0.5478876274008802,500
50000,4385.963439941398,-45614.0365600586,-91.2280731201172,HDII,0.5478516763042097,500
50000,16409.217834472656,-33590.782165527344,-67.18156433105469,BGFV,0.547846053294062,500
50000,41483.66737365723,-8516.332626342773,-17.032665252685547,BMCS,0.5477528377320614,500
50000,11436.946868896486,-38563.053131103516,-77.12610626220703,ENPRF,0.5477348764033646,500
50000,88333.33206176758,38333.33206176758,76.66666412353516,SIMTF,0.5477257760724039,500
50000,18779.998779296875,-31220.001220703125,-62.44000244140625,MLGCF,0.547680291182287,500
50000,16190.807342529295,-33809.1926574707,-67.6183853149414,MCKRF,0.547523682784798,500
50000,136363.6245727539,86363.6245727539,172.7272491455078,BZDLF,0.5475233073489176,500
