security,block,model_proba,position_size,final_value,pnl,return_pct,binding_constraint,capital_cap,volume_cap,security_limit,days_held
MRIB,8,0.79324593638469,192.45013961425101,192.45013961425101,0.0,0.0,volume,50000000.0,192.45013961425101,50000000.0,500
CALIQ,8,0.7862693703311595,2190.3260217609445,7.205054989185101,-2183.1209667717594,-99.67105102539062,volume,50000000.0,2190.3260217609445,50000000.0,500
PRXIQ,8,0.7751568285163158,512.2035926156505,5.121996848123729,-507.0815957675267,-99.00000762939452,volume,49999998.47181532,512.2035926156505,49999998.47181532,500
HCKG,9,0.7639487696517405,294.56444097356797,412.67981066945157,118.1153696958836,40.09831237792969,volume,49999995.5125925,294.56444097356797,49999995.5125925,500
WMGR,8,0.755485789584748,1700.9146422281365,1700.9146422281365,0.0,0.0,volume,49999993.96934018,1700.9146422281365,49999993.96934018,500
AHFD,10,0.7530620657474414,4061.0120069954864,4462.65071716031,401.63871016482335,9.890113830566406,volume,49999992.68329659,4061.0120069954864,49999992.68329659,500
SNRS,9,0.7493936411967943,150.74138834392326,150.74138834392326,0.0,0.0,volume,49999991.16398265,150.74138834392326,49999991.16398265,500
UBIA,9,0.7448305500930072,280.1117053748157,9.337063969436258,-270.77464140537944,-96.66666412353516,volume,49999989.861713566,280.1117053748157,49999989.861713566,500
AOLS,9,0.7446123096158276,223.77946632662125,223.77946632662125,0.0,0.0,volume,49999989.617591254,223.77946632662125,49999989.617591254,500
TLDN,9,0.7421909793320127,856.345351720923,20.88648474128388,-835.4588669796391,-97.56097412109376,volume,49999988.88522431,856.345351720923,49999988.88522431,500
RTGC,8,0.7396668711323989,917.2533679477897,10587.725069894794,9670.471701947004,1054.2857666015625,volume,49999987.90221972,917.2533679477897,49999987.90221972,500
ZZZOF,8,0.7388729658052847,128.58529697515306,43.89498757757295,-84.69030939758011,-65.8631362915039,volume,49999989.82035664,128.58529697515306,49999989.82035664,500
PLYZ,9,0.7368432556474377,200406.23738741936,200406.23738741936,0.0,0.0,volume,49999991.713086456,200406.23738741936,49999991.713086456,500
PAANF,8,0.7330785851830134,192.86029929251342,14547.239551280576,14354.379251988063,7442.8896484375,volume,49999993.605816275,192.86029929251342,49999993.605816275,500
APRU,10,0.7324236399620074,956.5152523278607,1641.2672640286664,684.7520117008057,71.58819580078125,volume,49999997.738512,956.5152523278607,49999997.738512,500
FRTG,8,0.7296158509691559,2485.5157219318608,0.30701064711047366,-2485.2087112847503,-99.9876480102539,volume,50000004.1429812,2485.5157219318608,50000004.1429812,500
AJYG,10,0.7250878144403764,5095.726404061126,809.6012604972766,-4286.12514356385,-84.11215209960938,volume,50000011.68818998,5095.726404061126,50000011.68818998,500
VGID,10,0.7247736529028902,624.7702724794385,337.71363825487737,-287.05663422456115,-45.94594955444336,volume,50000013.14587966,624.7702724794385,50000013.14587966,500
RGDXQ,8,0.7212650744338996,196.20108681918407,196.20108681918407,0.0,0.0,volume,50000018.861815736,196.20108681918407,50000018.861815736,500
OMHE,8,0.7211595625644944,400.0731857922143,160.02928957846657,-240.04389621374773,-59.999996185302734,volume,50000020.29079975,400.0731857922143,50000020.29079975,500
UOMO,8,0.7105660237179142,165.3864796369682,165.3864796369682,0.0,0.0,volume,50000038.555534914,165.3864796369682,50000038.555534914,500
SDVI,9,0.7079842323366237,211.84891003184745,211.84891003184745,0.0,0.0,volume,50000041.36549417,211.84891003184745,50000041.36549417,500
CRDV,10,0.7074196304106036,144.4788104497749,1.313086991578615,-143.16572345819628,-99.09115600585938,volume,50000044.175453424,144.4788104497749,50000044.175453424,500
FPPP,8,0.7060428399007326,309.3637039882178,30.936370398821794,-278.427333589396,-90.0,volume,50000045.56611648,309.3637039882178,50000045.56611648,500
CRDV,8,0.7030280384749996,144.4788104497749,1.6292335951636403,-142.84957685461126,-98.8723373413086,volume,50000056.46867906,144.4788104497749,50000056.46867906,500
ERINQ,9,0.702688395601476,3344.649311300592,3344.649311300592,0.0,0.0,volume,50000057.81721443,3344.649311300592,50000057.81721443,500
FERL,10,0.6965139148769163,1322.1418772489146,66.10709386244571,-1256.034783386469,-95.0,volume,50000073.9996388,1322.1418772489146,50000073.9996388,500
GBUX,8,0.6942904081937356,128.39234850973543,50.97999160732607,-77.41235690240936,-60.2935905456543,volume,50000078.89136635,128.39234850973543,50000078.89136635,500
RDEMF,8,0.6878816046057596,197.4621557456146,533.681488985841,336.21933324022643,170.270263671875,volume,50000092.2584635,197.4621557456146,50000092.2584635,500
LLLI,10,0.6878119054723135,417.89764998425835,511.2049408486158,93.30729086435747,22.32778549194336,volume,50000093.50727609,417.89764998425835,50000093.50727609,500
VTGDF,9,0.6869968158887443,961.915095602277,96.1915095602277,-865.7235860420493,-90.0,volume,50000094.7654194,961.915095602277,50000094.7654194,500
DTGI,10,0.6867186752944132,1779.37438605318,712.4627422657811,-1066.9116437873988,-59.95993041992188,volume,50000095.93699036,1779.37438605318,50000095.93699036,500
PRZM,9,0.6830002598072382,236.35171385882592,236.35171385882592,0.0,0.0,volume,50000106.58578826,236.35171385882592,50000106.58578826,500
BITCF,8,0.6781075495840588,804.3499339382504,421.32611349994386,-383.02382043830653,-47.61905288696289,volume,50000118.29946595,804.3499339382504,50000118.29946595,500
CPMV,10,0.6756690010578777,131.4623607618481,177.21597530160943,45.753614539761344,34.803585052490234,volume,50000124.45893039,131.4623607618481,50000124.45893039,500
MVNC,10,0.6745909177730333,785.7682373492131,4.4342742318731325,-781.33396311734,-99.43567657470705,volume,50000126.52123593,785.7682373492131,50000126.52123593,500
CSTPF,8,0.6745645512264888,412.9747968390887,1023.4591887102001,610.4843918711115,147.82606506347656,volume,50000127.4742553,412.9747968390887,50000127.4742553,500
GNCAQ,11,0.6716906597794119,328755.727296225,328755.75121635536,0.0239201303338632,7.275958523678128e-06,volume,50000133.558662176,328755.727296225,50000133.558662176,500
PSCR,8,0.6705744864626504,122.14345456970392,409.18053553328394,287.03708096358,234.99996948242188,volume,50000136.600872785,122.14345456970392,50000136.600872785,500
AMBS,11,0.6694825809955565,32911.901516033126,32911.901516033126,0.0,0.0,volume,50000137.6436467,32911.901516033126,50000137.6436467,500
EAPH,10,0.6691814440604127,648.3918088833631,3241.9586486698613,2593.5668397864983,399.99993896484375,volume,50000138.68642061,648.3918088833631,50000138.68642061,500
VGID,11,0.6683298803912061,624.7702724794385,624.7702724794385,0.0,0.0,volume,50000143.894943,624.7702724794385,50000143.894943,500
SEII,11,0.6675372151845768,5427269.77457969,5427269.77457969,0.0,0.0,volume,50000146.49920419,5427269.77457969,50000146.49920419,500
XFCI,9,0.6640915874602138,4398.338676672915,3998.4899196086753,-399.8487570642401,-9.090904235839844,volume,50000162.12477135,4398.338676672915,50000162.12477135,500
FFRMF,8,0.6636071937886507,1187.692341560142,516.3880553557817,-671.3042862043603,-56.521732330322266,volume,50000163.38691707,1187.692341560142,50000163.38691707,500
CCTL,9,0.6631464023154301,12462.86203240679,2898.339963311304,-9564.522069095487,-76.74418640136719,volume,50000165.77694765,12462.86203240679,50000165.77694765,500
INCC,8,0.6618977581324692,955.8044029102671,220.99520310288676,-734.8091998073803,-76.87861633300781,volume,50000166.01551074,955.8044029102671,50000166.01551074,500
AGTK,8,0.6606123663814552,6268.392380060188,3482.4398391798045,-2785.9525408803834,-44.44445037841797,volume,50000167.00600372,6268.392380060188,50000167.00600372,500
VRUS,10,0.6601302219156377,2075254.491423138,2075254.642417794,0.15099465614184737,7.275958523678128e-06,volume,50000166.77897754,2075254.491423138,50000166.77897754,500
BBBT,8,0.6595188429489165,3285.863123359646,26.990445504256513,-3258.8726778553896,-99.1785888671875,volume,50000166.43848357,3285.863123359646,50000166.43848357,500
SAPMF,9,0.6562818725476546,374.33161545405505,1339.649778604973,965.318163150918,257.8778076171875,volume,50000162.044631004,374.33161545405505,50000162.044631004,500
ZLDAF,9,0.6544063261266537,146.66381567131313,83.55749946583273,-63.1063162054804,-43.027870178222656,volume,50000161.01607068,146.66381567131313,50000161.01607068,500
NICH,9,0.652627040245419,99569.87053653524,5891645.503486468,5792075.632949933,5817.0966796875,volume,50000158.921086244,99569.87053653524,50000158.921086244,500
USRM,11,0.6504565872558272,73256.97343748009,73256.97343748009,0.0,0.0,volume,50003632.07148158,73256.97343748009,50003632.07148158,500
DGTW,8,0.6504554654215892,73488.59840735699,3195.154989867224,-70293.44341748976,-95.65217590332033,volume,50004210.9298808,73488.59840735699,50004210.9298808,500
BDGR,10,0.6499201686374462,199.36111477537844,199.36111477537844,0.0,0.0,volume,50005354.58799056,199.36111477537844,50005354.58799056,500
GMVMF,8,0.6483962942596401,136.55819946972392,172.7804983804665,36.22229891074258,26.52517318725586,volume,50009929.22042961,136.55819946972392,50009929.22042961,500
CTMX,10,0.6476508049243901,362898.6741299328,243309.493253851,-119589.18087608184,-32.95387649536133,volume,50012216.55113805,362898.6741299328,50012216.55113805,500
MAJI,9,0.6474068362466264,1371.532621305398,212.67430255958925,-1158.8583187458087,-84.4936752319336,volume,50013336.29865609,1371.532621305398,50013336.29865609,500
VMHG,8,0.6464680473193003,902.698431854279,42.959580355184244,-859.7388514990947,-95.24098205566406,volume,50014455.814402476,902.698431854279,50014455.814402476,500
GRNF,9,0.6463171361220357,1375.2492271907408,213.20906195554494,-1162.040165235196,-84.49669647216797,volume,50016694.501999706,1375.2492271907408,50016694.501999706,500
EGOC,9,0.6440547258762964,576.7819791780461,0.08360944827563799,-576.6983697297704,-99.98550415039062,volume,50019492.28047615,576.7819791780461,50019492.28047615,500
GBHPF,9,0.6437768184156377,257.65169446470867,392.44163431084553,134.78993984613686,52.314788818359375,volume,50020611.276527055,257.65169446470867,50020611.276527055,500
LIQDQ,8,0.6436273561801498,251.77923139808843,17.984219837445806,-233.79501156064262,-92.85714721679688,volume,50021170.7880315,251.77923139808843,50021170.7880315,500
PHUN,8,0.6435724900348485,6894454.792578644,250138.07032983564,-6644316.7222488085,-96.37189483642578,volume,50021730.27615645,6894454.792578644,50021730.27615645,500
ZPAS,9,0.641994944619586,488.2161606819527,2.5641479874682886,-485.6520126944844,-99.47479248046876,volume,50021310.501967326,488.2161606819527,50021310.501967326,500
VYGVQ,11,0.6411334113461505,25630.307469533534,23300.276851252383,-2330.030618281151,-9.090919494628906,volume,50020890.533517405,25630.307469533534,50020890.533517405,500
AAPJ,8,0.6410305297948746,6725.905923687428,115.95917075478519,-6609.946752932643,-98.27593231201172,volume,50020785.30840186,6725.905923687428,50020785.30840186,500
BLFE,9,0.6404501379384754,32254.59740151233,157.84012847369377,-32096.757273038635,-99.5106430053711,volume,50020679.422291644,32254.59740151233,50020679.422291644,500
COUV,10,0.6396418117494632,680.9009225317128,82.03621817349472,-598.8647043582181,-87.95181274414062,volume,50020133.943361916,680.9009225317128,50020133.943361916,500
DOCKF,9,0.6389199526908836,120.23038782469587,801.5358699094357,681.3054820847399,566.6666259765625,volume,50020024.78768951,120.23038782469587,50020024.78768951,500
FSSN,9,0.6388736302982744,692.3991121527705,76.93320533594124,-615.4659068168293,-88.8888931274414,volume,50019915.70014763,692.3991121527705,50019915.70014763,500
CRSM,9,0.6366423519315034,409.27152890906933,196.9111046982181,-212.36042421085122,-51.88741683959961,volume,50018715.0601746,409.27152890906933,50018715.0601746,500
EVIO,8,0.6361065075369086,748580.7809261014,130187.95941705327,-618392.8215090481,-82.60869598388672,volume,50018387.54920109,748580.7809261014,50018387.54920109,500
REFG,8,0.6354367192974926,468.09548406809864,136.16460220538727,-331.9308818627114,-70.91093444824219,volume,50018216.53959444,468.09548406809864,50018216.53959444,500
GZIC,11,0.6353094267510269,24548.672273612934,24548.672273612934,0.0,0.0,volume,50018045.4967947,24548.672273612934,50018045.4967947,500
SULZF,8,0.6337731818686063,216.62796459282697,205.15814794141772,-11.469816651409246,-5.294707298278809,volume,50016506.111597046,216.62796459282697,50016506.111597046,500
PSSR,9,0.6334495066319459,102.76073415739036,11.964280996883687,-90.79645316050667,-88.35714721679688,volume,50016335.06765032,102.76073415739036,50016335.06765032,500
APRU,11,0.632331270890048,956.5152523278607,814.4585854238613,-142.05666690399937,-14.851479530334473,volume,50015992.96159759,956.5152523278607,50015992.96159759,500
FITSD,8,0.632216896644513,1776.9792165143044,168.63895015122557,-1608.3402663630789,-90.50979614257812,volume,50015821.89436555,1776.9792165143044,50015821.89436555,500
FITSF,8,0.632216896644513,1800.9939198042289,170.91799444919434,-1630.0759253550345,-90.50979614257812,volume,50015650.66629949,1800.9939198042289,50015650.66629949,500
EAPH,8,0.6319627225698453,648.3918088833631,108.06533445947332,-540.3264744238897,-83.33332824707031,volume,50015307.88415219,648.3918088833631,50015307.88415219,500
PRTHU,9,0.6317536499351446,305.50093853911125,815.7447966485519,510.2438581094406,167.0187530517578,volume,50015136.43904588,305.50093853911125,50015136.43904588,500
HSCHF,9,0.630967735378412,190.44875735674754,190.44875735674754,0.0,0.0,volume,50014279.46863632,190.44875735674754,50014279.46863632,500
RSCZF,8,0.6302954723263892,953.3329886008628,29.61542253872176,-923.717566062141,-96.89348602294922,volume,50013422.49822674,953.3329886008628,50013422.49822674,500
LOTE,9,0.6301948272288516,707.8957242374595,6.806648111392747,-701.0890761260667,-99.03846740722656,volume,50013251.01177307,707.8957242374595,50013251.01177307,500
COUV,8,0.6296274785943008,680.9009225317128,8.579573963983535,-672.3213485677293,-98.7399673461914,volume,50013079.45521049,680.9009225317128,50013079.45521049,500
ACRL,9,0.6288763478747134,6900.072318001671,1746.417611034748,-5153.654706966923,-74.68986511230469,volume,50012736.20762107,6900.072318001671,50012736.20762107,500
BSPM,8,0.6287836810276058,7701.876368029627,7701.876368029627,0.0,0.0,volume,50012564.06846088,7701.876368029627,50012564.06846088,500
DOCKF,8,0.6260077927310488,120.23038782469587,13.343314692715253,-106.88707313198061,-88.9018783569336,volume,50010498.39853868,120.23038782469587,50010498.39853868,500
PSSR,8,0.625679669111095,102.76073415739036,2.0632820656130093,-100.69745209177735,-97.99214935302734,volume,50009981.948992,102.76073415739036,50009981.948992,500
GGII,10,0.625609661246798,1702.8653557501061,563.8626420732437,-1139.0027136768624,-66.88742065429688,volume,50009809.78907336,1702.8653557501061,50009809.78907336,500
GTVH,9,0.6249343582438988,7748.428435110261,1800.0736879553651,-5948.354747154895,-76.7685317993164,volume,50008776.14615992,7748.428435110261,50008776.14615992,500
ROYL,8,0.6246838788704735,553.7840121852109,276.89200609260547,-276.89200609260547,-50.0,volume,50008603.27750553,553.7840121852109,50008603.27750553,500
SCLF,8,0.6244433356494645,112.91321233451885,22.570978306022653,-90.3422340284962,-80.01033020019531,volume,50008430.38116195,112.91321233451885,50008430.38116195,500
SVSN,8,0.6242490477775237,129.5636960537708,52.1000618831921,-77.4636341705787,-59.78807067871094,volume,50008084.57040634,129.5636960537708,50008084.57040634,500
CLAZF,9,0.6241086834533595,449.68678795076005,1.6921921876598276,-447.9945957631002,-99.62369537353516,volume,50007911.65728217,449.68678795076005,50007911.65728217,500
ARYC,10,0.6236496295292272,2331.4389282802636,2331.4389282802636,0.0,0.0,volume,50007565.74143491,2331.4389282802636,50007565.74143491,500
MMEX,11,0.6227150377946085,50007219.82558765,48006933.1786412,-2000286.6469464526,-3.999995708465576,capital,50007219.82558765,955879363.9384041,50007219.82558765,500
CNNC,8,0.622476128869218,12054.204875887262,3719.1643781083403,-8335.040497778922,-69.14633178710938,volume,50005727.87923436,12054.204875887262,50005727.87923436,500
RECAF,8,0.6216552883488027,13324.31519263512,1803.830810683372,-11520.484381951748,-86.46211242675781,volume,50004606.41895723,13324.31519263512,50004606.41895723,500
DVLP,8,0.6216310732216743,1297.496709045451,112.8111974409926,-1184.6855116044585,-91.30547332763672,volume,50004231.44681642,1297.496709045451,50004231.44681642,500
GSPTD,9,0.6215714277500433,187.32102997476244,3.673634191592612,-183.64739578316983,-98.03885650634766,volume,50003856.356207065,187.32102997476244,50003856.356207065,500
FCUL,9,0.6215714277500433,190.54261548075522,3.7368141061358244,-186.8058013746194,-98.03885650634766,volume,50003481.24723296,190.54261548075522,50003481.24723296,500
CELZ,8,0.6210564057093343,50001605.60895954,10430991.384213924,-39570614.22474562,-79.13868713378906,capital,50001605.60895954,126540935.06782758,50001605.60895954,500
CTPR,8,0.6205158980573308,759.7354807170956,759.7354807170956,0.0,0.0,volume,49988609.041728064,759.7354807170956,49988609.041728064,500
ADHC,9,0.6193319804131188,835.1188589740968,633.0450966770924,-202.07376229700446,-24.197006225585938,volume,49958283.718187965,835.1188589740968,49958283.718187965,500
AWH,9,0.6183698621432797,32851.356946711916,4793.405273934608,-28057.951672777308,-85.40880584716797,volume,49945287.09033436,32851.356946711916,49945287.09033436,500
ADFJF,8,0.6179636900560509,174.1481657946267,570.2682792661899,396.1201134715632,227.4615478515625,volume,49932282.045095265,174.1481657946267,49932282.045095265,500
DNAX,8,0.6173852445300344,3320974.5989242014,50858.5044321334,-3270116.094492068,-98.46856689453124,volume,49927947.069627576,3320974.5989242014,49927947.069627576,500
SGLDF,8,0.6168615643549367,321.9257056716308,61.889597978619975,-260.0361076930108,-80.77519226074219,volume,49913961.10839616,321.9257056716308,49913961.10839616,500
EMMS,8,0.6166511717341983,2975.528782107487,6398.9407980436645,3423.4120159361773,115.0522232055664,volume,49909299.095315404,2975.528782107487,49909299.095315404,500
PRSNF,9,0.6165153111207248,122.97973752663532,623.7066684743596,500.7269309477243,407.1621398925781,volume,49904637.42457586,122.97973752663532,49904637.42457586,500
ZLDSF,9,0.6159569237183335,170.5621846532113,244.17847592275257,73.61629126954128,43.16096878051758,volume,49895314.18324214,170.5621846532113,49895314.18324214,500
ADMG,9,0.6157339858208046,110.25691699426714,237.47645925055474,127.2195422562876,115.38463592529295,volume,49890652.56993692,110.25691699426714,49890652.56993692,500
ZAAG,10,0.6142045711573322,124579.91966989376,146564.6109570209,21984.691287127134,17.647058486938477,volume,49844036.5641042,124579.91966989376,49844036.5641042,500
BCDS,10,0.6136865341731653,7629.927790838994,12074.359564768121,4444.431773929127,58.24998474121094,volume,49825398.95564763,7629.927790838994,49825398.95564763,500
WDRP,8,0.6135768764666307,551.9819926895392,166.7526178900967,-385.2293747994425,-69.79020690917969,volume,49811422.08263473,551.9819926895392,49811422.08263473,500
KAYS,8,0.6134245042901074,801.3017215153118,275.8222210702727,-525.4795004450391,-65.57823181152344,volume,49806763.08644083,801.3017215153118,49806763.08644083,500
TRBO,9,0.6130126292934918,49792785.94021526,49792785.94021526,0.0,0.0,capital,49792785.94021526,22259765732.011265,49792785.94021526,500
NCPCF,8,0.6129317850710221,729.0311242715205,125.6950175902166,-603.3361066813039,-82.75862121582031,volume,49788126.89147341,729.0311242715205,49788126.89147341,500
CAPC,8,0.6125773983684211,957.7653111269176,13.876460885133724,-943.8888502417839,-98.55116271972656,volume,49778808.67332249,957.7653111269176,49778808.67332249,500
MEDVF,8,0.6123863344001987,218.77497326763535,56.1544074317178,-162.62056583591755,-74.33234405517578,volume,49774149.46985814,218.77497326763535,49774149.46985814,500
BAYP,9,0.6116035927746714,2016.3281482962493,109.98150739186235,-1906.346640904387,-94.5454559326172,volume,49760171.81067893,2016.3281482962493,49760171.81067893,500
GPGC,8,0.610127422167535,1144.4871822079574,102.915131877146,-1041.5720503308114,-91.00775146484376,volume,49732215.34851251,1144.4871822079574,49732215.34851251,500
DBMM,8,0.6100058020647523,1841.057944904302,1112.0719966022923,-728.9859483020098,-39.59603500366211,volume,49727555.83399423,1841.057944904302,49727555.83399423,500
EAPH,9,0.609989120273331,648.3918088833631,648.3918088833631,0.0,0.0,volume,49722896.24657736,648.3918088833631,49722896.24657736,500
HUDRF,10,0.6097069644485761,114.16646592970102,61.13811014181833,-53.02835578788269,-46.44827651977539,volume,49718236.659160495,114.16646592970102,49718236.659160495,500
NXSGF,10,0.6093300677432997,578.746071890819,137.37792366488065,-441.3681482259384,-76.26283264160156,volume,49694938.695561975,578.746071890819,49694938.695561975,500
GRNBF,10,0.6091774092550685,191.42135178206453,18.719983567289347,-172.7013682147752,-90.22053527832033,volume,49685619.42184893,191.42135178206453,49685619.42184893,500
BWMG,8,0.6091476294002264,137.2466415728903,38.856772162406955,-98.38986941048334,-71.68836212158203,volume,49676300.11359561,137.2466415728903,49676300.11359561,500
VIVK,9,0.6090654804166644,29008.64900069313,44239.82305605599,15231.174055362859,52.50563049316406,volume,49671640.44962998,29008.64900069313,49671640.44962998,500
FSTTF,8,0.6087809354977017,263.6956700858492,80.400079914239,-183.2955901716102,-69.5102767944336,volume,49657666.02708527,263.6956700858492,49657666.02708527,500
INOTF,8,0.6079742875142401,101.5670042034386,0.03824105573607994,-101.52876314770252,-99.96234893798828,volume,49629717.072018474,101.5670042034386,49629717.072018474,500
NWGC,10,0.6077207577962628,320.4015013949122,320.40152470719255,2.331228034790911e-05,7.275958523678128e-06,volume,49625058.9026878,320.4015013949122,49625058.9026878,500
IDGC,8,0.6072413650181336,312.51575771302186,113.9763246469285,-198.53943306609335,-63.529415130615234,volume,49615742.56402647,312.51575771302186,49615742.56402647,500
MMMM,9,0.6071883348420368,69350.158908777,60.84646815879387,-69289.3124406182,-99.91226196289062,volume,49611084.37484185,69350.158908777,49611084.37484185,500
RNGG,9,0.6070108605406243,101.32988898826997,0.12467553098403528,-101.20521345728594,-99.87696075439452,volume,49606419.256726,101.32988898826997,49606419.256726,500
GWHP,11,0.6064445711234567,103307.46170975803,103307.46170975803,0.0,0.0,volume,49587758.74378048,103307.46170975803,49587758.74378048,500
EMOR,8,0.6064307609502378,313.9135682253603,123.93706292420703,-189.97650530115325,-60.51873016357422,volume,49583093.615544096,313.9135682253603,49583093.615544096,500
OMHE,9,0.605466573496204,400.0731857922143,80.01463715844284,-320.05854863377147,-80.0,volume,49541107.290437825,400.0731857922143,49541107.290437825,500
ABQQ,8,0.6054600093084969,49536442.11119794,2618044.352292165,-46918397.758905776,-94.71491241455078,capital,49536442.11119794,70034592.56468752,49536442.11119794,500
BLKCF,10,0.6046119943235603,3075.30906432481,3075.3092880830222,0.00022375821208697744,7.275958523678128e-06,volume,49508371.05415061,3075.30906432481,49508371.05415061,500
PAOG,9,0.6041492267883517,1299.2902087378488,1042.1389555064989,-257.15125323135,-19.791671752929688,volume,49480299.997103356,1299.2902087378488,49480299.997103356,500
DDDX,9,0.6033424804555757,271.92617971950517,97.48300022900605,-174.44317949049912,-64.15093231201172,volume,49433514.77344897,271.92617971950517,49433514.77344897,500
FWFW,10,0.6032681645108763,285.182237530231,122.60754004012057,-162.57469749011045,-57.007301330566406,volume,49424157.71127376,285.182237530231,49424157.71127376,500
PCLI,9,0.6031324469136784,174.52482835620998,89.87506704986572,-84.64976130634426,-48.50299072265625,volume,49396086.47597577,174.52482835620998,49396086.47597577,500
RGTLF,10,0.6025527993833548,2622.199916837877,160.07779074533437,-2462.1221260925427,-93.8952865600586,volume,49368015.21528284,2622.199916837877,49368015.21528284,500
CNBX,9,0.602532583817467,132407.01240178992,350.83736730302917,-132056.1750344869,-99.73503112792967,volume,49358657.88217299,132407.01240178992,49358657.88217299,500
GPFT,8,0.6021225322581368,3051.1790541318996,190.77527763776106,-2860.4037764941386,-93.74748992919922,volume,49339916.80471827,3051.1790541318996,49339916.80471827,500
SGDH,9,0.6018499038913117,341.4050953669851,264.15286115169954,-77.25223421528557,-22.62773323059082,volume,49330545.97995053,341.4050953669851,49330545.97995053,500
SNST,9,0.6017500937646236,202.15692354019288,32.31958212339046,-169.83734141680242,-84.01262664794922,volume,49321175.14745757,202.15692354019288,49321175.14745757,500
EESE,8,0.6017133655468773,120.96711510510846,171.60450858446865,50.637393479360185,41.8604621887207,volume,49311804.297980875,120.96711510510846,49311804.297980875,500
DTST,8,0.6013928664287538,10959.179370869446,10986.672290660685,27.49291979123882,0.2508665919303894,volume,49302433.45356792,10959.179370869446,49302433.45356792,500
EDXC,9,0.6008016188314,1797.8469909011365,270.76147386024263,-1527.0855170408938,-84.93968200683594,volume,49274321.14688903,1797.8469909011365,49274321.14688903,500
IMTL,8,0.6004556552353846,13992.29266264334,3831.2238551505616,-10161.068807492778,-72.6190414428711,volume,49255579.59476879,13992.29266264334,49255579.59476879,500
UAHC,8,0.5994429693961171,150.013662725789,159.32107331311187,9.307410587322863,6.204375267028809,volume,49236836.0104348,150.013662725789,49236836.0104348,500
ETST,9,0.599390351218875,2036.3744359267976,24591.75683862644,22555.38240269964,1107.62451171875,volume,49227464.21919855,2036.3744359267976,49227464.21919855,500
ATMH,9,0.5991993912678698,158.82523769301545,55.40563016149761,-103.41960753151784,-65.11534881591797,volume,49218094.68350053,158.82523769301545,49218094.68350053,500
CALA,10,0.599150174244745,193113.439966273,6326.132978216454,-186787.30698805655,-96.72413635253906,volume,49208725.188168705,193113.439966273,49208725.188168705,500
NSAV,8,0.5991091588174431,6386.854689826087,450.7314921859561,-5936.123197640131,-92.9428253173828,volume,49189948.84004367,6386.854689826087,49189948.84004367,500
RGXTF,9,0.5987523679884459,377.0764116394819,130.18454366366967,-246.8918679758122,-65.47528839111328,volume,49143005.0016695,377.0764116394819,49143005.0016695,500
IFMK,9,0.5986036051495719,41754.18361560374,308.37480442361993,-41445.80881118012,-99.2614517211914,volume,49124227.41694144,41754.18361560374,49124227.41694144,500
HUML,10,0.5985808329253747,691.9978031454107,655.8935818454466,-36.104221299964024,-5.217389583587647,volume,49114834.47999654,691.9978031454107,49114834.47999654,500
BYSI,9,0.5985724969399979,196599.88735521975,475710.9799063618,279111.09255114204,141.96910095214844,volume,49105441.52762968,196599.88735521975,49105441.52762968,500
BDPT,9,0.5983888053403096,46725.69778465679,14324.66756701368,-32401.03021764311,-69.34306335449219,volume,49077346.40385685,46725.69778465679,49077346.40385685,500
VYBE,8,0.5975907243850462,304.5278809871581,2.749212618204467,-301.7786683689536,-99.09722137451172,volume,49011768.434332445,304.5278809871581,49011768.434332445,500
RJDG,9,0.5971481696443943,369.7065969341684,888.1984930511752,518.4918961170068,140.24415588378906,volume,48983663.379225336,369.7065969341684,48983663.379225336,500
PUGE,11,0.5970409104479878,5243.804643781059,5243.804643781059,0.0,0.0,volume,48974295.07937216,5243.804643781059,48974295.07937216,500
FORW,9,0.596472774664231,2897.903972017331,1051.173034126422,-1846.730937890909,-63.72643661499024,volume,48946190.17981262,2897.903972017331,48946190.17981262,500
AMIH,8,0.5961385518506868,1906136.3573967353,826.605152545264,-1905309.75224419,-99.95663452148438,volume,48908716.24170753,1906136.3573967353,48908716.24170753,500
ABQQ,9,0.5958099365173298,5827894.990235589,2415927.0746114566,-3411967.915624133,-58.54545974731445,security_limit,48889598.210704535,70034592.56468752,48889598.210704535,500
CSKL,11,0.5956582444624916,103.56863545870888,100.6530671941927,-2.915568264516182,-2.8151073455810547,volume,48869797.84027335,103.56863545870888,48869797.84027335,500
BTDG,8,0.5954471532394643,3176.6246212738038,116.35982385956686,-3060.264797414237,-96.33699798583984,volume,48859897.654766195,3176.6246212738038,48859897.654766195,500
UNAM,8,0.5952918601817727,2412.832517498194,7.629382605568935,-2405.2031348926253,-99.68379974365234,volume,48830196.34725708,2412.832517498194,48830196.34725708,500
SNMN,9,0.5949962033903893,533.7074520982496,97.92797995980999,-435.77947213843964,-81.65137481689453,volume,48820295.69874901,533.7074520982496,48820295.69874901,500
SUIC,8,0.5948083198524141,2872.5026689657548,1157.8916202614168,-1714.611048704338,-59.69049453735352,volume,48810394.03961584,2872.5026689657548,48810394.03961584,500
ONCI,8,0.5942164003247661,1755.7641825933883,450.80429543005744,-1304.959887163331,-74.32432556152344,volume,48760884.91205153,1755.7641825933883,48760884.91205153,500
CAPC,10,0.594196199727248,957.7653111269176,335.21785889442117,-622.5474522324964,-65.0,volume,48750982.95943029,957.7653111269176,48750982.95943029,500
ICNM,9,0.5941661283437182,806.0709654063332,306.6574151115758,-499.41355029475744,-61.95652389526367,volume,48741080.94455431,806.0709654063332,48741080.94455431,500
CNND,10,0.5941062025023472,354.37558968415306,279.540620854964,-74.83496882918905,-21.117416381835938,volume,48731178.879736975,354.37558968415306,48731178.879736975,500
IONKF,9,0.5939195185557621,21833.992664146524,833.6769846080606,-21000.315679538464,-96.18174743652344,volume,48721275.37199821,21833.992664146524,48721275.37199821,500
INCC,9,0.5937378638332648,955.8044029102671,271.0489978082402,-684.7554051020269,-71.64179229736328,volume,48701464.08798236,955.8044029102671,48701464.08798236,500
ALYI,8,0.5930660943119084,7212.85230226392,6.255225534045167,-7206.597076729875,-99.91327667236328,volume,48691558.34326128,7212.85230226392,48691558.34326128,500
PBLA,10,0.5930317646304499,48681651.8778805,427617.2352337688,-48254034.64264673,-99.1216049194336,capital,48681651.8778805,179649253.8089547,48681651.8778805,500
BYOC,9,0.5929350429955572,15520.690524312486,4392.648373308695,-11128.04215100379,-71.69811248779297,volume,48666920.257556334,15520.690524312486,48666920.257556334,500
MLYCF,9,0.5928108677514935,129.528513881509,129.528513881509,0.0,0.0,volume,48652187.52442794,129.528513881509,48652187.52442794,500
GBRRF,8,0.5924532027891768,366.12502697504567,773.7961606602291,407.67113368518346,111.34751892089844,volume,48622722.05817117,366.12502697504567,48622722.05817117,500
PTOP,9,0.5923805316992581,469.87180378480883,246.3961609360258,-223.47564284878302,-47.56098175048828,volume,48607989.79442242,469.87180378480883,48607989.79442242,500
SRKZF,8,0.5922581541184054,596.3848155518299,117.3353636193055,-479.0494519325244,-80.3255615234375,volume,48593257.53703176,596.3848155518299,48593257.53703176,500
ICNB,11,0.591396198261482,2793.130675983738,2793.130675983738,0.0,0.0,volume,48534328.31584934,2793.130675983738,48534328.31584934,500
CNNA,9,0.591311670270491,893.8535613137585,1582.8959830779231,689.0424217641646,77.08672332763672,volume,48519596.03455812,893.8535613137585,48519596.03455812,500
CFGX,11,0.5912801057911939,273.8911141918159,195.636505659247,-78.25460853256891,-28.571430206298828,volume,48504863.82217115,273.8911141918159,48504863.82217115,500
FTEG,9,0.590676109471842,807.2882428410294,938.7071678049336,131.41892496390426,16.2790584564209,volume,48490131.601958714,807.2882428410294,48490131.601958714,500
NWGC,9,0.5905663649510496,320.4015013949122,320.4015013949122,0.0,0.0,volume,48475399.39488818,320.4015013949122,48475399.39488818,500
GECFF,10,0.5905536821991176,226.7935819219633,210.0378060303407,-16.75577589162259,-7.38811731338501,volume,48460667.18781763,226.7935819219633,48460667.18781763,500
CNXS,9,0.5903939316181778,1500.7031663674088,300.1406332734816,-1200.5625330939272,-80.0,volume,48445934.97907151,1500.7031663674088,48445934.97907151,500
GMZP,8,0.5903050998249372,203.81541181154924,18.27386354114236,-185.54154827040688,-91.03411102294922,volume,48416470.32146677,203.81541181154924,48416470.32146677,500
APHP,9,0.5901729252164709,112.10166187173887,929.3852456772676,817.2835838055287,729.0557250976562,volume,48387005.62675372,112.10166187173887,48387005.62675372,500
GZIC,9,0.589733443315459,24548.672273612934,116.93170593707691,-24431.740567675857,-99.52367401123048,volume,48342808.8298692,24548.672273612934,48342808.8298692,500
AUNXF,8,0.5895616661122655,8650.461417883394,1037.3260946434775,-7613.135323239917,-88.00843048095703,volume,48328074.12106697,8650.461417883394,48328074.12106697,500
SNRS,8,0.5883684525072789,150.74138834392326,150.74138834392326,0.0,0.0,volume,48269132.25492051,150.74138834392326,48269132.25492051,500
ZVOI,11,0.5877401113775098,83335.14066623231,83335.14066623231,0.0,0.0,volume,48195455.11513825,83335.14066623231,48195455.11513825,500
WCUI,9,0.5876638674335565,279.05801232827184,2.0410290077103923,-277.01698332056145,-99.2686004638672,volume,48180719.6871818,279.05801232827184,48180719.6871818,500
EVKG,11,0.5876294735538663,25367.619646976033,22477.63609702426,-2889.983549951772,-11.392411231994627,volume,48165984.23152364,25367.619646976033,48165984.23152364,500
NXMR,10,0.586660796950654,151.91930853246254,9.293884383039256,-142.62542414942328,-93.88235473632812,volume,48107041.295752496,151.91930853246254,48107041.295752496,500
ENDO,10,0.5864429115400818,118.66001471544779,118.66001471544779,0.0,0.0,volume,48048098.31721613,118.66001471544779,48048098.31721613,500
ISRB,10,0.5861624383899686,1838.865170486432,2.4029604065008243,-1836.462210079931,-99.86932373046876,volume,48033362.572582036,1838.865170486432,48033362.572582036,500
GKIN,10,0.5861624383899686,1854.24534716171,2.4230586476273857,-1851.8222885140826,-99.86932373046876,volume,48018626.64430173,1854.24534716171,48018626.64430173,500
HSDT,9,0.5857512625053237,32568565.85106282,1791338.210986767,-30777227.640076052,-94.49979400634766,volume,47944946.2025925,32568565.85106282,47944946.2025925,500
NCPCD,8,0.5853974454294548,733.9679865738825,135.95839715287207,-598.0095894210104,-81.47624969482422,volume,47891505.070723295,733.9679865738825,47891505.070723295,500
PSRU,8,0.5851423362075079,402816.04950697813,18393.41821762285,-384422.6312893553,-95.4337921142578,volume,47855877.545357704,402816.04950697813,47855877.545357704,500
VBIVQ,10,0.5850234898570998,1451226.6538800588,561.5708609374706,-1450665.0830191213,-99.9613037109375,volume,47820173.13546586,1451226.6538800588,47820173.13546586,500
PAOG,10,0.5849442844023551,1299.2902087378488,3767.9418035957133,2468.6515948578644,190.00001525878903,volume,47802175.864011645,1299.2902087378488,47802175.864011645,500
FCODF,10,0.5840177157619275,117.22285673841714,123.613986234821,6.391129496403863,5.452118873596191,volume,47730187.76565539,117.22285673841714,47730187.76565539,500
VDTAF,9,0.5838769894682627,144.6656490338161,31.659859639180013,-113.00578939463608,-78.11515045166016,volume,47694193.71775548,144.6656490338161,47694193.71775548,500
LRSV,8,0.5838401901343232,796.8393318936169,332.0163984213431,-464.82293347227375,-58.33333206176758,volume,47676196.648883015,796.8393318936169,47676196.648883015,500
SAPMY,9,0.583230500909333,29045.69731678425,185062.5756308901,156016.87831410585,537.142822265625,volume,47604208.62324047,29045.69731678425,47604208.62324047,500
EVFM,8,0.5831652228151345,47586227.29350635,4647.092509135604,-47581580.20099721,-99.990234375,capital,47586227.29350635,88801385.432534,47586227.29350635,500
ACMB,8,0.5831200032156567,5267.868613879499,26.30236767324277,-5241.566246206256,-99.50070190429688,volume,47563487.80575211,5267.868613879499,47563487.80575211,500
GBHPF,10,0.5829746711045724,257.65169446470867,1496.8336835108057,1239.181989046097,480.952392578125,volume,47518007.7819304,257.65169446470867,47518007.7819304,500
DBMM,10,0.5826566057094916,1841.057944904302,267.762320216744,-1573.295624687558,-85.45606231689453,volume,47472528.00594509,1841.057944904302,47472528.00594509,500
VENG,10,0.5825790484592841,10897.315344766877,1.6727751521048049,-10895.642569614773,-99.98464965820312,volume,47449787.96062288,10897.315344766877,47449787.96062288,500
CBDS,10,0.5825223853978514,14817.709519833232,70643.42109179277,55825.71157195954,376.74993896484375,volume,47427046.825736396,14817.709519833232,47427046.825736396,500
LCGMF,9,0.5823732650570907,450.2231231023477,485.53467409090024,35.31155098855254,7.843122482299805,volume,47404311.27342108,450.2231231023477,47404311.27342108,500
RDDTF,9,0.5822065949564937,1253.4908732124402,16.17406035858562,-1237.3168128538546,-98.70967864990234,volume,47336104.62706858,1253.4908732124402,47336104.62706858,500
BEGI,10,0.5817837879637185,65097.03512772982,180825.1030953713,115728.06796764149,177.7777862548828,volume,47290633.28203689,65097.03512772982,47290633.28203689,500
PBHG,9,0.5816698645112911,211.17984479289535,6.121157490071994,-205.05868730282336,-97.10144805908205,volume,47267909.182327844,211.17984479289535,47267909.182327844,500
COGNY,8,0.5815059631342319,10912.311141504137,14414.400658055118,3502.089516550981,32.093013763427734,volume,47245185.06211293,10912.311141504137,47245185.06211293,500
EVFM,9,0.5814875326326355,1158844.5650325269,737.5397767256945,-1158107.0252558012,-99.93635559082033,security_limit,47222461.29210696,88801385.432534,47222461.29210696,500
KRFG,10,0.5814682350399085,412.9680197104442,211.77847083851088,-201.1895488719333,-48.71794891357422,volume,47199621.711398475,412.9680197104442,47199621.711398475,500
FTMDF,8,0.5812705558179633,393.20464937352506,118.7032733962713,-274.50137597725376,-69.81132507324219,volume,47176782.11057103,393.20464937352506,47176782.11057103,500
ZPAS,10,0.5811721722668163,488.2161606819527,25.03672236851685,-463.17943831343587,-94.87179565429688,volume,47153942.520595826,488.2161606819527,47153942.520595826,500
AAVXF,10,0.5810828507596093,304.6176509435121,171.29900711064036,-133.31864383287174,-43.76589584350586,volume,47062583.97542325,304.6176509435121,47062583.97542325,500
AXIM,8,0.5808454531908427,20648.31487538655,1336.0281422452426,-19312.286733141307,-93.52960205078124,volume,46994065.01739749,20648.31487538655,46994065.01739749,500
NWTT,9,0.5808096528280978,129.65917399231748,39.61807324815595,-90.04110074416153,-69.44445037841797,volume,46971223.51010185,129.65917399231748,46971223.51010185,500
UNVC,8,0.5798339517921408,1711.6546714008064,114.18522591874216,-1597.4694454820642,-93.3289566040039,volume,46857015.62336086,1711.6546714008064,46857015.62336086,500
AHPIQ,8,0.5798096301604159,51378.05376412967,0.9407602617939119,-51377.113003867875,-99.9981689453125,volume,46834173.88626572,51378.05376412967,46834173.88626572,500
SPHDF,10,0.5795694280446608,638.5977936692565,1114.0808961937717,475.4831025245152,74.45736694335938,volume,46765633.26183921,638.5977936692565,46765633.26183921,500
VTNA,8,0.5792742138679088,435.84875867046185,0.3116768199934654,-435.5370818504684,-99.9284896850586,volume,46719939.549910754,435.84875867046185,46719939.549910754,500
PXLW,8,0.5792307077666378,70511.62463095841,17192.41596630853,-53319.20866464988,-75.61761474609375,volume,46674245.2321615,70511.62463095841,46674245.2321615,500
MDCN,9,0.5791225715066699,66109.1364535046,6610.913645350462,-59498.22280815414,-90.0,volume,46628540.25057052,66109.1364535046,46628540.25057052,500
ALYI,10,0.5790100024527952,7212.85230226392,73713.76567389508,66500.91337163115,921.97802734375,volume,46582823.36933497,7212.85230226392,46582823.36933497,500
TPII,10,0.5786703310671022,962.9868456327537,17.688946907190257,-945.2978987255634,-98.16311645507812,volume,46514267.99775567,962.9868456327537,46514267.99775567,500
REFG,9,0.5786454092459985,468.09548406809864,16.33270111929312,-451.7627829488055,-96.51081848144533,volume,46445712.342586994,468.09548406809864,46445712.342586994,500
PRZM,11,0.5784883591791178,236.35171385882592,236.35171385882592,0.0,0.0,volume,46354304.621656984,236.35171385882592,46354304.621656984,500
KYOCF,11,0.5779667735687197,1341.292821793195,1081.2762466071672,-260.0165751860277,-19.38551902770996,volume,46285748.87094435,1341.292821793195,46285748.87094435,500
FJHL,8,0.5778228900548592,677.2312135019623,0.025110959607104633,-677.2061025423552,-99.9962921142578,volume,46262897.02182549,677.2312135019623,46262897.02182549,500
MNTR,9,0.5778045172973361,1403.7240420472751,1715.662652610442,311.9386105631668,22.222217559814453,volume,46240045.10498604,1403.7240420472751,46240045.10498604,500
FERL,8,0.5773928018550919,1322.1418772489146,5.2101097184588525,-1316.9317675304558,-99.6059341430664,volume,46194343.32008016,1322.1418772489146,46194343.32008016,500
FCHS,9,0.5772990948689853,517.0116820040797,143.86412535481276,-373.14755664926696,-72.17391204833984,volume,46171492.3326745,517.0116820040797,46171492.3326745,500
ATRX,10,0.5772960681655429,14455.241059944658,870.9284944311403,-13584.312565513517,-93.9749984741211,volume,46148641.30795409,14455.241059944658,46148641.30795409,500
SMC,8,0.5768581450198507,249161.7012257208,201837.06955930783,-47324.631666412984,-18.993541717529297,volume,46102936.54165076,249161.7012257208,46102936.54165076,500
BLFE,10,0.5767787431557856,32254.59740151233,27334.404306444376,-4920.1930950679525,-15.25423812866211,volume,46080079.42603592,32254.59740151233,46080079.42603592,500
XCPL,9,0.576556899062615,26890.133033184913,1191.9920505377268,-25698.140982647186,-95.56717681884766,volume,46011507.43890415,26890.133033184913,46011507.43890415,500
EGRNF,8,0.5761284739926695,2625.9201286418343,573.4922452336218,-2052.4278834082124,-78.16033172607422,volume,45920068.49520634,2625.9201286418343,45920068.49520634,500
FTXP,8,0.5760049882379545,492139.3717032531,112031.73269177985,-380107.6390114733,-77.23577117919922,volume,45897208.71698274,492139.3717032531,45897208.71698274,500
CATPF,8,0.5756460234848754,165.51984429661513,54.55335654335893,-110.9664877532562,-67.04119873046875,volume,45828515.35002021,165.51984429661513,45828515.35002021,500
NDEV,10,0.5755547436059012,1003.2590039628744,4363.3337802640435,3360.074776301169,334.9159851074219,volume,45782719.7498519,1003.2590039628744,45782719.7498519,500
NUGL,9,0.5749473051013523,1752.531277131592,145.41041028547784,-1607.1208668461143,-91.7028350830078,volume,45668232.13987304,1752.531277131592,45668232.13987304,500
MDLM,8,0.5744945464306807,79389.2132632559,2268.2666971880535,-77120.94656606784,-97.14285278320312,volume,45599538.994843185,79389.2132632559,45599538.994843185,500
RMHB,9,0.5738415473778677,4642.735310188708,4429.641279384414,-213.09403080429456,-4.589838027954102,volume,45530822.71352936,4642.735310188708,45530822.71352936,500
CNNA,10,0.5729371676117209,893.8535613137585,2531.1098373875243,1637.2562760737658,183.1682891845703,volume,45483853.401574746,893.8535613137585,45483853.401574746,500
BDLNF,8,0.5727606369666005,180.82401980348686,442.7122787425362,261.88825893904936,144.83045959472656,volume,45460368.909323074,180.82401980348686,45460368.909323074,500
EHOS,9,0.572751704547784,2342.4026780618456,2342.4026780618456,0.0,0.0,volume,45436884.44326022,2342.4026780618456,45436884.44326022,500
IGXT,8,0.5723564586851975,3991.9906876000578,1603.6200475738733,-2388.3706400261844,-59.829063415527344,volume,45342953.60835315,3991.9906876000578,45342953.60835315,500
EXMT,8,0.5722335257635658,499.86332073419544,275.05706487309504,-224.8062558611004,-44.97354507446289,volume,45319475.93279757,499.86332073419544,45319475.93279757,500
BKTPF,8,0.5720314737090845,286.0989316818303,41.058204541861585,-245.04072713996874,-85.6489486694336,volume,45295998.23476137,286.0989316818303,45295998.23476137,500
FLCX,9,0.5719506370475017,400.50935036390644,524.6687538813122,124.15940351740579,31.000375747680664,volume,45272520.5122211,400.50935036390644,45272520.5122211,500
RTGC,10,0.5718988392818247,917.2533679477897,564.2451145933328,-353.0082533544569,-38.48535919189453,volume,45249042.80209676,917.2533679477897,45249042.80209676,500
QEDN,9,0.5718294282696725,738.2899825631689,376.74052574193416,-361.54945682123474,-48.97119903564453,volume,45225565.05667161,738.2899825631689,45225565.05667161,500
QEDN,8,0.5717084740329338,738.2899825631689,160.07839389766582,-578.2115886655031,-78.31768035888672,volume,45202087.27509151,738.2899825631689,45202087.27509151,500
MSRM,9,0.5713045456102515,11845.018591924752,3431.9376156158396,-8413.080976308913,-71.02632141113281,volume,45155131.59628898,11845.018591924752,45155131.59628898,500
JRSS,9,0.5703877302193433,298.15479462751495,216.42624386799798,-81.72855075951696,-27.411449432373047,volume,45084695.54691645,298.15479462751495,45084695.54691645,500
PQEFF,8,0.5699072322144296,90979.05114769007,9.793963712261757,-90969.25718397781,-99.9892349243164,volume,44967338.07703432,90979.05114769007,44967338.07703432,500
TGRO,8,0.569888976839687,12263.280827172079,4228.716461946767,-8034.564365225312,-65.51725006103516,volume,44943862.36240807,12263.280827172079,44943862.36240807,500
SHOM,11,0.5698426641917065,321.42067804367866,321.42067804367866,0.0,0.0,volume,44920385.930299275,321.42067804367866,44920385.930299275,500
SIVBQ,10,0.5696893451609059,7059956.252428377,176425.6523701027,-6883530.600058274,-97.50103759765624,volume,44896909.49819048,7059956.252428377,44896909.49819048,500
AMLH,10,0.5696675453657647,8953.81873108439,9262.571693700807,308.7529626164178,3.448282480239868,volume,44872744.71302167,8953.81873108439,44872744.71302167,500
VPOR,11,0.569353212148528,759.0208027357513,759.0208027357513,0.0,0.0,volume,44824415.32063869,759.0208027357513,44824415.32063869,500
CLAZF,10,0.5692574029819928,449.68678795076005,224.84339397538002,-224.84339397538002,-50.0,volume,44800250.68254919,449.68678795076005,44800250.68254919,500
TPII,8,0.5688443918224845,962.9868456327537,120.99763085266454,-841.9892147800891,-87.43517303466797,volume,44776086.02197537,962.9868456327537,44776086.02197537,500
NWTT,10,0.5685202144537234,129.65917399231748,68.24166739841658,-61.417506593900896,-47.36842346191406,volume,44679427.158224046,129.65917399231748,44679427.158224046,500
HQGE,8,0.5684021018114682,53277.63338023856,5578.811097486621,-47698.82228275194,-89.52879333496094,volume,44655262.451500386,53277.63338023856,44655262.451500386,500
PRSNF,8,0.5681601756576092,122.97973752663532,150.0899475559859,27.110210029350583,22.044452667236328,volume,44584082.955165684,122.97973752663532,44584082.955165684,500
BNTRF,8,0.5678213529508105,107.28251893467319,110.65400757451758,3.3714886398443866,3.1426262855529785,volume,44537072.917479396,107.28251893467319,44537072.917479396,500
ATVK,10,0.5676739230449398,189061.17170746293,35663.90503752697,-153397.26666993595,-81.13631439208984,volume,44513567.947538614,189061.17170746293,44513567.947538614,500
EQUEY,8,0.5671992357076997,1587.8793262539818,2743.5356998979246,1155.6563736439427,72.77986145019531,volume,44372451.32020813,1587.8793262539818,44372451.32020813,500
ESNC,9,0.5671806107120876,2191.690353530194,219.16903535301935,-1972.5213181771746,-90.0,volume,44348935.22977978,2191.690353530194,44348935.22977978,500
PTGX,8,0.5671650109189228,541797.465719627,320434.25018642016,-221363.21553320682,-40.8571891784668,volume,44325418.9420993,541797.465719627,44325418.9420993,500
UAHC,9,0.5667894491525277,150.013662725789,130.75121863356065,-19.26244409222835,-12.840459823608398,volume,44254803.729979664,150.013662725789,44254803.729979664,500
EARI,9,0.5667473318336981,79791.3215034471,502.33005344390403,-79288.9914500032,-99.37044525146484,volume,44207726.923181534,79791.3215034471,44207726.923181534,500
BHSIF,8,0.5664885400647266,394.48379020723564,172.58665821566558,-221.89713199157006,-56.25,volume,44160634.320131704,394.48379020723564,44160634.320131704,500
GLCO,8,0.566398243128933,232.52547322291426,6.055362692037193,-226.47011053087707,-97.39582824707033,volume,44113541.672702454,232.52547322291426,44113541.672702454,500
CUKPF,9,0.5658080596429917,1140.021536985737,2430.447168112473,1290.4256311267359,113.1930923461914,volume,44019356.28725589,1140.021536985737,44019356.28725589,500
XELA,8,0.5653144956600583,43925171.46045168,39765.631450623274,-43885405.829001054,-99.9094696044922,capital,43925171.46045168,242915040.39135024,43925171.46045168,500
QUBT,9,0.5652723445783947,153884.19296979372,48841.51289245258,-105042.68007734114,-68.2608642578125,volume,43897236.723785736,153884.19296979372,43897236.723785736,500
HTGMQ,11,0.5651262438749604,1036927.436222541,133936.43414164986,-902991.0020808912,-87.08333587646484,volume,43869353.32213395,1036927.436222541,43869353.32213395,500
RMSL,9,0.5647207566099355,306678.70733815146,211687.37483744652,-94991.33250070494,-30.97421836853028,volume,43729484.98433939,306678.70733815146,43729484.98433939,500
ABCFF,9,0.5647034352554997,307.49009547038986,204.9934126200149,-102.49668285037495,-33.33332824707031,volume,43701501.81764723,307.49009547038986,43701501.81764723,500
KAIKY,8,0.5646961212845998,173.1721148846904,313.27470022105575,140.10258533636537,80.9036636352539,volume,43673518.64070541,173.1721148846904,43673518.64070541,500
DLKGF,8,0.5646441502611074,194.15496007662276,316.4709258859296,122.31596580930685,62.9991455078125,volume,43645535.47777384,194.15496007662276,43645535.47777384,500
HDUP,8,0.5643295388202129,288.19096620896045,48.22209782462548,-239.96886838433497,-83.2673110961914,volume,43589569.17637389,288.19096620896045,43589569.17637389,500
ILIM,10,0.563999400299858,229.0091457560569,154.58119959335528,-74.42794616270163,-32.4999885559082,volume,43505619.67388354,229.0091457560569,43505619.67388354,500
NLBS,9,0.5637145150174948,338.13612576986515,0.5589080173342609,-337.5772177525309,-99.83470916748048,volume,43449653.519302845,338.13612576986515,43449653.519302845,500
BEGI,8,0.5634289841055721,65097.03512772982,33333.31796710368,-31763.71716062614,-48.79441452026367,volume,43365704.970465094,65097.03512772982,43365704.970465094,500
BITCF,10,0.5630575910367149,804.3499339382504,985.3288992007188,180.97896526246836,22.50002861022949,volume,43337718.929478176,804.3499339382504,43337718.929478176,500
CNBX,10,0.5628432311192053,132407.01240178992,79030.43047639167,-53376.58192539825,-40.31250381469727,volume,43253760.86081111,132407.01240178992,43253760.86081111,500
FRCB,10,0.5617358687141382,10565629.732112436,208125.30063889362,-10357504.431473542,-98.03016662597656,volume,43141795.418622255,10565629.732112436,43141795.418622255,500
NICH,10,0.5614282272032906,99569.87053653524,143417.145517451,43847.274980915754,44.03668975830078,volume,43112768.30763189,99569.87053653524,43112768.30763189,500
AGSS,9,0.5609628852156533,304.30859074306426,47.59012381348322,-256.71846692958104,-84.3612289428711,volume,42996677.88714565,304.30859074306426,42996677.88714565,500
ASLRF,11,0.5609202277284047,122.77265070087036,120.43410630475947,-2.3385443961108905,-1.9047763347625728,volume,42967655.364923745,122.77265070087036,42967655.364923745,500
SECUF,8,0.5608672988880167,542.5796545233572,485.1185071675974,-57.46114735575986,-10.590361595153809,volume,42938633.357833445,542.5796545233572,42938633.357833445,500
COHN,8,0.5605614677085942,23721.857374186835,10334.579770274897,-13387.277603911938,-56.434356689453125,volume,42880589.33216062,23721.857374186835,42880589.33216062,500
RSTN,9,0.5603750414068411,892.1058399008673,1111.117663650186,219.01182374931864,24.54998207092285,volume,42822542.629032284,892.1058399008673,42822542.629032284,500
QEBR,9,0.5603493909118078,1301.200737783237,27.27883480308742,-1273.9219029801495,-97.903564453125,volume,42793519.2993693,1301.200737783237,42793519.2993693,500
GIFX,8,0.5602992644271514,436.31491021620735,787.1466578246385,350.83174760843116,80.40792083740234,volume,42764495.84231412,436.31491021620735,42764495.84231412,500
GEGP,8,0.5602133579232816,159.14999396710314,48.25838174229487,-110.89161222480827,-69.67742156982422,volume,42735472.42034212,159.14999396710314,42735472.42034212,500
MGXMF,8,0.560194393909209,1247.862709273647,0.3052252079721711,-1247.5574840656748,-99.9755401611328,volume,42706448.98728094,1247.862709273647,42706448.98728094,500
AJYG,8,0.5599893963138168,5095.726404061126,0.6060972186223808,-5095.120306842504,-99.98810577392578,volume,42648401.87164712,5095.726404061126,42648401.87164712,500
AMIH,9,0.5598919115878507,1906136.3573967353,9175.113595925737,-1896961.2438008096,-99.5186538696289,volume,42619377.804318175,1906136.3573967353,42619377.804318175,500
AIFF,10,0.5596853369645994,15515.86886550535,4071.330513382065,-11444.538352123285,-73.76021575927734,volume,42590164.040864855,15515.86886550535,42590164.040864855,500
JRSS,8,0.5595499567710176,298.15479462751495,122.28024835212983,-175.87454627538511,-58.98766326904297,volume,42531734.246427946,298.15479462751495,42531734.246427946,500
LKMNF,10,0.5594906301565059,104.4423513111718,64.25546494602699,-40.186886365144815,-38.477577209472656,volume,42502519.331622034,104.4423513111718,42502519.331622034,500
SAVA,11,0.5592975068155425,1529565.5754699316,189799.18881288823,-1339766.3866570434,-87.59130096435547,volume,42414874.83315803,1529565.5754699316,42414874.83315803,500
PPSI,8,0.5589593881492286,162485.26079455065,126328.27065672395,-36156.990137826695,-22.25247383117676,volume,42297479.74718505,162485.26079455065,42297479.74718505,500
OSCI,9,0.5589564847010979,586.9154175256211,559.9025740880173,-27.012843437603806,-4.602510452270508,volume,42268127.95482826,586.9154175256211,42268127.95482826,500
GALKF,8,0.5588211151678543,391.8969183368774,200.53654617525262,-191.36037216162475,-48.82926177978516,volume,42180072.670790106,391.8969183368774,42180072.670790106,500
IGPK,10,0.5586714470078947,2779.811517781344,21874.778644285183,19094.967126503838,686.9158935546875,volume,42150720.9010658,2779.811517781344,42150720.9010658,500
SCNA,9,0.5585882127093356,3362.8317358352137,476.40107705542187,-2886.430658779792,-85.83333587646484,volume,42121371.085637644,3362.8317358352137,42121371.085637644,500
AMPY,8,0.5585018379077269,170377.5657221533,312696.7390270502,142319.17330489692,83.5316390991211,volume,42062670.87749522,170377.5657221533,42062670.87749522,500
AGFAF,8,0.5584689168049952,16987.173947709623,19.597096043653437,-16967.57685166597,-99.88463592529295,volume,42004199.16185216,16987.173947709623,42004199.16185216,500
GNAL,8,0.558405276362653,644.969007178441,5.170498916494921,-639.798508261946,-99.19833374023438,volume,41975061.621605285,644.969007178441,41975061.621605285,500
PBCRF,8,0.5583615923700977,2241.667429791074,2495.5909260133876,253.9234962223136,11.327438354492188,volume,41945924.01737857,2241.667429791074,41945924.01737857,500
DRSHF,9,0.558344324651065,179.57310144867503,1567.685560754638,1388.1124593059628,773.0068969726562,volume,41916786.4385442,179.57310144867503,41916786.4385442,500
CARM,8,0.5580470589005578,303429.3431040091,45295.40415223435,-258133.93895177476,-85.07217407226562,volume,41887649.832025126,303429.3431040091,41887649.832025126,500
MSMY,9,0.55800633001599,483.16973110833027,226.0544046452652,-257.11532646306506,-53.21428680419922,volume,41858487.41211215,483.16973110833027,41858487.41211215,500
SMOFF,8,0.5579392629312201,100.56077154212306,45.50678730530051,-55.05398423682255,-54.746978759765625,volume,41829324.966487646,100.56077154212306,41829324.966487646,500
OXBR,9,0.5578877783971539,55287.05921078122,70586.69474503925,15299.635534258028,27.67308616638184,volume,41800163.66740617,55287.05921078122,41800163.66740617,500
OTLC,11,0.5577831902384911,3146.9517117465784,2357.8535460167877,-789.0981657297907,-25.075000762939453,volume,41771004.01675681,3146.9517117465784,41771004.01675681,500
RMHI,10,0.5576928350861948,2176.176250762816,436.82746895175865,-1739.3487818110573,-79.92683410644531,volume,41712684.61304852,2176.176250762816,41712684.61304852,500
FVTI,10,0.5573320902510281,828.9671383993563,272.0712497194878,-556.8958886798684,-67.17948913574219,volume,41625205.01370231,828.9671383993563,41625205.01370231,500
EHVVF,11,0.5572952610338903,72845.32066138362,50991.71473706894,-21853.60592431468,-30.00001335144043,volume,41596045.09156399,72845.32066138362,41596045.09156399,500
YRD,8,0.5571413568916477,166269.6131327995,184396.99621990943,18127.38308710992,10.902402877807615,volume,41545634.999411106,166269.6131327995,41545634.999411106,500
PBLA,11,0.5570704779159918,23020602.34115119,13519809.965659922,-9500792.375491267,-41.27082443237305,security_limit,41495228.53273483,179649253.8089547,41495228.53273483,500
ILLMF,10,0.5569434008392239,9402.49826788125,7068.138261093713,-2334.3600067875377,-24.82701873779297,volume,41469075.22015914,9402.49826788125,41469075.22015914,500
OIBRQ,10,0.5569333659829137,8992.498312820879,53026.61212294657,44034.113810125695,489.6760864257813,volume,41442921.674147464,8992.498312820879,41442921.674147464,500
GBMIF,8,0.5563926767623377,219.21169474680175,78.19417891335235,-141.0175158334494,-64.32937622070312,volume,41338325.10374625,219.21169474680175,41338325.10374625,500
MNGG,10,0.55634352641975,211.7315584281197,62.273990623653305,-149.4575678044664,-70.5882339477539,volume,41286026.8307569,211.7315584281197,41286026.8307569,500
AWON,9,0.5562596954941599,375.4279210998729,676.196864993997,300.7689438941241,80.11363220214844,volume,41259877.67931646,375.4279210998729,41259877.67931646,500
LITH,8,0.5562419311020815,295.78851945796725,246.49040091190244,-49.29811854606481,-16.666677474975586,volume,41233731.363748096,295.78851945796725,41233731.363748096,500
ATBPF,8,0.5558740380317079,902.4106299346928,959.79253987297,57.381909938277204,6.358736038208008,volume,41155292.36264153,902.4106299346928,41155292.36264153,500
BFYW,8,0.5557967804241674,1474.5959016135048,68.76448669156753,-1405.8314149219373,-95.33672332763672,volume,41103653.67711642,1474.5959016135048,41103653.67711642,500
VMRI,8,0.5554386898388171,440.07994877879196,4400.798681977467,3960.718733198675,899.9998168945312,volume,41000375.086989366,440.07994877879196,41000375.086989366,500
NXGT,8,0.5552713859934908,1791.5350298308758,338.7618442897153,-1452.7731855411605,-81.09097290039062,volume,40974555.63330526,1791.5350298308758,40974555.63330526,500
EVSV,9,0.5551669014228378,406.88584656481027,403.8231463407507,-3.0627002240595402,-0.7527173161506653,volume,40922916.4079372,406.88584656481027,40922916.4079372,500
CVAT,11,0.5550996103705812,318.02098443907573,461.7664718318455,143.74548739276975,45.20000076293945,volume,40871277.16923463,318.02098443907573,40871277.16923463,500
OPTI,9,0.5545648471631074,836218.6110631613,435206.7070969362,-401011.9039662251,-47.95539093017578,volume,40742179.144350976,836218.6110631613,40742179.144350976,500
SDCH,8,0.554407191296817,1710.5747975693446,497.7653638998738,-1212.8094336694708,-70.90069580078125,volume,40690459.73201673,1710.5747975693446,40690459.73201673,500
ATCMF,9,0.5540549800732167,512.2279521586645,305.157109894009,-207.07084226465548,-40.4255256652832,volume,40587011.62834793,512.2279521586645,40587011.62834793,500
FONU,11,0.5538490867018175,6474.507895916255,6474.508366998763,0.00047108250873861834,7.275958523678128e-06,volume,40561149.13728047,6474.507895916255,40561149.13728047,500
JANL,9,0.5535768049873351,185.37679671531876,139.27504609435744,-46.101750620961326,-24.869213104248047,volume,40509424.155145645,185.37679671531876,40509424.155145645,500
SMTSF,8,0.5534903340158113,11442.469200174752,4721.496955532785,-6720.972244641966,-58.73707962036133,volume,40483561.69799099,11442.469200174752,40483561.69799099,500
APTPF,8,0.5531474550798826,223.20575604269789,235.07410612980428,11.868350087106393,5.317224025726318,volume,40405972.46787921,223.20575604269789,40405972.46787921,500
RLBD,9,0.5531133219482368,649.8825330652003,468.71084468529335,-181.17168837990693,-27.877605438232425,volume,40380109.39236212,649.8825330652003,40380109.39236212,500
MGWFF,10,0.5530778242853982,382.69192652605744,462.87503403731745,80.18310751126,20.952390670776367,volume,40354246.35906147,382.69192652605744,40354246.35906147,500
LCNTU,8,0.5530659720397522,303.8032096807055,366.9604403866649,63.15723070595942,20.788862228393555,volume,40328383.333779134,303.8032096807055,40328383.333779134,500
EVIO,10,0.553060288197074,748580.7809261014,1247634.7871759855,499054.00624988414,66.66668701171875,volume,40302520.409201406,748580.7809261014,40302520.409201406,500
KPRX,10,0.5527833189760762,4156691.230210712,2750217.0727966037,-1406474.1574141085,-33.836387634277344,volume,40276707.40628636,4156691.230210712,40276707.40628636,500
GLMD,10,0.5527084616997173,214543.45763454764,49261.320164742065,-165282.13746980557,-77.03900146484375,volume,40250753.75595557,214543.45763454764,40250753.75595557,500
LKFLF,8,0.55270680583169,130.77712472164842,129.50939514190594,-1.267729579742479,-0.9693817496299744,volume,40224783.57741103,130.77712472164842,40224783.57741103,500
PBHG,8,0.5523769235644725,211.17984479289535,19.736434695102133,-191.44341009779322,-90.65420532226562,volume,40198813.589374386,211.17984479289535,40198813.589374386,500
DMAN,10,0.5522674131802319,3445.130449200192,1174.31552541161,-2270.814923788582,-65.91375732421875,volume,40172843.5821934,3445.130449200192,40172843.5821934,500
MAXD,9,0.5521226918336488,8620.249194182903,207.7167529673734,-8412.53244121553,-97.59036254882812,volume,40146873.34793092,8620.249194182903,40146873.34793092,500
ILUS,8,0.551649194844826,9659.720260576025,299.7739771203742,-9359.94628345565,-96.89665985107422,volume,40068960.12138375,9659.720260576025,40068960.12138375,500
BLPG,10,0.5516176070958286,4863.850399878656,2673.275296132953,-2190.5751037457035,-45.037879943847656,volume,40042988.2140306,4863.850399878656,40042988.2140306,500
CBGL,11,0.5513207521122614,31935.721084957113,50424.81314795008,18489.092062992968,57.89470672607422,volume,39913127.9623788,31935.721084957113,39913127.9623788,500
AXIM,9,0.5512540588706392,20648.31487538655,1493.9340634068358,-19154.380811979714,-92.76486206054688,volume,39887157.76307878,20648.31487538655,39887157.76307878,500
KRFG,11,0.551166915097605,412.9680197104442,386.6083620201791,-26.359657690265124,-6.3829779624938965,volume,39861185.64834067,412.9680197104442,39861185.64834067,500
NOKPF,9,0.5511141587694737,2076.858759336799,15656.319390533565,13579.460631196765,653.8461303710938,volume,39835213.575103424,2076.858759336799,39835213.575103424,500
ANIP,8,0.5509403686147475,405043.85211426613,424917.33781900746,19873.485704741324,4.9065022468566895,volume,39731330.77558807,405043.85211426613,39731330.77558807,500
SIXWF,10,0.5508011042240373,136.90523647431064,0.17478730981147805,-136.73044916449916,-99.87232971191406,volume,39705360.551637165,136.90523647431064,39705360.551637165,500
WLFFF,10,0.5507636993990537,132.69710827977096,41.45958516491589,-91.23752311485507,-68.7562255859375,volume,39679390.31401322,132.69710827977096,39679390.31401322,500
NIHK,10,0.5504392232813892,365.09064022896456,158.59492343441977,-206.4957167945448,-56.56012344360352,volume,39601479.61042925,365.09064022896456,39601479.61042925,500
RRIF,8,0.550328327974542,709.1586051733199,0.07509705688335089,-709.0835081164365,-99.98941040039062,volume,39549539.11229383,709.1586051733199,39549539.11229383,500
EMMA,9,0.5501497072579921,24687.789258041325,4121.183712010614,-20566.60554603071,-83.30679321289062,volume,39497598.4723417,24687.789258041325,39497598.4723417,500
CTTH,10,0.5500346608623726,192.18887627127148,804.2958429990457,612.1069667277742,318.4924011230469,volume,39471626.10585796,192.18887627127148,39471626.10585796,500
PRTA,8,0.5496794730499052,762201.886225387,582241.3350486455,-179960.5511767415,-23.610614776611328,volume,39393709.20989277,762201.886225387,39393709.20989277,500
AZURF,9,0.5495114981878383,389.94977439203063,97.24414150030731,-292.7056328917233,-75.06239318847656,volume,39315759.172504894,389.94977439203063,39315759.172504894,500
WPFH,10,0.5492752109752937,2862.173754256666,606.7193875614671,-2255.454366695199,-78.8021469116211,volume,39289775.80081187,2862.173754256666,39289775.80081187,500
RMRK,10,0.5492687207565216,1648.245977829665,574.1081227353598,-1074.1378550943052,-65.16854095458984,volume,39263792.20357342,1648.245977829665,39263792.20357342,500
GSTC,8,0.5491397810876265,34721.52755275305,3972.119758347573,-30749.407794405473,-88.56006622314453,volume,39185841.127612,34721.52755275305,39185841.127612,500
ZLDAF,11,0.5490413556719437,146.66381567131313,109.33121847252447,-37.33259719878866,-25.45453834533692,volume,39159854.367016636,146.66381567131313,39159854.367016636,500
RCRT,9,0.5490036812116242,192569.37632307215,37014.74547173316,-155554.630851339,-80.77848815917969,volume,39133867.60268801,192569.37632307215,39133867.60268801,500
NIXX,9,0.5488917474094406,164357.35338050776,31591.968141293182,-132765.38523921458,-80.77848815917969,volume,39107865.282896295,164357.35338050776,39107865.282896295,500
FCUL,10,0.5487963945708797,190.54261548075522,6.9120688637147225,-183.6305466170405,-96.37242889404295,volume,39081849.686566055,190.54261548075522,39081849.686566055,500
GSPTD,10,0.5487963945708797,187.32102997476244,1.6523357790063358,-185.6686941957561,-99.11791229248048,volume,39055834.07187276,187.32102997476244,39055834.07187276,500
INVU,10,0.5487405455313651,5099.937787548814,3351.19027915042,-1748.7475083983945,-34.28958511352539,volume,39029818.438612595,5099.937787548814,39029818.438612595,500
NXGT,10,0.5482990903277701,1791.5350298308758,1273.0118178606995,-518.5232119701764,-28.94295692443848,volume,38935138.98164229,1791.5350298308758,38935138.98164229,500
PHUN,9,0.5481061459456583,6894454.792578644,389226.4579391517,-6505228.334639492,-94.35449981689452,volume,38871167.017025776,6894454.792578644,38871167.017025776,500
NUGL,10,0.5479316236819731,1752.531277131592,645.2989248935164,-1107.2323522380757,-63.17903518676758,volume,38761294.5646914,1752.531277131592,38761294.5646914,500
CVHIF,10,0.5479101014481642,101.60509120195158,101.60509120195158,0.0,0.0,volume,38739319.96864431,101.60509120195158,38739319.96864431,500
SCLF,10,0.5478876274008802,112.91321233451885,40.3166724390929,-72.59653989542595,-64.29410552978516,volume,38717345.39004155,112.91321233451885,38717345.39004155,500
HDII,10,0.5478516763042097,551.5737562754275,48.38364658910342,-503.1901096863241,-91.2280731201172,volume,38695370.8204366,551.5737562754275,38695370.8204366,500
BGFV,8,0.547846053294062,305158.56098426034,100148.26602489874,-205010.2949593616,-67.18156433105469,volume,38673396.20051264,305158.56098426034,38673396.20051264,500
