Security,Acquisition_Event_Count,Acquisition_Quality_Jump_Sum,Acquisition_Quality_Jump_Avg,Acquisition_Quality_Jump_Max,Acquisition_Final_Return_Mean,Acquisition_Final_Return_Median,Loss_Event_Count,Loss_Quality_Loss_Sum,Loss_Quality_Loss_Avg,Loss_Quality_Loss_Max,Loss_Final_Return_Mean,Loss_Final_Return_Median,Total_Event_Count,Net_Quality_Delta,Event_Balance_Ratio,Weighted_Avg_Final_Return,Quality_Momentum_Score,Unique_Clusters,Unique_Blocks,Events_Per_Block,Net_Quality_Delta_Percentile,Quality_Momentum_Score_Percentile,Weighted_Avg_Final_Return_Percentile,Acquisition_Quality_Jump_Avg_Percentile,Loss_Quality_Loss_Avg_Percentile,Event_Balance_Ratio_Percentile,Events_Per_Block_Percentile,Composite_Quality_Event_Rank
ASLRF,1.0,10.946830890336592,10.946830890336592,10.946830890336592,1006.7193241212576,1006.7193241212576,0.0,0.0,0.0,0.0,0.0,0.0,1.0,10.946830890336592,1.0,1006.7193241212576,11020.38619518936,1,1,1.0,0.9143754909662215,0.99528672427337,0.9709347996857817,0.8609583660644148,0.05734485467399843,0.94344069128044,0.5003927729772192,0.8881775333857032
AAEEF,1.0,8.669273143432884,8.669273143432884,8.669273143432884,536.6208028271237,536.6208028271237,0.0,0.0,0.0,0.0,0.0,0.0,1.0,8.669273143432884,1.0,536.6208028271237,4652.112314156577,1,1,1.0,0.8586017282010998,0.9937156323644933,0.9497250589159466,0.6260801256873527,0.05734485467399843,0.94344069128044,0.5003927729772192,0.8695993715632365
APCX,1.0,7.548185690528653,7.548185690528653,7.548185690528653,621.4285584736847,621.4285584736847,0.0,0.0,0.0,0.0,0.0,0.0,1.0,7.548185690528653,1.0,621.4285584736847,4690.658152756915,1,1,1.0,0.8201099764336214,0.9945011783189317,0.9536527886881383,0.45640219952867245,0.05734485467399843,0.94344069128044,0.5003927729772192,0.8609583660644149
AYASF,1.0,7.836361089058047,7.836361089058047,7.836361089058047,342.52951602056834,342.52951602056834,0.0,0.0,0.0,0.0,0.0,0.0,1.0,7.836361089058047,1.0,342.52951602056834,2684.184971197467,1,1,1.0,0.8318931657501963,0.9882168106834249,0.9230164964650432,0.5074626865671642,0.05734485467399843,0.94344069128044,0.5003927729772192,0.8562058130400629
BFNH,1.0,7.376543209876544,7.376543209876544,7.376543209876544,395.6363731691661,395.6363731691661,0.0,0.0,0.0,0.0,0.0,0.0,1.0,7.376543209876544,1.0,395.6363731691661,2918.428802081195,1,1,1.0,0.8114689709347996,0.9890023566378633,0.9371563236449332,0.42419481539670073,0.05734485467399843,0.94344069128044,0.5003927729772192,0.8541241162608013
AMSU,2.0,20.081361716937245,10.040680858468622,12.805819921271612,31.99999731779115,31.99999731779115,0.0,0.0,0.0,0.0,0.0,0.0,2.0,20.081361716937245,1.0,31.99999731779115,642.6035210795857,2,2,1.0,0.997643362136685,0.9709347996857817,0.6630007855459544,0.7910447761194029,0.05734485467399843,0.94344069128044,0.5003927729772192,0.8413197172034564
ABEPF,1.0,6.366459627329192,6.366459627329192,6.366459627329192,157.16879638119045,157.16879638119045,0.0,0.0,0.0,0.0,0.0,0.0,1.0,6.366459627329192,1.0,157.16879638119045,1000.6087968367714,1,1,1.0,0.7706205813040062,0.9803613511390417,0.8758837391987431,0.25765907305577374,0.05734485467399843,0.94344069128044,0.5003927729772192,0.8294972505891596
AMXEF,1.0,6.868607006967435,6.868607006967435,6.868607006967435,131.2232006470313,131.2232006470313,0.0,0.0,0.0,0.0,0.0,0.0,1.0,6.868607006967435,1.0,131.2232006470313,901.3205954408928,1,1,1.0,0.7902592301649647,0.9787902592301649,0.852317360565593,0.3318931657501964,0.05734485467399843,0.94344069128044,0.5003927729772192,0.8293008641005499
AWWI,2.0,14.213825032885266,7.106912516442633,8.342673017652006,28.26087027511046,28.26087027511046,0.0,0.0,0.0,0.0,0.0,0.0,2.0,14.213825032885266,1.0,28.26087027511046,401.69506536748816,2,2,1.0,0.96700706991359,0.9615082482325216,0.6512175962293795,0.3739198743126473,0.05734485467399843,0.94344069128044,0.5003927729772192,0.8289473684210527
ASRE,2.0,12.675381570993032,6.337690785496516,7.243116349586735,32.19582859725411,32.19582859725411,0.0,0.0,0.0,0.0,0.0,0.0,2.0,12.675381570993032,1.0,32.19582859725411,408.09441246448523,2,2,1.0,0.9481539670070699,0.9622937941869599,0.6645718774548312,0.2513747054202671,0.05734485467399843,0.94344069128044,0.5003927729772192,0.8271013354281226
ACCR,1.0,5.630268968285829,5.630268968285829,5.630268968285829,203.2567124395527,203.2567124395527,0.0,0.0,0.0,0.0,0.0,0.0,1.0,5.630268968285829,1.0,203.2567124395527,1144.3899606442099,1,1,1.0,0.7368421052631579,0.9819324430479183,0.8939512961508248,0.13904163393558522,0.05734485467399843,0.94344069128044,0.5003927729772192,0.8250589159465829
ALL,3.0,18.732745153712063,6.244248384570688,7.033248081841432,18.57949269070168,18.57949269070168,0.0,0.0,0.0,0.0,0.0,0.0,3.0,18.732745153712063,1.0,18.57949269070168,348.04490166017064,3,3,1.0,0.992930086410055,0.9560094265514533,0.6048703849175177,0.23095051060487037,0.05734485467399843,0.94344069128044,0.5003927729772192,0.8247839748625294
ALLT,1.0,6.994146847447582,6.994146847447582,6.994146847447582,102.86666615804036,102.86666615804036,0.0,0.0,0.0,0.0,0.0,0.0,1.0,6.994146847447582,1.0,102.86666615804036,719.4645688167009,1,1,1.0,0.7949725058915946,0.974076983503535,0.8240377062058131,0.35506677140612725,0.05734485467399843,0.94344069128044,0.5003927729772192,0.8236449332285939
AEYGQ,3.0,20.17472558871591,6.7249085295719695,7.818598337010014,13.478195913575197,13.478195913575195,0.0,0.0,0.0,0.0,0.0,0.0,3.0,20.17472558871591,1.0,13.478195913575197,271.9189039873317,3,3,1.0,0.9984289080911233,0.9512961508248232,0.5860172820109977,0.30557737627651216,0.05734485467399843,0.94344069128044,0.5003927729772192,0.8212097407698351
AMLC,1.0,5.596369922212619,5.596369922212619,5.596369922212619,133.33333850734886,133.33333850734886,0.0,0.0,0.0,0.0,0.0,0.0,1.0,5.596369922212619,1.0,133.33333850734886,746.1826852507207,1,1,1.0,0.7352710133542812,0.9756480754124116,0.8531029065200314,0.13275726630007856,0.05734485467399843,0.94344069128044,0.5003927729772192,0.8149253731343283
ATHJF,1.0,5.58481514314022,5.58481514314022,5.58481514314022,130.10936869720226,130.10936869720226,0.0,0.0,0.0,0.0,0.0,0.0,1.0,5.58481514314022,1.0,130.10936869720226,726.6367725645493,1,1,1.0,0.7344854673998429,0.9748625294579732,0.8507462686567164,0.1311861743912019,0.05734485467399843,0.94344069128044,0.5003927729772192,0.8140612725844462
AMKAF,1.0,5.378863966075215,5.378863966075215,5.378863966075215,128.6170662676216,128.6170662676216,0.0,0.0,0.0,0.0,0.0,0.0,1.0,5.378863966075215,1.0,128.6170662676216,691.8137031692179,1,1,1.0,0.7219167321288296,0.9732914375490966,0.8476040848389631,0.10290652003142184,0.05734485467399843,0.94344069128044,0.5003927729772192,0.809897879025923
AETUF,1.0,5.453616013775291,5.453616013775291,5.453616013775291,120.53966009019976,120.53966009019976,0.0,0.0,0.0,0.0,0.0,0.0,1.0,5.453616013775291,1.0,120.53966009019976,657.3770205629438,1,1,1.0,0.7262372348782403,0.9717203456402199,0.8436763550667714,0.11351139041633936,0.05734485467399843,0.94344069128044,0.5003927729772192,0.8097996857816182
BB,1.0,5.211368780580366,5.211368780580366,5.211368780580366,85.72804529497468,85.72804529497468,0.0,0.0,0.0,0.0,0.0,0.0,1.0,5.211368780580366,1.0,85.72804529497468,446.76045887041056,1,1,1.0,0.7156323644933229,0.9630793401413983,0.7996857816182247,0.08719560094265515,0.05734485467399843,0.94344069128044,0.5003927729772192,0.7961901021209741
ARTW,1.0,5.038496376811596,5.038496376811596,5.038496376811596,79.03711212972281,79.03711212972281,0.0,0.0,0.0,0.0,0.0,0.0,1.0,5.038496376811596,1.0,79.03711212972281,398.2282030992602,1,1,1.0,0.7109190887666929,0.959937156323645,0.786331500392773,0.07776904948939513,0.05734485467399843,0.94344069128044,0.5003927729772192,0.791555380989788
BBBT,1.0,6.519756838905775,6.519756838905775,6.519756838905775,42.02737476417956,42.02737476417956,0.0,0.0,0.0,0.0,0.0,0.0,1.0,6.519756838905775,1.0,42.02737476417956,274.0082640400157,1,1,1.0,0.779261586802828,0.9520816967792616,0.6983503534956795,0.27651217596229377,0.05734485467399843,0.94344069128044,0.5003927729772192,0.7890809112333073
AUB,2.0,12.424491141747055,6.212245570873527,7.1199339812946985,0.1704584259059087,0.1704584259059087,0.0,0.0,0.0,0.0,0.0,0.0,2.0,12.424491141747055,1.0,0.1704584259059087,2.117859202704109,2,2,1.0,0.94344069128044,0.9340141398271798,0.5113904163393559,0.22309505106048705,0.05734485467399843,0.94344069128044,0.5003927729772192,0.7882168106834251
ASM,1.0,5.538579067990832,5.538579067990832,5.538579067990832,56.046065558852,56.046065558852,0.0,0.0,0.0,0.0,0.0,0.0,1.0,5.538579067990832,1.0,56.046065558852,310.41556554749957,1,1,1.0,0.7313432835820896,0.9536527886881383,0.7391987431264729,0.12254516889238021,0.05734485467399843,0.94344069128044,0.5003927729772192,0.7856637863315005
BBSRF,1.0,7.791164658634536,7.791164658634536,7.791164658634536,21.117229452156884,21.117229452156884,0.0,0.0,0.0,0.0,0.0,0.0,1.0,7.791164658634536,1.0,21.117229452156884,164.52781179592108,1,1,1.0,0.8303220738413197,0.9450117831893166,0.6166535742340927,0.4964650432050275,0.05734485467399843,0.94344069128044,0.5003927729772192,0.7837391987431265
AZNCF,1.0,5.818031772230246,5.818031772230246,5.818031772230246,33.39549169176742,33.39549169176742,0.0,0.0,0.0,0.0,0.0,0.0,1.0,5.818031772230246,1.0,33.39549169176742,194.29603171195407,1,1,1.0,0.7450903377847604,0.9473684210526315,0.6684996072270227,0.16378633150039276,0.05734485467399843,0.94344069128044,0.5003927729772192,0.7733896307934014
AZN,1.0,5.818031772230246,5.818031772230246,5.818031772230246,31.394428936759965,31.394428936759965,0.0,0.0,0.0,0.0,0.0,0.0,1.0,5.818031772230246,1.0,31.394428936759965,182.65378502509412,1,1,1.0,0.7450903377847604,0.9465828750981933,0.6598586017282011,0.16378633150039276,0.05734485467399843,0.94344069128044,0.5003927729772192,0.7714650432050275
BEEM,3.0,28.305192057204486,9.435064019068163,12.066496163682864,394.6558008838592,394.6558008838592,1.0,8.436607339046363,8.436607339046363,8.436607339046363,394.6558008838592,394.6558008838592,4.0,19.868584718158125,0.75,394.6558008838592,0.0,4,4,1.0,0.9960722702278083,0.48978790259230165,0.9363707776904949,0.7344854673998429,0.6197957580518461,0.8735271013354281,0.5003927729772192,0.7648271798900236
ASPN,5.0,35.40821505785234,7.081643011570468,9.832917226810064,682.1237291781542,682.1237291781542,2.0,20.951219127012163,10.475609563506081,11.496746203904555,682.1237291781542,682.1237291781542,7.0,14.456995930840176,0.7142857142857143,682.1237291781542,0.0,7,7,1.0,0.969363707776905,0.48978790259230165,0.9575805184603299,0.3692065985860173,0.8256087981146897,0.8656716417910447,0.5003927729772192,0.7612136684996071
ANAS,3.0,21.12502339335028,7.041674464450093,9.785661492978562,1101.141192589713,1101.141192589713,1.0,8.800813008130078,8.800813008130078,8.800813008130078,1101.141192589713,1101.141192589713,4.0,12.324210385220201,0.75,1101.141192589713,0.0,4,4,1.0,0.9410840534171249,0.48978790259230165,0.9717203456402199,0.3605655930871956,0.6637863315003928,0.8735271013354281,0.5003927729772192,0.7581500392772977
AXIM,1.0,7.491818606825619,7.491818606825619,7.491818606825619,1.104870897815575,1.104870897815575,0.0,0.0,0.0,0.0,0.0,0.0,1.0,7.491818606825619,1.0,1.104870897815575,8.277492350394853,1,1,1.0,0.8177533385703064,0.9347996857816182,0.5168892380204242,0.4461901021209741,0.05734485467399843,0.94344069128044,0.5003927729772192,0.7580911233307149
ARYMF,2.0,21.96316173773613,10.981580868868065,11.306535231712031,782.3529435100564,782.3529435100564,1.0,5.991423874171624,5.991423874171624,5.991423874171624,782.3529435100564,782.3529435100564,3.0,15.971737863564506,0.6666666666666666,782.3529435100564,0.0,3,3,1.0,0.9803613511390417,0.48978790259230165,0.9607227022780833,0.8617439120188531,0.22152395915161036,0.802827965435978,0.5003927729772192,0.755164964650432
AMMCF,1.0,5.55813953488372,5.55813953488372,5.55813953488372,15.984554285209388,15.984554285209388,0.0,0.0,0.0,0.0,0.0,0.0,1.0,5.55813953488372,1.0,15.984554285209388,88.84438312011729,1,1,1.0,0.7329143754909663,0.9402985074626866,0.593872741555381,0.12647289866457187,0.05734485467399843,0.94344069128044,0.5003927729772192,0.7536527886881383
ACKAY,1.0,5.307602045092615,5.307602045092615,5.307602045092615,18.49368138805145,18.49368138805145,0.0,0.0,0.0,0.0,0.0,0.0,1.0,5.307602045092615,1.0,18.49368138805145,98.15710115651311,1,1,1.0,0.7211311861743912,0.9410840534171249,0.6040848389630793,0.09505106048703849,0.05734485467399843,0.94344069128044,0.5003927729772192,0.7529457973291438
ASNCF,3.0,23.35152062395287,7.78384020798429,9.559760760858907,175.86327453268942,175.86327453268945,1.0,7.343557855170653,7.343557855170653,7.343557855170653,175.86327453268945,175.86327453268945,4.0,16.007962768782214,0.75,175.86327453268945,0.0,4,4,1.0,0.9819324430479183,0.48978790259230165,0.8853102906520032,0.4948939512961508,0.45640219952867245,0.8735271013354281,0.5003927729772192,0.7510801256873527
AMNI,4.0,30.104623837357316,7.526155959339329,9.87224157955865,129.4009841424029,129.4009841424029,1.0,14.132449425423866,14.132449425423866,14.132449425423866,129.4009841424029,129.4009841424029,5.0,15.97217441193345,0.8,129.4009841424029,0.0,5,5,1.0,0.98114689709348,0.48978790259230165,0.8499607227022781,0.45247446975648076,0.9583660644147682,0.8837391987431265,0.5003927729772192,0.745345640219953
BCHMF,2.0,24.002446542169444,12.001223271084722,14.245030719190458,373.7945566990687,373.7945566990687,1.0,10.36786830135176,10.36786830135176,10.36786830135176,373.7945566990687,373.7945566990687,3.0,13.634578240817685,0.6666666666666666,373.79455669906866,0.0,3,3,1.0,0.9583660644147682,0.48978790259230165,0.9300864100549883,0.9033778476040848,0.8153967007069913,0.802827965435978,0.5003927729772192,0.7435388845247447
AFNL,4.0,27.279316913327097,6.819829228331774,8.313057583130576,116.00000000000004,116.00000000000004,1.0,10.86861313868613,10.86861313868613,10.86861313868613,116.00000000000004,116.00000000000004,5.0,16.410703774640965,0.8,116.00000000000004,0.0,5,5,1.0,0.983503534956795,0.48978790259230165,0.835820895522388,0.32285938727415553,0.8515318146111548,0.8837391987431265,0.5003927729772192,0.7431068342498037
BGNX,2.0,21.7479013883446,10.8739506941723,15.118407202289328,209.9999941792464,209.9999941792464,1.0,6.69877012476283,6.69877012476283,6.69877012476283,209.9999941792464,209.9999941792464,3.0,15.04913126358177,0.6666666666666666,209.9999941792464,0.0,3,3,1.0,0.9732914375490966,0.48978790259230165,0.8970934799685781,0.8562450903377847,0.34171249018067557,0.802827965435978,0.5003927729772192,0.7406716417910447
BBBK,1.0,5.715617715617717,5.715617715617717,5.715617715617717,0.2184996358339278,0.2184996358339278,0.0,0.0,0.0,0.0,0.0,0.0,1.0,5.715617715617717,1.0,0.2184996358339278,1.2488603894284176,1,1,1.0,0.7399842890809112,0.9332285938727416,0.5121759622937941,0.1476826394344069,0.05734485467399843,0.94344069128044,0.5003927729772192,0.737313432835821
AQQSQ,2.0,18.869974125390172,9.434987062695086,13.667661986661848,400.0,400.0,1.0,7.313536712678344,7.313536712678344,7.313536712678344,400.0,400.0,3.0,11.556437412711828,0.6666666666666666,400.0,0.0,3,3,1.0,0.9238020424194815,0.48978790259230165,0.9379418695993715,0.7336999214454045,0.4516889238020424,0.802827965435978,0.5003927729772192,0.7364689709347997
AZTA,3.0,25.146019112000683,8.382006370666895,11.576691380908247,150.0972202671736,150.0972202671736,1.0,13.319327731092436,13.319327731092436,13.319327731092436,150.0972202671736,150.0972202671736,4.0,11.826691380908247,0.75,150.0972202671736,0.0,4,4,1.0,0.9308719560094265,0.48978790259230165,0.8703849175176748,0.5899450117831894,0.9418695993715632,0.8735271013354281,0.5003927729772192,0.735329929300864
ASKH,2.0,16.88796054926919,8.443980274634596,11.164137067751524,352.72377303098506,352.72377303098506,1.0,5.201837873318017,5.201837873318017,5.201837873318017,352.72377303098506,352.72377303098506,3.0,11.686122675951175,0.6666666666666666,352.72377303098506,0.0,3,3,1.0,0.9269442262372348,0.48978790259230165,0.9245875883739199,0.600942655145326,0.12411626080125687,0.802827965435978,0.5003927729772192,0.7345836606441477
AGGI,2.0,22.775035358462915,11.387517679231458,16.1247890530442,372.10359370744646,372.10359370744646,1.0,11.882647795960487,11.882647795960487,11.882647795960487,372.10359370744646,372.10359370744646,3.0,10.892387562502428,0.6666666666666666,372.10359370744646,0.0,3,3,1.0,0.9120188531029065,0.48978790259230165,0.9293008641005499,0.8821681068342498,0.901413982717989,0.802827965435978,0.5003927729772192,0.7317949725058916
BABL,2.0,17.68325472262363,8.841627361311815,9.302446461986278,599.0384550908441,599.0384550908441,1.0,8.313057583130576,8.313057583130576,8.313057583130576,599.0384550908441,599.0384550908441,3.0,9.370197139493055,0.6666666666666666,599.0384550908441,0.0,3,3,1.0,0.8809897879025923,0.48978790259230165,0.9524744697564808,0.6539670070699136,0.6064414768263944,0.802827965435978,0.5003927729772192,0.7286724273369992
BABLD,2.0,17.68325472262363,8.841627361311815,9.302446461986278,599.0384550908441,599.0384550908441,1.0,8.313057583130576,8.313057583130576,8.313057583130576,599.0384550908441,599.0384550908441,3.0,9.370197139493055,0.6666666666666666,599.0384550908441,0.0,3,3,1.0,0.8809897879025923,0.48978790259230165,0.9524744697564808,0.6539670070699136,0.6064414768263944,0.802827965435978,0.5003927729772192,0.7286724273369992
AHFI,2.0,16.367198406587125,8.183599203293562,10.557724233858302,402810.013244426,402810.013244426,1.0,8.255933952528379,8.255933952528379,8.255933952528379,402810.013244426,402810.013244426,3.0,8.111264454058746,0.6666666666666666,402810.01324442605,0.0,3,3,1.0,0.8389630793401414,0.48978790259230165,1.0,0.565593087195601,0.5978004713275726,0.802827965435978,0.5003927729772192,0.7276708562450903
BAJFF,4.0,27.04047337080341,6.760118342700853,11.005963183821622,52.21164079899334,52.21164079899334,1.0,6.354978354978353,6.354978354978353,6.354978354978353,52.21164079899334,52.21164079899334,5.0,20.685495015825058,0.8,52.21164079899334,0.0,5,5,1.0,1.0,0.48978790259230165,0.7289866457187746,0.3126472898664572,0.27651217596229377,0.8837391987431265,0.5003927729772192,0.7258641005498823
ABGSF,2.0,19.35015043790301,9.675075218951505,10.08662457788871,110.26191062269052,110.26191062269052,1.0,5.895691609977324,5.895691609977324,5.895691609977324,110.26191062269052,110.26191062269052,3.0,13.454458827925688,0.6666666666666666,110.26191062269054,0.0,3,3,1.0,0.9560094265514533,0.48978790259230165,0.8303220738413197,0.7635506677140613,0.2007069913589945,0.802827965435978,0.5003927729772192,0.7229968578161822
BBTT,2.0,27.958454597923147,13.979227298961574,22.09139332772638,203.3333327124519,203.3333327124519,1.0,18.53448275862069,18.53448275862069,18.53448275862069,203.3333327124519,203.3333327124519,3.0,9.423971839302457,0.6666666666666666,203.3333327124519,0.0,3,3,1.0,0.8821681068342498,0.48978790259230165,0.8947368421052632,0.9520816967792616,0.992930086410055,0.802827965435978,0.5003927729772192,0.7174194815396701
AGSS,3.0,17.22192941534044,5.7406431384468135,6.252475527641033,33636.53894090793,33636.53894090793,1.0,11.26345274952086,11.26345274952086,11.26345274952086,33636.53894090793,33636.53894090793,4.0,5.95847666581958,0.75,33636.53894090793,0.0,4,4,1.0,0.753338570306363,0.48978790259230165,0.9960722702278083,0.15318146111547526,0.8719560094265515,0.8735271013354281,0.5003927729772192,0.7160840534171249
AABVF,2.0,15.722365871948632,7.861182935974316,7.999601514245866,306.6666679084305,306.6666679084305,1.0,7.174914097379679,7.174914097379679,7.174914097379679,306.6666679084305,306.6666679084305,3.0,8.547451774568954,0.6666666666666666,306.6666679084305,0.0,3,3,1.0,0.8538884524744698,0.48978790259230165,0.9183032207384132,0.5129615082482325,0.4336213668499607,0.802827965435978,0.5003927729772192,0.7150628436763551
ASPR,2.0,33.71088659659673,16.855443298298365,18.447070171208104,200.000021827838,200.000021827838,1.0,24.699641129661416,24.699641129661416,24.699641129661416,200.000021827838,200.000021827838,3.0,9.011245466935314,0.6666666666666666,200.00002182783797,0.0,3,3,1.0,0.8695993715632364,0.48978790259230165,0.8931657501963864,0.98586017282011,0.9968578161822467,0.802827965435978,0.5003927729772192,0.7139630793401414
ARES,2.0,16.354856175240723,8.177428087620362,9.267139479905438,165.92974332055374,165.92974332055374,1.0,6.994979679655749,6.994979679655749,6.994979679655749,165.92974332055374,165.92974332055374,3.0,9.359876495584974,0.6666666666666666,165.92974332055374,0.0,3,3,1.0,0.8798114689709348,0.48978790259230165,0.8790259230164965,0.5632364493322859,0.401413982717989,0.802827965435978,0.5003927729772192,0.7136881382560879
BCCEF,2.0,13.278650119538185,6.639325059769092,6.758893280632409,668.5345020896564,668.5345020896564,1.0,5.8041351010101,5.8041351010101,5.8041351010101,668.5345020896564,668.5345020896564,3.0,7.474515018528084,0.6666666666666666,668.5345020896564,0.0,2,3,1.0,0.8161822466614297,0.48978790259230165,0.9567949725058916,0.2906520031421838,0.18774548311076197,0.802827965435978,0.5003927729772192,0.7133346425765907
ALVLF,3.0,22.51536055539011,7.505120185130036,10.647058823529411,349.99999329447814,349.99999329447814,1.0,15.5,15.5,15.5,349.99999329447814,349.99999329447814,4.0,7.01536055539011,0.75,349.99999329447814,0.0,4,4,1.0,0.7973291437549097,0.48978790259230165,0.9238020424194815,0.4469756480754124,0.9780047132757266,0.8735271013354281,0.5003927729772192,0.7126276512175962
AHNR,3.0,27.210155472708657,9.070051824236218,11.819305152446908,136.36363913451356,136.36363913451356,2.0,14.832103427689473,7.416051713844737,8.878750658010173,136.36363913451356,136.36363913451356,5.0,12.378052045019183,0.6,136.36363913451356,0.0,5,5,1.0,0.9426551453260016,0.48978790259230165,0.8570306362922231,0.6849960722702279,0.46818538884524746,0.7128829536527886,0.5003927729772192,0.7115082482325216
AMFL,2.0,15.370437689728623,7.685218844864312,9.196905306745125,1214.1414026702128,1214.1414026702128,1.0,8.403254513094328,8.403254513094328,8.403254513094328,1214.1414026702128,1214.1414026702128,3.0,6.967183176634295,0.6666666666666666,1214.1414026702128,0.0,3,3,1.0,0.793401413982718,0.48978790259230165,0.9732914375490966,0.47682639434406915,0.6166535742340927,0.802827965435978,0.5003927729772192,0.7109387274155538
AIMLF,2.0,21.054358338906745,10.527179169453373,13.527191628066564,389.366326666933,389.366326666933,1.0,13.52813852813853,13.52813852813853,13.52813852813853,389.366326666933,389.366326666933,3.0,7.526219810768215,0.6666666666666666,389.366326666933,0.0,3,3,1.0,0.8185388845247447,0.48978790259230165,0.9340141398271798,0.8389630793401414,0.9465828750981933,0.802827965435978,0.5003927729772192,0.7093676355066771
AESO,3.0,22.999436614733813,7.6664788715779375,8.535279805352797,1450.0000836734955,1450.0000836734955,2.0,15.34426764669543,7.672133823347715,9.029903461266777,1450.0000836734955,1450.0000836734955,5.0,7.655168968038383,0.6,1450.0000836734955,0.0,5,5,1.0,0.8256087981146897,0.48978790259230165,0.9780047132757266,0.4721131186174391,0.5074626865671642,0.7128829536527886,0.5003927729772192,0.7064414768263944
BFYW,2.0,12.757219716764066,6.378609858382033,7.527888720561904,5412.694155721769,5412.694155721769,1.0,6.55645047336442,6.55645047336442,6.55645047336442,5412.694155721769,5412.694155721769,3.0,6.2007692433996455,0.6666666666666666,5412.694155721769,0.0,3,3,1.0,0.7619795758051846,0.48978790259230165,0.9897879025923016,0.2584446190102121,0.3118617439120189,0.802827965435978,0.5003927729772192,0.7063825608798114
AMTY,3.0,22.01912145584818,7.339707151949393,8.366454689984103,186.3636389036075,186.36363890360752,2.0,12.972844676808872,6.486422338404436,7.883244206773621,186.36363890360752,186.36363890360752,5.0,9.046276779039307,0.6,186.36363890360752,0.0,5,5,1.0,0.8703849175176748,0.48978790259230165,0.8868813825608798,0.41555380989787905,0.3016496465043205,0.7128829536527886,0.5003927729772192,0.6994108405341711
AOAO,3.0,26.868829982123874,8.956276660707958,15.118407202289328,90.9158281112492,90.9158281112492,2.0,14.97115870462009,7.485579352310045,9.007106417038388,90.9158281112492,90.9158281112492,5.0,11.897671277503784,0.6,90.9158281112492,0.0,5,5,1.0,0.9340141398271798,0.48978790259230165,0.8043990573448547,0.6692851531814611,0.4799685781618225,0.7128829536527886,0.5003927729772192,0.6988216810683424
AWON,2.0,11.716586397761862,5.858293198880931,6.279644987632766,633.6996308005415,633.6996308005415,1.0,5.596131823387199,5.596131823387199,5.596131823387199,633.6996308005415,633.6996308005415,3.0,6.120454574374663,0.6666666666666666,633.6996308005415,0.0,3,3,1.0,0.7596229379418696,0.48978790259230165,0.9544383346425765,0.17517674783974863,0.16496465043205027,0.802827965435978,0.5003927729772192,0.6987234878240377
AON,3.0,19.25859281280968,6.419530937603227,7.696715049656225,51.782535221939575,51.782535221939575,1.0,9.190077704722055,9.190077704722055,9.190077704722055,51.782535221939575,51.782535221939575,4.0,10.068515108087626,0.75,51.782535221939575,0.0,4,4,1.0,0.8939512961508248,0.48978790259230165,0.7282010997643362,0.2631578947368421,0.7140612725844462,0.8735271013354281,0.5003927729772192,0.697663000785546
AIAGF,3.0,29.26015670567651,9.753385568558837,14.638605016379216,118.3622870123376,118.3622870123376,2.0,18.939982808051855,9.469991404025928,9.694387305318838,118.3622870123376,118.3622870123376,5.0,10.320173897624656,0.6,118.3622870123376,0.0,5,5,1.0,0.8994501178318932,0.48978790259230165,0.8405341712490181,0.7706205813040062,0.7391987431264729,0.7128829536527886,0.5003927729772192,0.6974076983503535
AFCL,3.0,26.37125732187926,8.790419107293086,10.995575832693763,900.0,900.0,2.0,19.363837183062437,9.681918591531218,13.73737373737374,900.0,900.0,5.0,7.007420138816823,0.6,900.0,0.0,4,5,1.0,0.7965435978004713,0.48978790259230165,0.9658287509819324,0.6449332285938727,0.7643362136684996,0.7128829536527886,0.5003927729772192,0.6967399842890809
AHFCF,2.0,13.082348046134037,6.541174023067018,7.088891151613887,266.6666728754841,266.6666728754841,1.0,6.5958973971516,6.5958973971516,6.5958973971516,266.6666728754841,266.6666728754841,3.0,6.486450648982436,0.6666666666666666,266.6666728754841,0.0,3,3,1.0,0.7753338570306363,0.48978790259230165,0.9112333071484682,0.2820109976433621,0.3220738413197172,0.802827965435978,0.5003927729772192,0.6940102120974078
ATGFF,3.0,17.552019030243834,5.850673010081278,6.32234432234432,35.69965599698236,35.69965599698236,1.0,6.609738280561223,6.609738280561223,6.609738280561223,35.69965599698236,35.69965599698236,4.0,10.94228074968261,0.75,35.69965599698236,0.0,4,4,1.0,0.9135899450117831,0.48978790259230165,0.6755695208169678,0.17360565593087196,0.32521602513747055,0.8735271013354281,0.5003927729772192,0.6920463472113119
AILQF,2.0,17.594253714589627,8.797126857294813,10.000268752183612,59.07885865213645,59.07885865213645,1.0,7.525070196550341,7.525070196550341,7.525070196550341,59.07885865213645,59.07885865213645,3.0,10.069183518039285,0.6666666666666666,59.078858652136454,0.0,3,3,1.0,0.8947368421052632,0.48978790259230165,0.746268656716418,0.6457187745483111,0.4846818538884525,0.802827965435978,0.5003927729772192,0.6908680282796543
ADTN,2.0,15.366579529150343,7.683289764575171,8.567936103012634,98.77417327029602,98.77417327029602,1.0,7.337968154294685,7.337968154294685,7.337968154294685,98.77417327029602,98.77417327029602,3.0,8.028611374855657,0.6666666666666666,98.774173270296,0.0,3,3,1.0,0.835820895522388,0.48978790259230165,0.819324430479183,0.4760408483896308,0.4556166535742341,0.802827965435978,0.5003927729772192,0.6907501963864886
ATEN,2.0,18.57181775682421,9.285908878412105,11.401994629842733,106.29765190491862,106.29765190491862,1.0,10.862950340798443,10.862950340798443,10.862950340798443,106.29765190491862,106.29765190491862,3.0,7.708867416025766,0.6666666666666666,106.29765190491862,0.0,3,3,1.0,0.8271798900235664,0.48978790259230165,0.826394344069128,0.7117046347211312,0.8507462686567164,0.802827965435978,0.5003927729772192,0.6900039277297721
ADPXY,2.0,18.537443479179764,9.268721739589882,11.65179778318464,58.70896696545695,58.70896696545695,1.0,8.814814814814811,8.814814814814811,8.814814814814811,58.70896696545695,58.70896696545695,3.0,9.722628664364953,0.6666666666666666,58.708966965456945,0.0,3,3,1.0,0.8884524744697565,0.48978790259230165,0.7446975648075412,0.7101335428122545,0.6677140612725845,0.802827965435978,0.5003927729772192,0.6889827179890023
ARBV,3.0,27.50512956667656,9.16837652222552,14.73076923076923,6.563507415911988,6.563507415911987,1.0,10.942622950819672,10.942622950819672,10.942622950819672,6.563507415911987,6.563507415911987,4.0,16.562506615856886,0.75,6.563507415911987,0.0,4,4,1.0,0.9850746268656716,0.48978790259230165,0.5530243519245875,0.7007069913589945,0.8578161822466615,0.8735271013354281,0.5003927729772192,0.6854084838963079
APT,3.0,16.950333047247817,5.650111015749272,6.228070175438596,79.30657697597971,79.30657697597971,1.0,9.953627932351338,9.953627932351338,9.953627932351338,79.30657697597971,79.30657697597971,4.0,6.9967051148964785,0.75,79.30657697597971,0.0,3,4,1.0,0.795758051846033,0.48978790259230165,0.7879025923016496,0.14218381775333858,0.7867242733699922,0.8735271013354281,0.5003927729772192,0.6850549882168107
AJG,2.0,17.89260474798815,8.946302373994074,10.654111024138777,68.94270890102823,68.94270890102823,1.0,9.312977099236642,9.312977099236642,9.312977099236642,68.94270890102823,68.94270890102823,3.0,8.579627648751506,0.6666666666666666,68.94270890102823,0.0,3,3,1.0,0.8546739984289081,0.48978790259230165,0.7666928515318147,0.6677140612725845,0.7282010997643362,0.802827965435978,0.5003927729772192,0.6849371563236449
ARXRF,4.0,34.60710737931416,8.65177684482854,11.723553105787577,34.736846955364456,34.736846955364456,2.0,23.106949540019986,11.553474770009993,12.162743531436298,34.736846955364456,34.736846955364456,6.0,11.500157839294172,0.6666666666666666,34.736846955364456,0.0,5,6,1.0,0.9222309505106049,0.48978790259230165,0.6732128829536528,0.6229379418695994,0.8884524744697565,0.802827965435978,0.5003927729772192,0.6831304006284368
ASML,3.0,26.927335254321214,8.97577841810707,12.105263157894736,189.21150946347333,189.2115094634733,2.0,19.854280396393506,9.927140198196753,13.277310924369749,189.2115094634733,189.2115094634733,5.0,7.073054857927708,0.6,189.2115094634733,0.0,4,5,1.0,0.800471327572663,0.48978790259230165,0.8884524744697565,0.6739984289080911,0.7820109976433621,0.7128829536527886,0.5003927729772192,0.6822466614296936
AKBLF,4.0,35.77542594701375,8.943856486753438,12.95066413662239,100.04204132866184,100.04204132866184,3.0,26.724351738012622,8.908117246004208,10.558493060145404,100.04204132866182,100.04204132866184,7.0,9.05107420900113,0.5714285714285714,100.04204132866184,0.0,6,7,1.0,0.8711704634721131,0.48978790259230165,0.821681068342498,0.6661429693637078,0.6802827965435978,0.6826394344069128,0.5003927729772192,0.682030636292223
AMBK,3.0,37.92686806370371,12.642289354567902,20.100184246890837,32.06922040911356,32.06922040911356,2.0,22.370210063695023,11.185105031847511,15.931262614936086,32.06922040911356,32.06922040911356,5.0,15.556658000008685,0.6,32.06922040911356,0.0,5,5,1.0,0.9780047132757266,0.48978790259230165,0.6637863315003928,0.9238020424194815,0.8688138256087982,0.7128829536527886,0.5003927729772192,0.6816967792615868
AMXOF,2.0,18.160562841413903,9.080281420706951,11.017705698556762,38.88895397205532,38.88895397205532,1.0,7.355242566510173,7.355242566510173,7.355242566510173,38.88895397205532,38.88895397205532,3.0,10.80532027490373,0.6666666666666666,38.88895397205532,0.0,3,3,1.0,0.9073055773762765,0.48978790259230165,0.6842105263157895,0.6873527101335428,0.4595443833464258,0.802827965435978,0.5003927729772192,0.681598586017282
ALDA,2.0,17.164590079149285,8.582295039574642,9.025486403458869,30.617427950818893,30.617427950818893,1.0,6.1439618358788906,6.1439618358788906,6.1439618358788906,30.617427950818893,30.617427950818893,3.0,11.020628243270394,0.6666666666666666,30.617427950818893,0.0,3,3,1.0,0.9151610369206599,0.48978790259230165,0.6582875098193244,0.6142969363707776,0.24273369992144542,0.802827965435978,0.5003927729772192,0.6783778476040848
AMNCB,2.0,17.80113275648941,8.900566378244704,12.20476283427679,52.76145658973921,52.76145658973921,1.0,9.156108056418836,9.156108056418836,9.156108056418836,52.76145658973921,52.76145658973921,3.0,8.645024700070573,0.6666666666666666,52.761456589739204,0.0,3,3,1.0,0.8578161822466615,0.48978790259230165,0.7297721916732128,0.6598586017282011,0.7105263157894737,0.802827965435978,0.5003927729772192,0.6783385703063629
AGYS,3.0,26.14423170150582,8.71474390050194,10.844784289382352,106.89912179092512,106.89912179092514,2.0,18.39690430051876,9.19845215025938,13.1371640407785,106.89912179092514,106.89912179092514,5.0,7.747327400987061,0.6,106.89912179092512,0.0,4,5,1.0,0.8295365278868814,0.48978790259230165,0.8279654359780048,0.6323644933228594,0.7148468185388845,0.7128829536527886,0.5003927729772192,0.6774155538098978
ATCC,2.0,17.533632190441736,8.766816095220868,8.813700918964075,856.2406245024274,856.2406245024274,1.0,13.763790920600467,13.763790920600467,13.763790920600467,856.2406245024274,856.2406245024274,3.0,3.769841269841269,0.6666666666666666,856.2406245024273,0.0,3,3,1.0,0.6630007855459544,0.48978790259230165,0.9630793401413983,0.6410054988216811,0.950510604870385,0.802827965435978,0.5003927729772192,0.6762961508248233
BC,2.0,19.29787486467648,9.64893743233824,14.159746738932258,72.34109777692052,72.34109777692052,1.0,12.104072398190045,12.104072398190045,12.104072398190045,72.34109777692052,72.34109777692052,3.0,7.193802466486435,0.6666666666666666,72.34109777692052,0.0,3,3,1.0,0.802827965435978,0.48978790259230165,0.7737627651217597,0.7588373919874313,0.9088766692851532,0.802827965435978,0.5003927729772192,0.6733896307934014
ATS,2.0,10.64572309702495,5.322861548512475,5.378863966075215,140.80933896792178,140.80933896792178,1.0,5.357783211083945,5.357783211083945,5.357783211083945,140.80933896792178,140.80933896792178,3.0,5.287939885941005,0.6666666666666666,140.80933896792178,0.0,3,3,1.0,0.7195600942655145,0.48978790259230165,0.8641005498821681,0.09662215239591516,0.13511390416339356,0.802827965435978,0.5003927729772192,0.6706402199528672
ABQQ,2.0,20.38737858363649,10.193689291818245,11.209353306540006,0.0,0.0,0.0,0.0,0.0,0.0,0.0,0.0,2.0,20.38737858363649,1.0,0.0,0.0,2,2,1.0,0.9992144540455616,0.48978790259230165,0.40769835035349566,0.8106834249803614,0.05734485467399843,0.94344069128044,0.5003927729772192,0.6703652788688138
BDGR,3.0,16.262897086140175,5.420965695380058,5.786317149022347,460.0000291037906,460.0000291037906,2.0,11.415014529617064,5.707507264808532,5.980515373304747,460.0000291037906,460.0000291037906,5.0,4.8478825565231105,0.6,460.0000291037906,0.0,4,5,1.0,0.7062058130400628,0.48978790259230165,0.9426551453260016,0.10997643362136685,0.17596229379418696,0.7128829536527886,0.5003927729772192,0.6695208169677926
ACCFF,2.0,19.686906741494532,9.843453370747266,11.017633598061648,9.351499961614977,9.351499961614977,1.0,6.815893728017992,6.815893728017992,6.815893728017992,9.351499961614977,9.351499961614977,3.0,12.87101301347654,0.6666666666666666,9.351499961614977,0.0,3,3,1.0,0.950510604870385,0.48978790259230165,0.5687352710133543,0.7808326787117046,0.36370777690494893,0.802827965435978,0.5003927729772192,0.6693047918303221
ALLK,2.0,19.29347520456735,9.646737602283675,10.234598187063373,0.0,0.0,0.0,0.0,0.0,0.0,0.0,0.0,2.0,19.29347520456735,1.0,0.0,0.0,2,2,1.0,0.9945011783189317,0.48978790259230165,0.40769835035349566,0.7580518460329929,0.05734485467399843,0.94344069128044,0.5003927729772192,0.6691869599371563
ASGTF,4.0,37.31521175176646,9.328802937941616,12.948709058548872,73.58105866377775,73.58105866377775,3.0,28.791396537514178,9.597132179171393,11.917993742119272,73.58105866377775,73.58105866377775,7.0,8.523815214252284,0.5714285714285714,73.58105866377775,0.0,7,7,1.0,0.852317360565593,0.48978790259230165,0.7784760408483896,0.7156323644933229,0.7541241162608012,0.6826394344069128,0.5003927729772192,0.6686763550667714
AFSIP,2.0,18.62889641957041,9.314448209785205,12.95416023086774,0.0,0.0,0.0,0.0,0.0,0.0,0.0,0.0,2.0,18.62889641957041,1.0,0.0,0.0,2,2,1.0,0.9921445404556166,0.48978790259230165,0.40769835035349566,0.7140612725844462,0.05734485467399843,0.94344069128044,0.5003927729772192,0.6685978004713276
ADTTF,2.0,25.992897102328854,12.996448551164427,17.072762119201744,218.20561774423192,218.20561774423192,2.0,17.091434935422818,8.545717467711409,11.483253588516744,218.20561774423192,218.20561774423192,4.0,8.901462166906036,0.5,218.20561774423192,0.0,4,4,1.0,0.8672427336999214,0.48978790259230165,0.9002356637863315,0.9316575019638649,0.6323644933228594,0.49410840534171246,0.5003927729772192,0.6684799685781618
AXNLF,2.0,18.229693965363147,9.114846982681573,11.580233505294595,0.0,0.0,0.0,0.0,0.0,0.0,0.0,0.0,2.0,18.229693965363147,1.0,0.0,0.0,2,2,1.0,0.9913589945011784,0.48978790259230165,0.40769835035349566,0.6952081696779262,0.05734485467399843,0.94344069128044,0.5003927729772192,0.668401413982718
BH,2.0,12.038192194736041,6.0190960973680205,6.973461321287409,102.78712308863336,102.78712308863336,1.0,6.2375917632393,6.2375917632393,6.2375917632393,102.78712308863336,102.78712308863336,3.0,5.800600431496741,0.6666666666666666,102.78712308863335,0.0,3,3,1.0,0.7431264728986646,0.48978790259230165,0.8232521602513747,0.19402985074626866,0.2608012568735271,0.802827965435978,0.5003927729772192,0.6683621366849961
AFSIM,2.0,17.0249443104682,8.5124721552341,11.350208121765531,0.0,0.0,0.0,0.0,0.0,0.0,0.0,0.0,2.0,17.0249443104682,1.0,0.0,0.0,2,2,1.0,0.9878240377062059,0.48978790259230165,0.40769835035349566,0.6091908876669285,0.05734485467399843,0.94344069128044,0.5003927729772192,0.6675176747839748
AFSIN,2.0,17.0249443104682,8.5124721552341,11.350208121765531,0.0,0.0,0.0,0.0,0.0,0.0,0.0,0.0,2.0,17.0249443104682,1.0,0.0,0.0,2,2,1.0,0.9878240377062059,0.48978790259230165,0.40769835035349566,0.6091908876669285,0.05734485467399843,0.94344069128044,0.5003927729772192,0.6675176747839748
AGIO,2.0,13.795873374347876,6.897936687173938,7.140628250468066,38.36596787741223,38.36596787741223,1.0,5.366701425095585,5.366701425095585,5.366701425095585,38.36596787741223,38.36596787741223,3.0,8.42917194925229,0.6666666666666666,38.36596787741223,0.0,3,3,1.0,0.8491751767478397,0.48978790259230165,0.6818538884524745,0.3362136684996072,0.13747054202670855,0.802827965435978,0.5003927729772192,0.6665946582875097
ALRTF,2.0,13.552252367000484,6.776126183500242,6.9642201460568725,72.48810690843293,72.48810690843293,1.0,7.18835707334336,7.18835707334336,7.18835707334336,72.48810690843293,72.48810690843293,3.0,6.363895293657125,0.6666666666666666,72.48810690843293,0.0,3,3,1.0,0.769835035349568,0.48978790259230165,0.7745483110761979,0.31657501963864887,0.43597800471327575,0.802827965435978,0.5003927729772192,0.6652985074626866
AKOM,2.0,15.628895181127561,7.8144475905637805,9.302446461986278,0.0,0.0,0.0,0.0,0.0,0.0,0.0,0.0,2.0,15.628895181127561,1.0,0.0,0.0,2,2,1.0,0.9787902592301649,0.48978790259230165,0.40769835035349566,0.5027494108405341,0.05734485467399843,0.94344069128044,0.5003927729772192,0.6652592301649646
