Security,Pattern,Early_Quality,Late_Quality,Change,Final_Return
A,Mixed/Unstable,9.325622277941667,6.4104814104814105,-2.9151408674602566,108.15683866567647
AA,Mixed/Unstable,5.843344994059699,3.2259001344772607,-2.617444859582438,135.26108523266905
AAALY,Breakout (left high performers),13.741904602555593,0.4177926418194386,-13.324111960736154,-25.542750833206124
AABB,Mixed/Unstable,9.017786662951961,4.554863665555672,-4.462922997396289,1619.689372641135
AABVF,Mixed/Unstable,4.736289341994991,8.107026108145929,3.370736766150938,306.6666679084305
AACAF,Breakout (left high performers),11.998272195640617,3.5892901320135997,-8.408982063627017,-13.591085111101492
AACAY,Breakout (left high performers),11.998272195640617,3.321684833585605,-8.676587362055011,-23.567729741152608
AACG,Mixed/Unstable,11.319544652877987,6.50268730098724,-4.8168573518907465,28.934287653606525
AACS,Mixed/Unstable,11.655880456837592,7.112743510873671,-4.54313694596392,47.27272552410477
AACT,Stayed with low performers,0.5563730801296484,0.4177926418194386,-0.13858043831020977,
AACT-WT,Stayed with low performers,0.5563730801296484,0.4177926418194386,-0.13858043831020977,
AACTF,Stayed with low performers,0.5563730801296484,0.4177926418194386,-0.13858043831020977,
AADI,Mixed/Unstable,0.5563730801296484,5.44554925991477,4.889176179785122,
AAEEF,Mixed/Unstable,6.602220895148041,2.754697620538694,-3.847523274609347,536.6208028271237
AAFRF,Stayed with low performers,0.5563730801296484,0.4177926418194386,-0.13858043831020977,
AAGC,Mixed/Unstable,14.197001631360221,7.1636536123247945,-7.033348019035427,1376.1904851003037
AAGFF,Mixed/Unstable,13.725380171029506,9.342651305149742,-4.3827288658797645,86.48332152444657
AAGH,Mixed/Unstable,5.985582298067205,5.474128121977583,-0.5114541760896216,772.7056374058545
AAGIY,Mixed/Unstable,5.590310875292782,5.4319716161821425,-0.1583392591106394,17.903351618244333
AAGR,Stayed with low performers,0.5563730801296484,0.4177926418194386,-0.13858043831020977,
AAGRW,Stayed with low performers,0.5563730801296484,0.4177926418194386,-0.13858043831020977,
AAIGF,Mixed/Unstable,5.590310875292782,5.4319716161821425,-0.1583392591106394,18.66638790591053
AAIIQ,Mixed/Unstable,7.786906290115533,5.332612961720943,-2.4542933283945896,-67.84565927953473
AAIRF,Stayed with low performers,0.5563730801296484,0.4177926418194386,-0.13858043831020977,
AAL,Breakout (left high performers),10.754477004477005,2.286264441591784,-8.46821256288522,-28.15840028491575
AAM,Stayed with low performers,0.5563730801296484,0.4177926418194386,-0.13858043831020977,
AAMAF,Stayed with low performers,3.4938568376068377,3.1291757922186143,-0.36468104538822343,-70.30901314426188
AAMCF,Stayed with low performers,0.5563730801296484,0.4177926418194386,-0.13858043831020977,
AAME,Breakout (left high performers),13.714150432900432,4.653590701535907,-9.060559731364524,80.30954255193019
AAMMF,Mixed/Unstable,0.5563730801296484,7.47653391096014,6.920160830830492,
AAMTF,Mixed/Unstable,5.746895091287178,16.139447718395086,10.392552627107907,28.86363608654866
AAN,Stayed with low performers,0.5563730801296484,0.4177926418194386,-0.13858043831020977,
AANNF,Stayed with low performers,0.5563730801296484,0.4177926418194386,-0.13858043831020977,
AAOI,Breakout (left high performers),10.245338170615224,2.694007068553035,-7.551331102062189,-32.34013832585939
AAON,Mixed/Unstable,9.016932166454966,8.607402899072197,-0.4095292673827693,40.51058396036584
AAP,Mixed/Unstable,11.437010701716583,8.049734531230627,-3.387276170485956,28.648819920001245
AAPI,Mixed/Unstable,6.19999793965242,6.55941146067003,0.35941352101761037,-36.17021211837416
AAPJ,Mixed/Unstable,7.0201665067927195,8.27936785665762,1.2592013498649006,67.98275522141128
AAPL,Mixed/Unstable,8.201598468602256,8.45450334193634,0.2529048733340833,135.91643956855697
AAPT,Mixed/Unstable,6.1089833980351536,8.79391164527294,2.684928247237787,23414.286277654373
AAQL,Stayed with low performers,0.5563730801296484,0.4177926418194386,-0.13858043831020977,
AARTY,Stayed with low performers,0.5563730801296484,0.4177926418194386,-0.13858043831020977,
AASP,Mixed/Unstable,4.5856043541896225,6.9352189741474035,2.349614619957781,34.504131106769826
AASZF,Mixed/Unstable,0.5563730801296484,8.509822398711288,7.953449318581639,
AAT,Mixed/Unstable,7.448492819186034,6.209697897828343,-1.238794921357691,-19.99578974313443
AATC,Mixed/Unstable,11.374977425979417,5.398407409773177,-5.97657001620624,55.40712555475163
AATGF,Stayed with low performers,4.860904988289872,3.770469341378886,-1.090435646910986,256.60000445793105
AATRL,Mixed/Unstable,6.247212931995541,4.396440076618345,-1.8507728553771967,18.100041118321617
AATV,Mixed/Unstable,9.875170373267919,6.471360023991603,-3.4038103492763154,39.450982775426056
AAUAF,Mixed/Unstable,7.6675456560159345,6.597770907286538,-1.0697747487293965,-40.24577741384662
AAUCF,Stayed with low performers,0.5563730801296484,0.4177926418194386,-0.13858043831020977,
AAUGF,Stayed with low performers,0.5563730801296484,0.4177926418194386,-0.13858043831020977,
AAUKF,Mixed/Unstable,4.615647857151502,7.603154664287293,2.987506807135791,41.55494750672908
AAVMY,Stayed with low performers,0.5563730801296484,4.052936412918641,3.496563332788993,
AAVVF,Mixed/Unstable,7.727458223895719,4.170985092954705,-3.556473130941014,219.7837088510599
AAVXF,Mixed/Unstable,0.5563730801296484,5.586078477593884,5.029705397464236,
AAWH,Stayed with low performers,0.5563730801296484,0.4177926418194386,-0.13858043831020977,
AAYYY,Stayed with low performers,0.5563730801296484,0.4177926418194386,-0.13858043831020977,
AB,Mixed/Unstable,8.012402130569988,6.897101782324164,-1.1153003482458246,76.90983368915883
ABANF,Stayed with low performers,0.5563730801296484,0.4177926418194386,-0.13858043831020977,
ABAT,Mixed/Unstable,3.793683116246163,7.241140044250682,3.447456928004519,
ABBB,Mixed/Unstable,11.786381739563637,5.902141340083209,-5.884240399480428,-12.155554029676647
ABBNY,Mixed/Unstable,6.614584220994698,3.740487155121302,-2.874097065873396,66.17969426540652
ABBRF,Stayed with low performers,0.5563730801296484,0.4177926418194386,-0.13858043831020977,
ABBV,Mixed/Unstable,6.124390029407984,3.3664360344543365,-2.757953994953647,41.72991788990662
ABBY,Mixed/Unstable,10.943613329135587,6.888583832464832,-4.055029496670755,-97.64150952785808
ABCB,Mixed/Unstable,8.473597359735974,6.911927365396463,-1.5616699943395114,23.93284896799408
ABCCF,Stayed with low performers,0.5563730801296484,0.4177926418194386,-0.13858043831020977,0.0
ABCE,Mixed/Unstable,5.139726419560975,5.365362882108106,0.225636462547131,-97.762468290065
ABCFF,Mixed/Unstable,6.696762506932759,5.018131607230467,-1.6786308997022923,95.45454976479871
ABCL,Stayed with low performers,0.5563730801296484,0.4177926418194386,-0.13858043831020977,
ABCP,Breakout (left high performers),11.123578870265176,4.8571212465017775,-6.266457623763398,10.397668568916
ABCZF,Mixed/Unstable,14.217596129360835,6.976976976976978,-7.240619152383857,36.88770227924779
ABDBY,Stayed with low performers,0.5563730801296484,0.4177926418194386,-0.13858043831020977,
ABDDF,Mixed/Unstable,0.5563730801296484,8.744226878888506,8.187853798758859,
ABEO,Mixed/Unstable,7.130986860305594,2.948796590525126,-4.1821902697804685,-55.80808080808081
ABEPF,Stayed with low performers,1.8209799891286018,3.4633445474400006,1.6423645583113988,157.16879638119045
ABEV,Mixed/Unstable,5.222725368236348,6.84954903089618,1.6268236626598327,-38.929439501382525
ABG,Mixed/Unstable,5.723522660545561,11.933394411805912,6.2098717512603505,96.91249410152818
ABGOF,Mixed/Unstable,8.658270453564185,4.294779911732701,-4.363490541831484,577.7523102353399
ABGSF,Mixed/Unstable,6.917459229894995,6.52372082895639,-0.3937384009386049,110.26191062269052
ABHBY,Stayed with low performers,0.5563730801296484,0.4177926418194386,-0.13858043831020977,
ABILF,Mixed/Unstable,9.451869183253491,4.485033454903162,-4.966835728350329,-92.08095375146904
ABIT,Stayed with low performers,0.5563730801296484,0.4177926418194386,-0.13858043831020977,
ABL,Stayed with low performers,0.5563730801296484,0.4177926418194386,-0.13858043831020977,
ABLLW,Stayed with low performers,0.5563730801296484,0.4177926418194386,-0.13858043831020977,
ABLT,Mixed/Unstable,6.550189531840908,8.421573596752998,1.8713840649120899,-62.37915090374106
ABLV,Stayed with low performers,0.5563730801296484,0.4177926418194386,-0.13858043831020977,
ABLVW,Stayed with low performers,0.5563730801296484,0.4177926418194386,-0.13858043831020977,
ABLZF,Mixed/Unstable,6.614584220994698,4.355959001628293,-2.2586252193664045,70.59449259938492
ABM,Mixed/Unstable,8.289831170176319,8.866649922092266,0.5768187519159476,23.32708931919681
ABMBF,Mixed/Unstable,9.307202780881996,10.842724595114532,1.5355218142325366,24.19354854215577
ABMC,Mixed/Unstable,10.694444444444443,6.4609702272407405,-4.233474217203702,-36.01819777855874
ABMRF,Stayed with low performers,0.5563730801296484,4.2049909423487275,3.648617862219079,
ABMT,Mixed/Unstable,10.103844399271287,5.530895688616148,-4.5729487106551385,63.016390727496095
ABNAF,Mixed/Unstable,8.736599633451332,7.065752599460464,-1.670847033990868,-41.14309474352594
ABNB,Stayed with low performers,0.5563730801296484,0.4177926418194386,-0.13858043831020977,
ABOIF,Stayed with low performers,0.5563730801296484,0.4177926418194386,-0.13858043831020977,
ABOS,Stayed with low performers,0.5563730801296484,0.4177926418194386,-0.13858043831020977,
ABPR,Mixed/Unstable,10.866308808083568,9.436312470031694,-1.4299963380518736,-65.79804715200382
ABQQ,Mixed/Unstable,0.5563730801296484,7.530101895830796,6.973728815701148,
ABR,Mixed/Unstable,6.303489747422595,10.538242822199395,4.2347530747768,39.69636023244955
ABRMF,Stayed with low performers,0.5563730801296484,0.4177926418194386,-0.13858043831020977,
ABSCF,Mixed/Unstable,4.352920895865053,5.242265864217084,0.8893449683520309,
ABSI,Stayed with low performers,0.5563730801296484,0.4177926418194386,-0.13858043831020977,
ABSOF,Mixed/Unstable,0.5563730801296484,5.97029100086728,5.413917920737632,
ABSSF,Mixed/Unstable,9.68618768851057,4.412969473999891,-5.2732182145106785,409.0207113694114
ABT,Mixed/Unstable,6.765071348404682,8.880330410378024,2.115259061973342,43.77997069302605
ABTI,Mixed/Unstable,0.5563730801296484,5.242646640496102,4.686273560366454,53.22834330517452
ABTS,Mixed/Unstable,8.912016665966295,5.915510561179853,-2.996506104786442,298.9682398611867
ABTZY,Mixed/Unstable,4.791214996130985,5.318532587019768,0.5273175908887833,-2.4469713875526176
ABUS,Mixed/Unstable,8.744665570015748,5.116959064327485,-3.6277065056882627,366.66667194725534
ABVC,Mixed/Unstable,7.261686192224748,4.2146181490443775,-3.0470680431803707,-61.20574482957541
ABVE,Stayed with low performers,0.5563730801296484,0.4177926418194386,-0.13858043831020977,
ABVEW,Stayed with low performers,0.5563730801296484,0.4177926418194386,-0.13858043831020977,
ABVN,Joined high performers,0.5563730801296484,10.07087225509301,9.514499174963362,
ABVX,Stayed with low performers,0.5563730801296484,0.4177926418194386,-0.13858043831020977,
ABWN,Mixed/Unstable,0.5563730801296484,5.850231469410694,5.293858389281046,
ABXXF,Stayed with low performers,0.5563730801296484,0.4177926418194386,-0.13858043831020977,
ABZPY,Stayed with low performers,4.44683551624223,0.4177926418194386,-4.0290428744227915,-19.714282807849703
AC,Mixed/Unstable,2.9840334136685036,6.278139831662867,3.2941064179943633,
ACA,Mixed/Unstable,0.5563730801296484,6.431121194235405,5.874748114105756,
ACAB,Stayed with low performers,0.5563730801296484,0.4177926418194386,-0.13858043831020977,
ACAC,Stayed with low performers,0.5563730801296484,0.4177926418194386,-0.13858043831020977,
ACAD,Mixed/Unstable,8.041579989563004,10.535569156258811,2.4939891666958065,-58.91534614376225
ACAI,Mixed/Unstable,7.819079114125434,9.170353207911893,1.3512740937864587,-43.84422154183609
ACAN,Breakout (left high performers),12.132352941176471,3.493136901981826,-8.639216039194645,20.04095874925251
ACAZF,Mixed/Unstable,12.81157925894768,5.495495495495496,-7.316083763452183,14.925375391577123
ACB,Mixed/Unstable,8.429536255623214,6.010404554093874,-2.4191317015293397,-84.15583524248392
ACBD,Mixed/Unstable,0.5563730801296484,8.67919901700178,8.122825936872133,
ACBM,Stayed with low performers,0.5563730801296484,0.4177926418194386,-0.13858043831020977,
ACCD,Stayed with low performers,0.5563730801296484,0.4177926418194386,-0.13858043831020977,
ACCFF,Mixed/Unstable,5.485663160943248,5.892483490642559,0.40682032969931115,9.351499961614977
ACCMF,Stayed with low performers,0.5563730801296484,1.4301205338450458,0.8737474537153974,
ACCO,Mixed/Unstable,7.437754733529381,8.85888849915573,1.4211337656263492,-10.621343248442306
ACCR,Mixed/Unstable,8.940107898565985,9.612605379365716,0.6724974807997306,203.2567124395527
ACCYY,Mixed/Unstable,7.321003321611232,6.112185527575231,-1.2088177940360012,-13.377221446221336
ACDC,Stayed with low performers,0.5563730801296484,0.4177926418194386,-0.13858043831020977,
ACDSF,Mixed/Unstable,10.867215380489718,7.948717948717949,-2.918497431771769,-3.5186761293366224
ACDVF,Mixed/Unstable,5.113042821376155,9.62297954167873,4.509936720302575,
ACDXF,Stayed with low performers,0.5563730801296484,0.4177926418194386,-0.13858043831020977,
ACEHF,Mixed/Unstable,14.822839831401476,6.431924882629108,-8.390914948772368,-41.66666511446233
ACEJF,Stayed with low performers,0.5563730801296484,0.4177926418194386,-0.13858043831020977,
ACEL,Mixed/Unstable,0.5563730801296484,8.511186123126421,7.954813042996773,
ACET,Mixed/Unstable,0.5563730801296484,6.336260771339265,5.779887691209616,
ACEYY,Stayed with low performers,2.572952018034085,4.07792277228479,1.5049707542507051,217.96610043467345
ACFN,Mixed/Unstable,6.585092694993168,8.014961502427797,1.4298688074346284,136.882127748005
ACGAF,Stayed with low performers,0.5563730801296484,0.4177926418194386,-0.13858043831020977,
ACGBF,Mixed/Unstable,6.574942160556977,3.1560680586155647,-3.418874101941412,-16.86746609852956
ACGBY,Mixed/Unstable,5.702435038049855,4.991738315338453,-0.7106967227114023,-16.64213434389809
ACGI,Mixed/Unstable,6.315845765944907,8.534172661870505,2.218326895925598,-79.16666792985238
ACGL,Stayed with high performers,12.08719846103007,10.088178955747935,-1.999019505282135,-5.568791533132823
ACGX,Mixed/Unstable,7.9751826930034015,7.049411393584836,-0.9257712994185656,-26.272759480365654
ACGYF,Mixed/Unstable,7.516316381118216,4.494998779759476,-3.0213176013587395,-21.999998092651367
ACHC,Mixed/Unstable,8.97007862754599,5.362723647484344,-3.607354980061645,103.62710803183452
ACHFF,Mixed/Unstable,8.743149015257858,5.111297953118879,-3.6318510621389786,94.66143945996434
ACHKF,Stayed with low performers,0.5563730801296484,0.4177926418194386,-0.13858043831020977,
ACHL,Stayed with low performers,0.5563730801296484,0.4177926418194386,-0.13858043831020977,
ACHR,Stayed with low performers,0.5563730801296484,0.4177926418194386,-0.13858043831020977,
ACHV,Mixed/Unstable,8.85128034953819,4.5998969892775206,-4.251383360260669,-70.32786854276902
ACI,Stayed with low performers,0.5563730801296484,0.4177926418194386,-0.13858043831020977,
ACIC,Mixed/Unstable,12.37182188509622,6.716868585115361,-5.654953299980858,-69.1823898666748
ACITF,Mixed/Unstable,6.641001450885738,0.4177926418194386,-6.223208809066299,38.461549042244926
ACIU,Mixed/Unstable,0.5563730801296484,6.157023804082627,5.600650723952978,
ACIW,Mixed/Unstable,6.501446084779418,10.56923037599366,4.067784291214243,-1.5388059045578066
ACIXF,Stayed with low performers,0.5563730801296484,0.4177926418194386,-0.13858043831020977,
ACJJF,Breakout (left high performers),11.260122978872978,2.1045336067991993,-9.155589372073779,0.0
ACKAF,Stayed with low performers,0.5563730801296484,0.4177926418194386,-0.13858043831020977,
ACKAY,Mixed/Unstable,7.34723816813369,6.2949459391501135,-1.0522922289835765,18.49368138805145
ACKDF,Stayed with high performers,13.306371957449526,10.079677786533578,-3.2266941709159482,-8.18457433686288
ACKRF,Mixed/Unstable,8.587678773686756,10.969135995996846,2.3814572223100896,110.29412098241824
ACLEW,Stayed with low performers,0.5563730801296484,0.4177926418194386,-0.13858043831020977,
ACLHF,Stayed with low performers,0.5563730801296484,0.4177926418194386,-0.13858043831020977,
ACLIF,Stayed with low performers,0.5563730801296484,0.4177926418194386,-0.13858043831020977,
ACLLF,Mixed/Unstable,5.467814612192107,5.353857081007239,-0.11395753118486862,-10.397172838744323
ACLLY,Stayed with low performers,0.5563730801296484,0.4177926418194386,-0.13858043831020977,
ACLS,Mixed/Unstable,9.231359832247769,5.405833037411984,-3.8255267948357847,150.2550516362457
ACLTF,Stayed with low performers,3.739128697347622,2.486105777780987,-1.253022919566635,11.660159279387992
ACLX,Stayed with low performers,0.5563730801296484,0.4177926418194386,-0.13858043831020977,
ACM,Mixed/Unstable,5.817090506662538,4.478540524753619,-1.338549981908919,58.132921217725496
ACMB,Stayed with low performers,3.9039772338932224,3.4927424097952158,-0.4112348240980066,
ACMDY,Mixed/Unstable,0.5563730801296484,6.0609521121098,5.5045790319801515,
ACMLF,Stayed with low performers,0.5563730801296484,0.4177926418194386,-0.13858043831020977,
ACMNF,Stayed with low performers,0.5563730801296484,0.4177926418194386,-0.13858043831020977,
ACMR,Mixed/Unstable,0.5563730801296484,7.115979759833358,6.55960667970371,
ACMT,Joined high performers,3.6153907057659302,10.278843739209593,6.663453033443663,15.53273484046522
ACMTA,Joined high performers,4.6930355549891685,10.158587524316424,5.465551969327255,6.068397109393307
ACN,Stayed with high performers,10.537145998730274,13.507658382501937,2.9705123837716627,75.62393036739982
ACNB,Mixed/Unstable,12.550034506556244,5.028832163334929,-7.521202343221315,-17.463842354350234
ACNDF,Mixed/Unstable,7.33420801736527,11.96033600255018,4.62612798518491,-10.75455367089766
ACNE,Mixed/Unstable,5.015530325245604,4.9414422448130315,-0.07408808043257231,73.3333407839149
ACNFF,Mixed/Unstable,6.362310567226555,8.222642839911671,1.860332272685116,2.6745354215386103
ACNI,Mixed/Unstable,6.9901533578174275,9.155651859877212,2.1654985020597843,-50.98038935949404
ACNT,Mixed/Unstable,4.309954164608201,8.14527172376492,3.835317559156718,-29.019838821697675
ACNV,Mixed/Unstable,4.332960195263182,8.416439084762752,4.0834788894995695,
ACOGF,Stayed with low performers,0.5563730801296484,0.4177926418194386,-0.13858043831020977,
ACON,Stayed with low performers,0.5563730801296484,0.4177926418194386,-0.13858043831020977,
ACONW,Stayed with low performers,0.5563730801296484,0.4177926418194386,-0.13858043831020977,
ACOPF,Mixed/Unstable,10.326002022430593,6.300489700051223,-4.02551232237937,-46.844514890912
ACOPY,Stayed with low performers,0.5563730801296484,1.7816585125016686,1.2252854323720204,
ACPS,Mixed/Unstable,7.841305854919014,0.4177926418194386,-7.423513213099575,0.0
ACR,Mixed/Unstable,4.86363588517053,6.931192424476351,2.067556539305821,-53.47481969663208
ACRB,Mixed/Unstable,13.644200645545334,5.524791709002234,-8.119408936543099,-90.01663871272181
ACRDF,Stayed with low performers,0.5563730801296484,0.4177926418194386,-0.13858043831020977,
ACRE,Mixed/Unstable,8.40081683436114,14.403132207084866,6.002315372723727,-0.4095690820546743
ACRFF,Mixed/Unstable,7.321003321611232,4.422453848277223,-2.8985494733340094,-17.037744636587572
ACRG,Stayed with low performers,4.728367591486941,4.147950128661929,-0.5804174628250118,63.69230838922353
ACRHF,Stayed with low performers,0.5563730801296484,0.4177926418194386,-0.13858043831020977,
ACRL,Joined high performers,0.5563730801296484,14.49501571861264,13.938642638482992,
ACRS,Mixed/Unstable,8.169694475489267,4.8106747497539475,-3.35901972573532,
ACRV,Stayed with low performers,0.5563730801296484,0.4177926418194386,-0.13858043831020977,
ACRXF,Stayed with low performers,0.5563730801296484,0.4177926418194386,-0.13858043831020977,0.0
ACSAF,Mixed/Unstable,6.720401691331925,6.950004118276913,0.22960242694498767,-33.459415028435714
ACSAY,Mixed/Unstable,0.5563730801296484,6.755072344397771,6.1986992642681225,
ACST,Mixed/Unstable,8.242439628578243,11.224779766979255,2.982340138401012,-87.75303610059552
ACSYF,Mixed/Unstable,11.732726543119801,5.734735292204341,-5.99799125091546,101.75438431381409
ACT,Stayed with low performers,0.5563730801296484,0.4177926418194386,-0.13858043831020977,
ACTG,Mixed/Unstable,5.977148303593128,7.162660437619295,1.1855121340261672,146.56750721066163
ACTHD,Stayed with low performers,0.5563730801296484,0.4177926418194386,-0.13858043831020977,
ACTHF,Stayed with low performers,0.5563730801296484,0.4177926418194386,-0.13858043831020977,
ACTL,Mixed/Unstable,5.114417029511369,4.596690141531028,-0.5177268879803405,19.999999999985
ACTU,Stayed with low performers,0.5563730801296484,0.4177926418194386,-0.13858043831020977,
ACTX,Mixed/Unstable,10.27391182514478,6.760629520486151,-3.5132823046586283,-90.77499036555932
ACU,Mixed/Unstable,6.662353347135955,3.8864009553664722,-2.775952391769483,62.139677568374985
ACUR,Mixed/Unstable,11.417845997485381,8.20888768214318,-3.208958315342201,58.09035875577639
ACUS,Mixed/Unstable,2.8412773670144986,7.55922767116797,4.717950304153471,-45.72296789857586
ACUT,Stayed with low performers,0.5563730801296484,0.4177926418194386,-0.13858043831020977,
ACVA,Stayed with low performers,0.5563730801296484,0.4177926418194386,-0.13858043831020977,
ACWRF,Stayed with low performers,2.9840334136685036,3.6680761245907725,0.6840427109222689,
ACXIF,Mixed/Unstable,10.254406656135226,8.168807249304583,-2.0855994068306423,66.84406592824065
ACXP,Stayed with low performers,0.5563730801296484,0.4177926418194386,-0.13858043831020977,
ADAD,Mixed/Unstable,3.946539957907559,9.475335605917856,5.528795648010297,
ADAG,Stayed with low performers,0.5563730801296484,0.4177926418194386,-0.13858043831020977,
ADAP,Stayed with low performers,3.8711520213557686,4.6347401201505365,0.7635880987947679,
ADBE,Stayed with high performers,10.127091748096314,13.759181115341853,3.6320893672455394,115.08288345205672
ADBKF,Stayed with low performers,0.5563730801296484,0.9412026720458281,0.3848295919161797,
ADBRF,Stayed with low performers,0.5563730801296484,0.4177926418194386,-0.13858043831020977,
ADC,Mixed/Unstable,6.655527890078048,9.015122494766821,2.3595946046887732,-12.579484846674143
ADCNF,Stayed with low performers,0.5563730801296484,0.4177926418194386,-0.13858043831020977,
ADCOF,Stayed with low performers,0.5563730801296484,0.4177926418194386,-0.13858043831020977,
ADCT,Stayed with low performers,0.5563730801296484,0.4177926418194386,-0.13858043831020977,
ADCV,Stayed with low performers,3.1185304670069485,1.3418436976868537,-1.7766867693200947,
ADD,Joined high performers,3.7582209734689016,10.341540622807836,6.583319649338934,-78.10004223987511
ADDDF,Mixed/Unstable,12.712504944098134,8.65538857408776,-4.057116370010373,0.4303125372071297
ADDHY,Stayed with low performers,0.5563730801296484,0.4177926418194386,-0.13858043831020977,
ADDYY,Mixed/Unstable,12.712504944098134,8.65538857408776,-4.057116370010373,0.5257659077896285
ADEA,Mixed/Unstable,6.14284476116,5.315679464399959,-0.8271652967600414,-9.647000192798224
ADERY,Mixed/Unstable,4.615423223351946,6.990379454147569,2.3749562307956236,19.230316481626904
ADFJF,Mixed/Unstable,8.112202709657273,6.729595600563343,-1.3826071090939305,40.00000627417321
ADFS,Mixed/Unstable,7.486257750963634,14.394357889891099,6.908100138927465,-94.31792680403164
ADGCF,Stayed with low performers,0.5563730801296484,0.4177926418194386,-0.13858043831020977,
ADGM,Stayed with low performers,0.5563730801296484,0.4177926418194386,-0.13858043831020977,
ADGO,Breakout (left high performers),10.604643910834785,3.8984277241277305,-6.706216186707055,-95.28301905571612
ADHC,Mixed/Unstable,7.375015640974706,6.9255415534140505,-0.4494740875606551,27.393878815765248
ADHI,Mixed/Unstable,12.4856365864869,7.478447753813668,-5.007188832673231,2.989306002404467
ADHLF,Mixed/Unstable,7.3557234266295675,3.4811498550185025,-3.874573571611065,-62.96296475151128
ADI,Mixed/Unstable,6.5699976936993,7.5999430929008405,1.0299453992015408,54.89389155568286
ADIA,Mixed/Unstable,8.202307230912876,8.183419214229763,-0.01888801668311224,-82.90598217461334
ADIL,Mixed/Unstable,0.5563730801296484,5.103665115438543,4.547292035308894,
ADKIL,Mixed/Unstable,0.5563730801296484,5.39088123361018,4.834508153480532,
ADLI,Mixed/Unstable,6.149529302305628,4.863741303159377,-1.285787999146251,-96.15384626147858
ADLRF,Mixed/Unstable,6.464659194024077,9.748409699509944,3.283750505485867,-38.49489261397176
ADM,Mixed/Unstable,4.450253741357344,6.098375523159979,1.6481217818026348,51.7545150609848
ADMA,Mixed/Unstable,7.493589743589744,6.555798850310436,-0.937790893279308,-75.19828529360014
ADMG,Mixed/Unstable,6.843825249398004,12.366536224404244,5.52271097500624,450.4761994304037
ADMLF,Stayed with low performers,0.5563730801296484,1.2892967145018883,0.73292363437224,
ADMNF,Stayed with low performers,0.5563730801296484,0.4177926418194386,-0.13858043831020977,
ADMQ,Stayed with low performers,0.5563730801296484,0.4177926418194386,-0.13858043831020977,
ADMT,Mixed/Unstable,14.637581304247968,5.488798286796804,-9.148783017451164,-39.24731197870873
ADN,Mixed/Unstable,0.5563730801296484,9.242952923281313,8.686579843151666,
ADNT,Stayed with low performers,0.5563730801296484,4.258326138037983,3.7019530579083346,
ADNWW,Stayed with low performers,0.5563730801296484,0.4177926418194386,-0.13858043831020977,
ADOOY,Mixed/Unstable,6.2292992073555915,4.245469070185198,-1.9838301371703935,49.77745004458498
ADP,Mixed/Unstable,6.396135265700483,9.586729463824158,3.1905941981236747,24.65031855413659
ADPPF,Mixed/Unstable,0.5563730801296484,5.802386604844631,5.246013524714982,
ADPT,Stayed with low performers,0.5563730801296484,1.3418436976868537,0.7854706175572054,
ADPXF,Stayed with low performers,0.5563730801296484,0.4177926418194386,-0.13858043831020977,0.0
ADPXY,Mixed/Unstable,6.963484401889428,7.677580762031188,0.7140963601417605,58.70896696545695
ADRGF,Mixed/Unstable,10.53863707900535,7.2154430413901025,-3.323194037615247,92.99516650483883
ADRNY,Mixed/Unstable,10.959106267087114,9.118655740441872,-1.8404505266452418,32.615479776712
ADRT,Stayed with low performers,0.5563730801296484,0.4177926418194386,-0.13858043831020977,
ADRZF,Mixed/Unstable,6.6018900737231005,3.7892101414389696,-2.812679932284131,10.169493560596928
ADRZY,Mixed/Unstable,7.735898405937218,4.0350283627059875,-3.7008700432312303,31.55465649637022
ADSE,Stayed with low performers,0.5563730801296484,0.4177926418194386,-0.13858043831020977,
ADSEW,Stayed with low performers,0.5563730801296484,0.4177926418194386,-0.13858043831020977,
ADSGF,Stayed with low performers,0.5563730801296484,0.4177926418194386,-0.13858043831020977,
ADSK,Mixed/Unstable,9.192813556526758,10.724084679425568,1.5312711228988096,96.85441811739987
ADST,Mixed/Unstable,7.361393840944763,5.203399924524741,-2.157993916420022,0.0
ADSV,Mixed/Unstable,6.734977167817061,7.458854519987149,0.7238773521700876,322.4952670102398
ADT,Mixed/Unstable,0.5563730801296484,6.491228070175438,5.93485499004579,
ADTLF,Stayed with low performers,0.5563730801296484,0.4177926418194386,-0.13858043831020977,
ADTN,Mixed/Unstable,7.890700923226433,8.133149959250204,0.2424490360237712,98.77417327029602
ADTR,Mixed/Unstable,9.873312491950308,4.091603784355102,-5.7817087075952065,25.00000277179358
ADTTF,Mixed/Unstable,1.200408694529361,6.788526434195725,5.588117739666364,218.20561774423192
ADTX,Stayed with low performers,0.5563730801296484,0.4177926418194386,-0.13858043831020977,
ADUS,Stayed with high performers,11.53176693809043,10.931049626701801,-0.6007173113886282,-7.219269607792059
ADV,Stayed with low performers,0.5563730801296484,0.4177926418194386,-0.13858043831020977,
ADVM,Mixed/Unstable,7.72869510281038,7.256077256077255,-0.472617846733125,-69.04291317985887
ADVNF,Stayed with low performers,0.5563730801296484,0.4177926418194386,-0.13858043831020977,
ADVOF,Mixed/Unstable,8.056930693069306,9.803151903059396,1.7462212099900896,107.67999246271329
ADVT,Mixed/Unstable,9.119113303616727,3.5719616576850233,-5.547151645931704,-87.34177191581878
ADVWW,Stayed with low performers,0.5563730801296484,0.4177926418194386,-0.13858043831020977,
ADWPF,Mixed/Unstable,10.083957091449188,6.4227624398485625,-3.661194651600625,-36.44465244564683
ADWYF,Stayed with low performers,0.5563730801296484,0.4177926418194386,-0.13858043831020977,
ADXDF,Mixed/Unstable,4.988089290627875,6.159507333420376,1.1714180427925012,267.7999821884553
ADXN,Stayed with low performers,0.5563730801296484,0.4177926418194386,-0.13858043831020977,
ADXRF,Mixed/Unstable,10.276875071266304,5.333874759327858,-4.943000311938445,66.666672875484
ADXS,Stayed with low performers,0.5563730801296484,0.4177926418194386,-0.13858043831020977,
ADYEY,Stayed with low performers,0.5563730801296484,4.897878180445473,4.341505100315825,
ADYRF,Stayed with low performers,0.5563730801296484,0.4177926418194386,-0.13858043831020977,
ADYX,Mixed/Unstable,5.650986926408449,7.827876185364107,2.176889258955658,-98.37586148194202
ADYYF,Mixed/Unstable,0.5563730801296484,6.88097361606597,6.324600535936321,
AE,Mixed/Unstable,11.406122970167884,5.0339735776628975,-6.372149392504986,4.839615331680468
AEAE,Stayed with low performers,0.5563730801296484,0.4177926418194386,-0.13858043831020977,
AEAEW,Stayed with low performers,0.5563730801296484,0.4177926418194386,-0.13858043831020977,
AEBZY,Stayed with low performers,3.252247109600632,4.691087360311806,1.438840250711174,-27.85714353833879
AECFF,Stayed with low performers,0.5563730801296484,2.2107738420716925,1.654400761942044,
AECLY,Stayed with low performers,0.5563730801296484,0.4177926418194386,-0.13858043831020977,0.0
AECX,Mixed/Unstable,3.1185304670069485,9.311976865095177,6.193446398088229,3540.0000042574766
AEDFF,Stayed with low performers,0.5563730801296484,0.4177926418194386,-0.13858043831020977,
AEE,Mixed/Unstable,5.006747638326586,8.159440576376772,3.152692938050186,6.998469844392392
AEG,Stayed with low performers,3.3172402833983585,3.53947812949702,0.2222378460986616,16.613345571572644
AEGXF,Mixed/Unstable,8.287513337123542,2.756901101112712,-5.53061223601083,13.542737970348004
AEGY,Mixed/Unstable,6.964469998525726,10.700843119542306,3.7363731210165794,0.0
AEHL,Mixed/Unstable,6.185558365900676,3.693024327379281,-2.4925340385213954,22.759856405701807
AEHR,Mixed/Unstable,5.608974358974359,6.5042212784296405,0.8952469194552819,719.1143543581413
AEI,Stayed with low performers,0.5563730801296484,0.4177926418194386,-0.13858043831020977,
AEIS,Mixed/Unstable,8.200095971739385,8.146919842198812,-0.0531761295405726,57.12450668717198
AEM,Mixed/Unstable,11.600042469607686,8.790785970008535,-2.809256499599151,-6.178163782564608
AEMD,Mixed/Unstable,9.014388989441613,5.122126555048867,-3.8922624343927463,-15.254620124403482
AEMFF,Stayed with low performers,0.5563730801296484,0.4177926418194386,-0.13858043831020977,
AEMMF,Stayed with low performers,1.8873650334574925,0.4177926418194386,-1.4695723916380539,-46.74403259725173
AEMMY,Mixed/Unstable,12.399622973323465,6.13909657932431,-6.260526393999156,23.93800262933809
AENT,Stayed with low performers,0.5563730801296484,0.4177926418194386,-0.13858043831020977,
AENTW,Stayed with low performers,0.5563730801296484,0.4177926418194386,-0.13858043831020977,
AEO,Breakout (left high performers),10.37184505123861,4.9167711759708475,-5.455073875267763,62.5829879877714
AEON,Stayed with low performers,0.5563730801296484,0.4177926418194386,-0.13858043831020977,
AEOXF,Mixed/Unstable,6.602344548647115,3.9281465752053992,-2.6741979734417156,-26.95013594953981
AEP,Mixed/Unstable,5.914275484629942,6.4405005012723135,0.5262250166423712,-12.104278559261516
AEPLF,Stayed with low performers,3.615887724735978,3.410156833648402,-0.20573089108757614,14.754100154721936
AEPT,Mixed/Unstable,7.734683786463722,6.121693121693121,-1.6129906647706012,-61.50582708693908
AER,Mixed/Unstable,8.919788438215873,8.388231524284793,-0.5315569139310803,4.213541826045546
AERG,Stayed with low performers,0.5563730801296484,0.4177926418194386,-0.13858043831020977,
AERGP,Stayed with low performers,0.5563730801296484,0.4177926418194386,-0.13858043831020977,0.0
AERN,Mixed/Unstable,6.787024452380259,1.0339115865577517,-5.753112865822508,0.0
AERS,Mixed/Unstable,6.982645765731753,7.572529317246622,0.5898835515148688,234.1389723761457
AERT,Stayed with low performers,0.5563730801296484,0.4177926418194386,-0.13858043831020977,
AERTW,Stayed with low performers,0.5563730801296484,0.4177926418194386,-0.13858043831020977,
AES,Mixed/Unstable,6.639145939417678,12.519276414991127,5.880130475573449,39.53405152011876
AESI,Stayed with low performers,0.5563730801296484,0.4177926418194386,-0.13858043831020977,
AESO,Mixed/Unstable,2.633458403441139,5.144032921810699,2.5105745183695602,1450.0000836734955
AETHF,Stayed with low performers,0.5563730801296484,4.631409107742297,4.075036027612649,
AETUF,Stayed with low performers,4.721146947470667,4.544738415706157,-0.1764085317645101,120.53966009019976
AEVA,Stayed with low performers,0.5563730801296484,0.4177926418194386,-0.13858043831020977,
AEVA-WT,Stayed with low performers,0.5563730801296484,0.4177926418194386,-0.13858043831020977,
AEVIF,Stayed with low performers,0.5563730801296484,0.4177926418194386,-0.13858043831020977,
AEXAF,Mixed/Unstable,10.32128002716238,5.179541247652703,-5.141738779509677,-27.115151337456705
AEXAY,Mixed/Unstable,8.353324098224439,5.063046474089419,-3.29027762413502,
AEXE,Mixed/Unstable,7.116920797260259,3.4579784428642513,-3.658942354396008,-25.925926524756854
AEXFF,Mixed/Unstable,5.661535528589954,7.244121891180714,1.5825863625907601,-19.99999441206428
AEYE,Mixed/Unstable,6.201397834072801,7.222902344853563,1.0215045107807619,247.4744296264232
AEYGQ,Mixed/Unstable,9.660493201165194,10.164884891679394,0.5043916905142005,13.478195913575195
AFAR,Stayed with low performers,0.5563730801296484,0.4177926418194386,-0.13858043831020977,
AFBI,Mixed/Unstable,0.5563730801296484,5.464871227182154,4.908498147052505,
AFCG,Stayed with low performers,0.5563730801296484,0.4177926418194386,-0.13858043831020977,
AFCL,Mixed/Unstable,5.203368671331686,2.65609287382182,-2.5472757975098657,900.0
AFDG,Stayed with high performers,10.94755258658396,10.372536278969028,-0.5750163076149324,2389.9999757856576
AFFL,Stayed with low performers,4.684412695699973,3.6855936976868535,-0.9988189980131197,1900.0001455190527
AFFN,Mixed/Unstable,6.125022440008409,0.4177926418194386,-5.70722979818897,99900.0002910375
AFFS,Mixed/Unstable,6.7155461583421685,7.604034041842833,0.8884878835006642,
AFFT,Mixed/Unstable,0.5563730801296484,7.267060188306928,6.71068710817728,
AFFU,Stayed with low performers,0.5563730801296484,0.4177926418194386,-0.13858043831020977,
AFFY,Mixed/Unstable,6.475702296597819,5.585478462836953,-0.8902238337608663,-69.35672578695906
AFG,Breakout (left high performers),10.600917268734948,4.770164476046829,-5.830752792688119,26.320020933723463
AFGE,Stayed with low performers,0.5563730801296484,0.4177926418194386,-0.13858043831020977,
AFGVF,Stayed with low performers,3.2251593630121724,3.434080935723859,0.20892157271168665,0.0
AFGVY,Mixed/Unstable,10.413743335622936,5.469131308228505,-4.944612027394431,10.98155021458844
AFGYF,Stayed with low performers,0.5563730801296484,0.4177926418194386,-0.13858043831020977,105.33332406150012
AFIB,Stayed with low performers,0.5563730801296484,0.4177926418194386,-0.13858043831020977,
AFIIQ,Mixed/Unstable,4.352920895865053,5.346198546870465,0.9932776510054113,
AFJK,Stayed with low performers,0.5563730801296484,0.4177926418194386,-0.13858043831020977,
AFJKR,Stayed with low performers,0.5563730801296484,0.4177926418194386,-0.13858043831020977,
AFJKU,Stayed with low performers,0.5563730801296484,0.4177926418194386,-0.13858043831020977,
AFL,Mixed/Unstable,6.830302213141767,6.240063593004769,-0.590238620136998,0.6657596202780333
AFLYY,Mixed/Unstable,8.567476753484735,7.056764668448516,-1.5107120850362188,-56.40649363436812
AFMD,Mixed/Unstable,7.384143469723384,8.266440665373688,0.8822971956503043,106.07217481426184
AFMJF,Mixed/Unstable,5.034600408435012,3.608946127496775,-1.4256542809382373,391.1764830918052
AFML,Breakout (left high performers),10.939042957337506,4.365217681426691,-6.5738252759108144,800.0000072759125
AFNL,Mixed/Unstable,9.273877785818998,9.461448140554811,0.18757035473581318,116.00000000000004
AFOM,Mixed/Unstable,0.5563730801296484,5.660751346687498,5.104378266557849,
AFPW,Mixed/Unstable,5.577710311645231,6.5316714239520595,0.9539611123068283,280.00001018629763
AFRAF,Mixed/Unstable,9.78970803694051,8.045267489711934,-1.7444405472285762,-53.20582715876958
AFRI,Stayed with low performers,0.5563730801296484,0.4177926418194386,-0.13858043831020977,
AFRIW,Stayed with low performers,0.5563730801296484,0.4177926418194386,-0.13858043831020977,
AFRM,Stayed with low performers,0.5563730801296484,0.4177926418194386,-0.13858043831020977,
AFRMF,Mixed/Unstable,5.982232002574578,8.208509240777515,2.226277238202937,975.2688508004152
AFSIA,Mixed/Unstable,8.336257947916208,6.702663195328282,-1.6335947525879257,6.256821876813941
AFSIB,Mixed/Unstable,6.750322790093603,6.702663195328282,-0.04765959476532089,
AFSIC,Mixed/Unstable,7.899148352657552,6.702663195328282,-1.1964851573292705,12.004184809570798
AFSIM,Mixed/Unstable,4.367478525882887,6.702663195328282,2.335184669445395,
AFSIN,Mixed/Unstable,4.367478525882887,6.702663195328282,2.335184669445395,
AFSIP,Mixed/Unstable,7.595398723587993,6.702663195328282,-0.8927355282597116,
AFTM,Mixed/Unstable,6.769168850892501,5.259495347786107,-1.5096735031063941,-98.44297385958602
AFTTF,Stayed with low performers,0.5563730801296484,0.4177926418194386,-0.13858043831020977,
AFXXF,Stayed with low performers,0.5563730801296484,0.4177926418194386,-0.13858043831020977,
AFYA,Stayed with low performers,0.5563730801296484,4.37819121541735,3.8218181352877014,
AFYG,Mixed/Unstable,4.2323343506612625,7.3129808160483,3.080646465387037,-3.633733046924628
AG,Mixed/Unstable,12.170197913569552,8.66382685959789,-3.5063710539716624,10.0420459683141
AGAE,Mixed/Unstable,0.5563730801296484,8.805352458237389,8.248979378107741,
AGBA,Stayed with low performers,0.5563730801296484,4.37819121541735,3.8218181352877014,
AGBAW,Stayed with low performers,0.5563730801296484,0.4177926418194386,-0.13858043831020977,
AGBIF,Stayed with low performers,0.5563730801296484,0.4177926418194386,-0.13858043831020977,
AGCCF,Mixed/Unstable,14.829144620811286,7.678388023857198,-7.150756596954088,115.7407395526338
AGCO,Mixed/Unstable,8.379235177042112,6.811979443558392,-1.5672557334837203,67.82877481164422
AGCZ,Mixed/Unstable,4.567552703016359,6.08489614841702,1.5173434454006607,-39.37008011442054
AGDXF,Mixed/Unstable,8.865408980483778,6.102568734147681,-2.762840246336097,44.33332593449301
AGDY,Mixed/Unstable,8.845679244505815,13.157829834236997,4.312150589731182,78.67713792412691
AGEN,Mixed/Unstable,8.331950895819508,5.336151322920014,-2.995799572899494,118.27572170713488
AGESF,Mixed/Unstable,11.928289102202145,8.442195398581285,-3.4860937036208597,-16.841729380192152
AGESY,Breakout (left high performers),10.964552688690619,4.633995755354042,-6.3305569333365765,-16.098240898986916
AGFAF,Mixed/Unstable,2.5113705507953097,6.202804746494066,3.6914341956987564,
AGFMF,Mixed/Unstable,4.681898884797436,6.863050144300144,2.181151259502708,38.08558623407212
AGFY,Stayed with low performers,0.5563730801296484,0.4177926418194386,-0.13858043831020977,
AGGG,Mixed/Unstable,0.5563730801296484,5.963976122771911,5.407603042642262,
AGGHF,Stayed with low performers,0.5563730801296484,3.195433877237407,2.6390607971077586,
AGGI,Mixed/Unstable,5.6089639418477875,8.52664114647674,2.9176772046289523,372.10359370744646
AGGZF,Mixed/Unstable,5.205275025067057,5.473663763137448,0.26838873807039043,-26.601923322582188
AGI,Mixed/Unstable,7.503763710660263,8.66382685959789,1.1600631489376267,43.64640470719179
AGILQ,Stayed with low performers,0.5563730801296484,0.4177926418194386,-0.13858043831020977,
AGIN,Mixed/Unstable,5.9572103362045015,1.4229649516122047,-4.534245384592297,919.2156492866012
AGIO,Mixed/Unstable,6.548240039230424,5.088386243234034,-1.4598537959963904,38.36596787741223
AGL,Stayed with low performers,0.5563730801296484,0.4177926418194386,-0.13858043831020977,
AGLDF,Mixed/Unstable,15.23992615613462,6.008403361344538,-9.231522794790083,
AGLFF,Stayed with low performers,0.5563730801296484,0.4177926418194386,-0.13858043831020977,
AGLXY,Mixed/Unstable,6.65848772666583,11.282021208000684,4.623533481334854,-67.93802132752262
AGLY,Stayed with low performers,0.5563730801296484,0.9412026720458281,0.3848295919161797,
AGM,Mixed/Unstable,5.392345345328365,7.326496388028896,1.934151042700531,32.68926860921965
AGM-A,Mixed/Unstable,14.75031599662205,7.326496388028896,-7.423819608593154,38.47481824833428
AGMH,Mixed/Unstable,0.5563730801296484,8.482459393818463,7.926086313688814,
AGMJF,Mixed/Unstable,6.5415245562304385,6.318206359827748,-0.22331819640269046,31.88410127134698
AGMRF,Stayed with low performers,0.5563730801296484,0.4177926418194386,-0.13858043831020977,
AGNC,Mixed/Unstable,7.4457913652990015,5.975359852258333,-1.4704315130406682,-3.184483842928136
AGNCL,Stayed with low performers,0.5563730801296484,0.4177926418194386,-0.13858043831020977,
AGNMF,Stayed with low performers,0.5563730801296484,0.4177926418194386,-0.13858043831020977,
AGNPF,Stayed with low performers,0.5563730801296484,4.698300241989561,4.141927161859913,
AGNY,Mixed/Unstable,5.927068245908825,0.4177926418194386,-5.509275604089386,309.83605596270195
AGO,Mixed/Unstable,7.500709493976316,10.102608211413717,2.6018987174374004,2.354200923423706
AGOAF,Mixed/Unstable,10.803973564285391,6.416681978935511,-4.38729158534988,-13.571431707514868
AGORF,Stayed with low performers,0.5563730801296484,0.4177926418194386,-0.13858043831020977,
AGPPF,Mixed/Unstable,7.356711915535445,11.603432392521464,4.246720476986019,20.056456412492167
AGPYY,Mixed/Unstable,7.11300563874277,2.72259900843941,-4.39040663030336,-35.76187010728415
AGQPF,Stayed with low performers,0.5563730801296484,0.4177926418194386,-0.13858043831020977,
AGR,Mixed/Unstable,2.3948308924298076,6.134978734739659,3.740147842309851,
AGRDF,Mixed/Unstable,7.101515078680161,5.728913852483646,-1.3726012261965153,64.34714128142109
AGREF,Mixed/Unstable,4.135813939011652,9.103620946864991,4.967807007853339,1600.0000223517418
AGRI,Stayed with low performers,0.5563730801296484,0.4177926418194386,-0.13858043831020977,
AGRO,Mixed/Unstable,7.740503724036782,4.224749167802179,-3.5157545562346026,47.33874936326507
AGRPF,Stayed with low performers,0.5563730801296484,2.2107738420716925,1.654400761942044,0.0
AGRPY,Mixed/Unstable,9.880436631101661,5.012313601644865,-4.868123029456796,-8.372245531909549
AGRS,Mixed/Unstable,15.222762776825464,7.301807301807302,-7.920955475018162,25.000003637979614
AGRUF,Stayed with high performers,12.012679085643335,15.689406132640007,3.676727046996673,10.822735535894417
AGS,Mixed/Unstable,0.5563730801296484,8.789030075355825,8.232656995226177,
AGSS,Mixed/Unstable,8.937975523337759,7.93766330720418,-1.0003122161335787,33636.53894090793
AGSVF,Mixed/Unstable,7.978788383721156,12.267452161587528,4.288663777866372,-47.45850634807077
AGTEF,Mixed/Unstable,8.442466457733632,4.7445507682489465,-3.6979156894846854,-14.79392078417288
AGTK,Mixed/Unstable,5.054339010543391,5.054780541601942,0.00044153105855126995,-99.3602193166281
AGTT,Mixed/Unstable,7.567081956261923,9.645444245568996,2.078362289307073,-91.3150685749408
AGTX,Mixed/Unstable,5.32664274330214,3.701019843044564,-1.6256229002575764,
AGX,Mixed/Unstable,7.799581371009943,7.750770960137146,-0.048810410872796695,13.210495428502488
AGXKF,Joined high performers,3.885316472423638,14.621350473918936,10.736034001495298,-3.02857058388846
AGXPF,Stayed with low performers,0.5563730801296484,0.4177926418194386,-0.13858043831020977,
AGXTF,Stayed with low performers,0.5563730801296484,0.4177926418194386,-0.13858043831020977,
AGXXF,Stayed with low performers,0.5563730801296484,0.4177926418194386,-0.13858043831020977,
AGYP,Breakout (left high performers),12.024589764383174,4.6745014245014245,-7.35008833988175,12104.258875935337
AGYS,Mixed/Unstable,7.066258187135138,13.035851105805358,5.96959291867022,106.89912179092514
AGYTF,Breakout (left high performers),10.375221933192947,4.773346056370187,-5.60187587682276,170.0000008765389
AGZNF,Mixed/Unstable,8.483563608284383,9.388794567062819,0.9052309587784357,
AHAG,Mixed/Unstable,6.522909344225958,10.023737791605889,3.5008284473799307,-69.34866052723763
AHAHF,Stayed with low performers,0.5563730801296484,0.4177926418194386,-0.13858043831020977,
AHCHF,Mixed/Unstable,5.770986646969736,7.430246356898795,1.6592597099290591,-7.891636473666402
AHCHY,Mixed/Unstable,5.770986646969736,7.601384489820369,1.8303978428506325,-9.239857170343194
AHCO,Mixed/Unstable,0.5563730801296484,9.385655496766608,8.82928241663696,
AHELF,Breakout (left high performers),14.3240952996728,2.273825926770549,-12.050269372902251,41896.99921660295
AHEXF,Breakout (left high performers),11.173280842270389,3.915026349845526,-7.258254492424863,-7.087466194437637
AHEXY,Mixed/Unstable,8.278679818587234,9.072552372920223,0.7938725543329888,-11.77644016203548
AHFCF,Mixed/Unstable,8.409514121545898,7.118671827628397,-1.2908422939175015,266.6666728754841
AHFD,Mixed/Unstable,5.358041960005427,2.7196961389420586,-2.6383458210633686,754.0000458384857
AHFI,Mixed/Unstable,11.173640266050285,9.779991325286788,-1.3936489407634962,402810.013244426
AHG,Stayed with low performers,0.5563730801296484,3.8090631941390183,3.25269011400937,
AHGIF,Mixed/Unstable,0.5563730801296484,5.71256038647343,5.1561873063437815,
AHH,Stayed with high performers,12.199685888217957,11.089768864600659,-1.1099170236172977,-25.97181995160277
AHIX,Mixed/Unstable,7.400125553354765,7.589259909538879,0.18913435618411434,-55.97777824652047
AHKSY,Mixed/Unstable,10.191887926467693,5.463740109409401,-4.728147817058292,-3.407844679588011
AHLAS,Stayed with low performers,0.5563730801296484,0.4177926418194386,-0.13858043831020977,
AHNR,Mixed/Unstable,8.139929762249578,7.356360952790685,-0.7835688094588926,136.36363913451356
AHODF,Mixed/Unstable,11.073124406457742,9.118655740441872,-1.9544686660158703,30.492324867146856
AHOTF,Mixed/Unstable,6.8160014214186715,6.153414075825796,-0.6625873455928755,-34.48967678371046
AHPIQ,Mixed/Unstable,4.66557843148525,6.204072272183727,1.538493840698477,422.1295229352187
AHR,Stayed with low performers,0.5563730801296484,0.4177926418194386,-0.13858043831020977,
AHRO,Mixed/Unstable,10.70581442674466,6.0654259018267185,-4.640388524917941,-96.72651920294632
AHT,Mixed/Unstable,3.58529520586241,5.0810064080206265,1.4957112021582164,-94.76652881594048
AHWSF,Stayed with low performers,0.5563730801296484,0.4177926418194386,-0.13858043831020977,
AI,Stayed with low performers,0.5563730801296484,0.4177926418194386,-0.13858043831020977,
AIABF,Mixed/Unstable,5.551442394968604,4.2085046162140305,-1.3429377787545738,-62.93650728699903
AIAD,Mixed/Unstable,9.795256486432956,3.349003576903423,-6.446252909529534,418.4263004750903
AIAGF,Mixed/Unstable,6.949243523289405,3.647562376350161,-3.3016811469392437,118.3622870123376
AIAGY,Breakout (left high performers),12.977340987168779,2.5830620965656905,-10.394278890603088,47.33991779777004
AIAPF,Stayed with low performers,0.5563730801296484,2.260961344745677,1.7045882646160284,
AIBGY,Stayed with low performers,0.5563730801296484,3.86468532216155,3.3083122420319016,
AICAF,Mixed/Unstable,5.9047916402071605,6.740378520905822,0.8355868806986617,-25.54347935240071
AICOF,Stayed with low performers,0.5563730801296484,0.4177926418194386,-0.13858043831020977,
AIDA,Mixed/Unstable,9.203643578643579,7.650708407844071,-1.5529351707995076,-58.94909649090992
AIEV,Stayed with low performers,0.5563730801296484,0.4177926418194386,-0.13858043831020977,
AIFF,Stayed with low performers,4.633165077005657,3.8599658636803995,-0.7731992133252574,1945.333346162019
AIFLF,Stayed with low performers,0.5563730801296484,0.4177926418194386,-0.13858043831020977,0.0
AIFLY,Mixed/Unstable,8.233605267889248,3.4201444674910344,-4.813460800398213,41.0256441606652
AIFS,Mixed/Unstable,9.766136695440695,11.034333134457883,1.2681964390171885,-40.14084695043415
AIG,Mixed/Unstable,6.395265224846507,7.940638736530906,1.5453735116843994,5.80331994031441
AIGFF,Stayed with low performers,0.5563730801296484,0.4177926418194386,-0.13858043831020977,
AIHLF,Stayed with low performers,1.5410035730243579,0.4177926418194386,-1.1232109312049192,0.0
AIHS,Stayed with low performers,0.5563730801296484,3.994487802353571,3.4381147222239226,
AIHZF,Stayed with low performers,0.5563730801296484,0.4177926418194386,-0.13858043831020977,
AIIXY,Stayed with low performers,0.5563730801296484,0.4177926418194386,-0.13858043831020977,
AIJTY,Stayed with low performers,0.5563730801296484,4.24090419563646,3.684531115506812,
AIKO,Mixed/Unstable,8.988478785358385,5.529591736488288,-3.458887048870097,-97.80123120096395
AILE,Stayed with low performers,0.5563730801296484,0.4177926418194386,-0.13858043831020977,
AILEW,Stayed with low performers,0.5563730801296484,0.4177926418194386,-0.13858043831020977,
AILIH,Mixed/Unstable,11.162614883545118,8.909322794476546,-2.2532920890685713,1.0844060674644314
AILIM,Mixed/Unstable,8.041559835901621,2.397523972483795,-5.644035863417827,0.0197986565013923
AILIN,Mixed/Unstable,6.015477092010602,9.922736640017185,3.907259548006582,-1.8600006103515625
AILLM,Mixed/Unstable,12.23651313831337,8.031163803363157,-4.205349334950213,0.1551912087589746
AILLN,Stayed with high performers,10.121430490368054,11.219695116980517,1.0982646266124636,3.238614526125461
AILLO,Mixed/Unstable,11.843099429306326,6.257525390152974,-5.585574039153352,-1.810997772216794
AILQF,Mixed/Unstable,8.440917391977619,6.780840991367306,-1.660076400610313,59.07885865213645
AIM,Mixed/Unstable,5.066981289570447,4.828819621870209,-0.23816166770023806,247.7477520242274
AIMAW,Stayed with low performers,0.5563730801296484,0.4177926418194386,-0.13858043831020977,
AIMD,Stayed with low performers,0.5563730801296484,0.4177926418194386,-0.13858043831020977,
AIMDW,Stayed with low performers,0.5563730801296484,0.4177926418194386,-0.13858043831020977,
AIMFF,Mixed/Unstable,4.567906382891092,6.151389345443182,1.5834829625520896,39.284383662251
AIMH,Mixed/Unstable,6.74931129476584,5.311419305129997,-1.437891989635843,1303.2863552883366
AIMLF,Mixed/Unstable,9.202927827096596,7.412340286761285,-1.790587540335311,389.366326666933
AIN,Mixed/Unstable,4.913903948885855,7.240676837037811,2.3267728881519565,-4.912614984651398
AINMF,Stayed with low performers,0.5563730801296484,0.4177926418194386,-0.13858043831020977,
AINSF,Mixed/Unstable,3.905718792148295,5.139843071731616,1.234124279583321,61.57323602722433
AIOT,Mixed/Unstable,7.535726570708476,4.62401795735129,-2.9117086133571863,10.122049282986296
AIP,Stayed with low performers,0.5563730801296484,0.4177926418194386,-0.13858043831020977,
AIPG,Mixed/Unstable,8.68344625460375,12.081451432277198,3.398005177673449,-94.09055154411088
AIPUF,Mixed/Unstable,0.5563730801296484,8.575880065045936,8.019506984916289,34.02060968790517
AIPUY,Mixed/Unstable,3.876274495395162,8.791599218935923,4.9153247235407616,-25.437759961452244
AIQUF,Mixed/Unstable,12.919611287347534,9.136392028854099,-3.7832192584934354,28.276839961156963
AIQUY,Mixed/Unstable,10.789916474875383,9.77400146928044,-1.0159150055949429,24.90090021534041
AIR,Mixed/Unstable,7.318511868308897,7.1421211929374735,-0.17639067537142328,-18.647800941230688
AIRE,Stayed with low performers,0.5563730801296484,0.4177926418194386,-0.13858043831020977,
AIRG,Stayed with low performers,0.5563730801296484,4.867520608094537,4.311147527964889,
AIRI,Mixed/Unstable,5.21903336292616,2.84049479948295,-2.3785385634432097,-9.458298310949315
AIRJ,Stayed with low performers,0.5563730801296484,0.4177926418194386,-0.13858043831020977,
AIRJW,Stayed with low performers,0.5563730801296484,0.4177926418194386,-0.13858043831020977,
AIRRF,Mixed/Unstable,10.495084932980399,8.55365655156377,-1.9414283814166282,-55.71086241903527
AIRS,Stayed with low performers,0.5563730801296484,0.4177926418194386,-0.13858043831020977,
AIRT,Mixed/Unstable,13.112733131530122,8.783308696109533,-4.32942443542059,42.94081622766062
AIRYY,Mixed/Unstable,5.973343249127041,6.5269951898045315,0.5536519406774909,-25.43505300285558
AISP,Stayed with low performers,0.5563730801296484,0.4177926418194386,-0.13858043831020977,
AISPW,Stayed with low performers,0.5563730801296484,0.4177926418194386,-0.13858043831020977,
AISSF,Stayed with low performers,0.5563730801296484,3.955444232948421,3.3990711528187725,
AISXF,Stayed with low performers,0.5563730801296484,0.4177926418194386,-0.13858043831020977,
AIT,Mixed/Unstable,7.998952201850752,8.336924513395102,0.33797231154435003,64.17571710592898
AITLF,Stayed with low performers,0.5563730801296484,0.4177926418194386,-0.13858043831020977,
AITR,Stayed with low performers,0.5563730801296484,0.4177926418194386,-0.13858043831020977,
AITRR,Stayed with low performers,0.5563730801296484,0.4177926418194386,-0.13858043831020977,
AITRU,Stayed with low performers,0.5563730801296484,0.4177926418194386,-0.13858043831020977,
AITTF,Stayed with low performers,0.5563730801296484,0.4177926418194386,-0.13858043831020977,
AITVF,Mixed/Unstable,9.894233141465614,3.6727153678756856,-6.2215177735899285,241.3994106037825
AITX,Stayed with low performers,4.4416884417855655,3.599857905968624,-0.8418305358169413,-97.20072727650404
AIV,Mixed/Unstable,7.730422465462119,9.711013266862809,1.9805908014006892,-2.412604669730756
AIVAF,Stayed with low performers,4.211557229752102,3.1120053655264925,-1.0995518642256092,1.6122977855768332
AIVN,Mixed/Unstable,11.045305269443203,8.998212971722905,-2.0470922977202974,194.16961557366216
AIXI,Stayed with low performers,0.5563730801296484,0.4177926418194386,-0.13858043831020977,
AIXN,Mixed/Unstable,6.6952582085664645,9.925663584231792,3.2304053756653275,-28.79705885231616
AIXXF,Stayed with low performers,4.771950210498138,3.3425334028368408,-1.4294168076612976,137.6809143878193
AIZ,Mixed/Unstable,9.551049141611408,7.8477021003250735,-1.7033470412863343,27.02040603654939
AIZN,Stayed with low performers,0.5563730801296484,0.4177926418194386,-0.13858043831020977,
AJG,Joined high performers,2.8885423295361186,11.677842486677958,8.78930015714184,68.94270890102823
AJIA,Stayed with low performers,0.5563730801296484,3.359167276220082,2.8027941960904337,
AJINY,Mixed/Unstable,13.061486619218158,7.1556860033346625,-5.9058006158834955,53.28110606565559
AJLGF,Mixed/Unstable,10.435455255127387,6.580010681835522,-3.855444573291865,-75.8662503335484
AJMPF,Mixed/Unstable,3.1087585837410505,8.099186410319039,4.990427826577989,-26.299118096408986
AJOY,Mixed/Unstable,5.294102396245861,9.363061575163071,4.06895917891721,-4.444443543016151
AJX,Mixed/Unstable,9.163914445230793,7.958163730840102,-1.2057507143906907,
AJYG,Stayed with low performers,0.5563730801296484,2.6617984696288257,2.1054253894991772,
AKA,Stayed with low performers,0.5563730801296484,0.4177926418194386,-0.13858043831020977,
AKAAF,Stayed with low performers,4.132988503127309,3.6855936976868535,-0.4473948054404553,69.06423335173073
AKAM,Mixed/Unstable,5.793999091530128,10.866037128979094,5.072038037448967,16.100678508772575
AKAN,Stayed with low performers,0.5563730801296484,0.4177926418194386,-0.13858043831020977,
AKBA,Mixed/Unstable,8.997300511882907,4.049190117301572,-4.9481103945813345,-30.785099392513747
AKBIF,Mixed/Unstable,4.259031275609122,7.09197252221755,2.832941246608428,-23.874774188354515
AKBKF,Stayed with low performers,0.5563730801296484,0.4177926418194386,-0.13858043831020977,0.0
AKBLF,Stayed with high performers,10.74833981211532,11.329856689181563,0.5815168770662424,100.04204132866184
AKBTY,Mixed/Unstable,8.655157941592782,5.407217356257434,-3.247940585335347,-47.19485990371075
AKCCF,Stayed with low performers,0.5563730801296484,0.4177926418194386,-0.13858043831020977,
AKEMF,Mixed/Unstable,6.464659194024077,8.490458679951674,2.025799485927597,-57.94392502214704
AKESF,Stayed with low performers,0.5563730801296484,0.4177926418194386,-0.13858043831020977,
AKHOF,Stayed with low performers,0.5563730801296484,0.4177926418194386,-0.13858043831020977,
AKKVF,Stayed with low performers,4.851111749905909,4.158034124676082,-0.6930776252298276,-43.93382403293823
AKMYF,Stayed with low performers,0.5563730801296484,0.4177926418194386,-0.13858043831020977,
AKO-A,Mixed/Unstable,7.495138114703333,6.776626367299943,-0.7185117474033902,-31.55390786245112
AKO-B,Mixed/Unstable,7.495138114703333,7.170001108500769,-0.3251370062025636,-29.43092976026121
AKOBF,Stayed with low performers,0.5563730801296484,0.4177926418194386,-0.13858043831020977,
AKOM,Mixed/Unstable,0.5563730801296484,5.999294217703766,5.4429211375741176,
AKR,Mixed/Unstable,5.479047981344369,7.725012794284255,2.245964812939886,-26.40798392257781
AKRBF,Mixed/Unstable,8.361785470219205,4.940304571372533,-3.4214808988466725,20.766582527168943
AKRBY,Stayed with low performers,0.5563730801296484,0.4177926418194386,-0.13858043831020977,
AKRFF,Mixed/Unstable,3.9670875823093517,8.854777053639921,4.887689471330569,-5.655293762998244
AKRO,Stayed with low performers,0.5563730801296484,4.37819121541735,3.8218181352877014,
AKRRF,Mixed/Unstable,8.013850508996777,3.6689490611059234,-4.344901447890853,34.625753517403226
AKRYY,Stayed with low performers,0.5563730801296484,0.4177926418194386,-0.13858043831020977,
AKTAF,Stayed with low performers,4.278722392916651,3.64126599725977,-0.6374563956568813,-14.719099998474118
AKTS,Joined high performers,3.117960057946027,14.584897659348698,11.466937601402671,
AKTX,Mixed/Unstable,8.740047360924313,4.769194879421456,-3.970852481502857,-4.538700364220297
AKVA,Mixed/Unstable,5.839676289752535,5.365208242906085,-0.47446804684645016,-44.28152482657332
AKYA,Stayed with low performers,0.5563730801296484,0.4177926418194386,-0.13858043831020977,
AKZOF,Mixed/Unstable,6.6414314401510275,5.203142536475869,-1.4382889036751587,26.74534338721354
AKZOY,Mixed/Unstable,6.439074837993722,8.153032153032152,1.7139573150384297,17.090109223017432
AL,Mixed/Unstable,9.430155328678657,5.803701718335865,-3.626453610342792,-6.786865181672195
ALAB,Stayed with low performers,0.5563730801296484,0.4177926418194386,-0.13858043831020977,
ALAR,Stayed with low performers,0.5563730801296484,3.905394554347032,3.3490214742173836,
ALB,Mixed/Unstable,7.018675171304136,2.54727405917483,-4.471401112129306,230.1356480007329
ALB-PA,Stayed with low performers,0.5563730801296484,0.4177926418194386,-0.13858043831020977,
ALBAF,Stayed with low performers,0.5563730801296484,0.4177926418194386,-0.13858043831020977,
ALBBY,Stayed with low performers,0.5563730801296484,0.4177926418194386,-0.13858043831020977,
ALBHF,Stayed with low performers,0.5563730801296484,4.422224624854963,3.865851544725315,
ALBKY,Mixed/Unstable,3.6567711734044557,5.544237897179073,1.8874667237746174,-30.66666564234979
ALBT,Mixed/Unstable,0.5563730801296484,7.306445725851048,6.750072645721399,
ALBY,Mixed/Unstable,8.971447629324574,7.482642528899665,-1.4888051004249094,22.592425449306404
ALC,Stayed with low performers,0.5563730801296484,2.5201734818171033,1.9638004016874548,
ALCE,Stayed with low performers,0.5563730801296484,0.4177926418194386,-0.13858043831020977,
ALCIF,Stayed with low performers,0.5563730801296484,0.4177926418194386,-0.13858043831020977,
ALCO,Mixed/Unstable,7.017514251425143,6.164566366260516,-0.8529478851646273,5.864027503242614
ALCUF,Stayed with low performers,0.5563730801296484,0.4177926418194386,-0.13858043831020977,
ALCY,Stayed with low performers,0.5563730801296484,0.4177926418194386,-0.13858043831020977,
ALCYU,Stayed with low performers,0.5563730801296484,0.4177926418194386,-0.13858043831020977,
ALCYW,Stayed with low performers,0.5563730801296484,0.4177926418194386,-0.13858043831020977,
ALDA,Mixed/Unstable,0.5563730801296484,8.26503889617854,7.7086658160488915,30.617427950818893
ALDNF,Stayed with low performers,0.5563730801296484,0.4177926418194386,-0.13858043831020977,
ALDS,Stayed with low performers,0.5563730801296484,2.5496657835764243,1.9932927034467758,
ALDVD,Mixed/Unstable,5.287478880514047,2.9736745465096885,-2.313804334004358,202.90252564915988
ALDVF,Mixed/Unstable,5.287478880514047,2.9736745465096885,-2.313804334004358,205.0000026077033
ALDX,Mixed/Unstable,8.278679818587234,6.543530543530544,-1.7351492750566901,49.9227743932505
ALE,Mixed/Unstable,5.006747638326586,6.495138912075109,1.4883912737485225,-30.931992069273623
ALEC,Stayed with low performers,0.5563730801296484,4.518563708287524,3.9621906281578756,
ALEEF,Stayed with low performers,0.5563730801296484,0.4177926418194386,-0.13858043831020977,
ALEGF,Stayed with low performers,0.5563730801296484,0.4177926418194386,-0.13858043831020977,
ALEX,Mixed/Unstable,8.82891612700059,6.965691267387406,-1.863224859613183,-3.9471542611181656
ALF,Stayed with low performers,0.5563730801296484,0.4177926418194386,-0.13858043831020977,
ALFDF,Stayed with low performers,0.5563730801296484,2.6531182074907753,2.096745127361127,
ALFFF,Mixed/Unstable,4.715045134521388,5.41618099444284,0.7011358599214521,-21.66105687289178
ALFIQ,Stayed with low performers,0.5563730801296484,0.4177926418194386,-0.13858043831020977,
ALFNF,Stayed with low performers,0.5563730801296484,0.4177926418194386,-0.13858043831020977,
ALFUU,Stayed with low performers,0.5563730801296484,0.4177926418194386,-0.13858043831020977,
ALFUW,Stayed with low performers,0.5563730801296484,0.4177926418194386,-0.13858043831020977,
ALFVF,Mixed/Unstable,6.073115782889829,8.104690693697075,2.0315749108072456,85.32144955255893
ALFVY,Stayed with low performers,3.3812443478612977,3.4972054549519336,0.1159611070906359,68.23278758549377
ALG,Mixed/Unstable,9.753298302115999,7.739293085655315,-2.014005216460684,16.749563242656517
ALGEF,Stayed with low performers,0.5563730801296484,0.4177926418194386,-0.13858043831020977,
ALGGY,Mixed/Unstable,5.792074269465442,7.181511326330302,1.3894370568648595,-7.099427979616476
ALGLF,Stayed with low performers,0.5563730801296484,0.4177926418194386,-0.13858043831020977,
ALGM,Stayed with low performers,0.5563730801296484,0.4177926418194386,-0.13858043831020977,
ALGN,Mixed/Unstable,9.804472544198573,8.569828734778989,-1.234643809419584,190.5188413273804
ALGS,Stayed with low performers,0.5563730801296484,0.4177926418194386,-0.13858043831020977,
ALGT,Mixed/Unstable,9.978070068696075,6.724513303460672,-3.2535567652354036,27.21118645127773
ALGWF,Stayed with low performers,0.5563730801296484,2.7058188757076116,2.149445795577963,
ALHC,Stayed with low performers,0.5563730801296484,0.4177926418194386,-0.13858043831020977,
ALID,Stayed with low performers,0.5563730801296484,4.052936412918641,3.496563332788993,
ALIF,Mixed/Unstable,6.761354587441544,3.992098393543182,-2.769256193898362,-95.31249984841833
ALIT,Stayed with low performers,0.5563730801296484,0.4177926418194386,-0.13858043831020977,
ALITF,Mixed/Unstable,9.533475783475783,6.300235757246337,-3.2332400262294456,37.37499565382814
ALIZF,Mixed/Unstable,8.606369992508606,5.5475911021685675,-3.0587788903400384,-5.920572896362006
ALIZY,Mixed/Unstable,8.606369992508606,5.5475911021685675,-3.0587788903400384,-6.786271734880948
ALK,Mixed/Unstable,7.737341772151898,6.92368125701459,-0.8136605151373075,-11.550091965608726
ALKEF,Mixed/Unstable,6.4305621865957585,8.232589364128122,1.8020271775323637,21.41453765473641
ALKHF,Stayed with low performers,0.5563730801296484,2.274374505239778,1.7180014251101294,
ALKM,Mixed/Unstable,6.1678886749370365,6.272716744467805,0.10482806953076818,283.2941163210049
ALKS,Mixed/Unstable,8.788654253424854,4.341829144965502,-4.446825108459351,66.4505542085982
ALKT,Stayed with low performers,0.5563730801296484,0.4177926418194386,-0.13858043831020977,
ALL,Mixed/Unstable,6.393329070758738,8.407852579174738,2.0145235084160005,18.57949269070168
ALLDF,Stayed with low performers,0.5563730801296484,1.354366632723307,0.7979935525936587,
ALLE,Mixed/Unstable,7.200623437678835,8.354674111870608,1.1540506741917733,22.117760212272696
ALLIF,Stayed with low performers,0.5563730801296484,0.4177926418194386,-0.13858043831020977,
ALLK,Joined high performers,0.5563730801296484,10.984482362692887,10.42810928256324,
ALLO,Mixed/Unstable,0.5563730801296484,7.016460905349793,6.460087825220144,
ALLR,Stayed with low performers,0.5563730801296484,0.4177926418194386,-0.13858043831020977,
ALLT,Mixed/Unstable,6.173187487152885,10.241445965222582,4.068258478069697,102.86666615804036
ALLY,Mixed/Unstable,5.010811260811261,6.212606837606838,1.2017955767955772,71.17596982270207
ALME,Mixed/Unstable,9.442285009866707,5.789010409853625,-3.6532746000130816,19.999999999985
ALMMF,Mixed/Unstable,6.347610722610722,4.125750410580133,-2.2218603120305893,138.70967673709563
ALMS,Stayed with low performers,0.5563730801296484,0.4177926418194386,-0.13858043831020977,
ALMTF,Mixed/Unstable,6.04201862639664,6.259040386738228,0.21702176034158782,33.26287752696524
ALMU,Stayed with low performers,0.5563730801296484,0.4177926418194386,-0.13858043831020977,
ALNPF,Mixed/Unstable,9.403180354267311,4.37086942152211,-5.032310932745201,-32.7557332430024
ALNPY,Mixed/Unstable,10.44143991447913,6.514928625912607,-3.9265112885665223,-24.453953711623168
ALNT,Mixed/Unstable,7.398478978332616,6.866904337492573,-0.5315746408400424,31.159577799516
ALNY,Mixed/Unstable,8.753645843092015,7.105897105897106,-1.6477487371949087,121.81849602924416
ALOD,Mixed/Unstable,11.566334243087766,9.52757387539996,-2.0387603676878054,19.16667240982272
ALORY,Stayed with low performers,0.5563730801296484,0.4177926418194386,-0.13858043831020977,
ALOT,Mixed/Unstable,8.166635561872221,8.548497226363486,0.38186166449126446,-3.2308849788348537
ALPC,Stayed with low performers,0.5563730801296484,4.9890090855811415,4.432636005451493,
ALPE,Mixed/Unstable,10.195430448595005,5.099242333284887,-5.096188115310118,-73.81770636781751
ALPGF,Stayed with low performers,0.5563730801296484,0.4177926418194386,-0.13858043831020977,
ALPIB,Stayed with low performers,0.5563730801296484,0.4177926418194386,-0.13858043831020977,
ALPKF,Mixed/Unstable,0.5563730801296484,7.592872339594272,7.036499259464623,
ALPMF,Mixed/Unstable,6.661856661856661,7.604682507231234,0.942825845374573,1.5399995266852402
ALPMY,Mixed/Unstable,6.731246895181322,9.018823921372649,2.287577026191327,4.959039029313543
ALPP,Joined high performers,0.5563730801296484,15.362244935665773,14.805871855536125,
ALRHF,Stayed with low performers,1.8873650334574925,0.4177926418194386,-1.4695723916380539,0.0
ALRM,Mixed/Unstable,4.662260543972736,7.416419916419916,2.7541593724471802,
ALRN,Stayed with low performers,0.5563730801296484,4.125750410580133,3.569377330450484,
ALRS,Mixed/Unstable,8.2951946569915,6.792596464447807,-1.5025981925436929,41.51401876289155
ALRTF,Mixed/Unstable,4.859116283470527,7.079730464209526,2.2206141807389983,72.48810690843293
ALSA,Stayed with low performers,0.5563730801296484,0.4177926418194386,-0.13858043831020977,
ALSAR,Stayed with low performers,0.5563730801296484,0.4177926418194386,-0.13858043831020977,
ALSAW,Stayed with low performers,0.5563730801296484,0.4177926418194386,-0.13858043831020977,
ALSCF,Stayed with low performers,0.5563730801296484,2.3740329050426996,1.8176598249130511,
ALSE,Mixed/Unstable,5.235315386902508,6.225708360369989,0.9903929734674808,-48.49785407725322
ALSI,Breakout (left high performers),11.246415151416294,4.594371630414575,-6.652043521001718,2124.522609433343
ALSMY,Mixed/Unstable,6.545998636560905,4.289834191092761,-2.256164445468144,-12.712472509943662
ALSN,Mixed/Unstable,5.3420342261524985,5.830277819594625,0.4882435934421263,-22.16888471378055
ALSSF,Mixed/Unstable,7.464318446485245,4.810315795743896,-2.654002650741349,-20.27807326099814
ALST,Mixed/Unstable,7.622222825456601,7.250341300405485,-0.3718815250511156,-99.79119565661834
ALT,Stayed with low performers,0.5563730801296484,3.1148989350366123,2.558525854906964,
ALTAF,Stayed with low performers,0.5563730801296484,3.537646379467306,2.9812732993376576,
ALTB,Stayed with low performers,0.5563730801296484,3.339363425276012,2.7829903451463633,
ALTD,Stayed with low performers,0.5563730801296484,0.4177926418194386,-0.13858043831020977,
ALTG,Mixed/Unstable,0.5563730801296484,5.01905253302822,4.462679452898572,
ALTHF,Stayed with low performers,0.5563730801296484,0.4177926418194386,-0.13858043831020977,0.0
ALTI,Stayed with low performers,0.5563730801296484,0.4177926418194386,-0.13858043831020977,
ALTM,Stayed with low performers,0.5563730801296484,4.1118421052631575,3.555469025133509,
ALTNF,Stayed with low performers,0.5563730801296484,0.4177926418194386,-0.13858043831020977,
ALTO,Stayed with low performers,2.8139545306764355,3.2193897281237613,0.4054351974473258,792.2398683508941
ALTPF,Stayed with low performers,0.5563730801296484,0.4177926418194386,-0.13858043831020977,
ALTR,Mixed/Unstable,0.5563730801296484,9.640634144930246,9.084261064800598,
ALTS,Mixed/Unstable,7.854148852980295,6.048502457151756,-1.8056463958285391,127.85072350934612
ALTX,Mixed/Unstable,5.0491349766712075,6.102513056197281,1.0533780795260732,55.432096880359225
ALUR,Stayed with low performers,0.5563730801296484,0.4177926418194386,-0.13858043831020977,
ALUR-WT,Stayed with low performers,0.5563730801296484,0.4177926418194386,-0.13858043831020977,
ALV,Mixed/Unstable,6.889369492504806,3.5465346634599615,-3.3428348290448446,8.468401612228007
ALVLF,Mixed/Unstable,9.713606654783126,8.65729252826027,-1.0563141265228566,349.99999329447814
ALVO,Stayed with low performers,0.5563730801296484,0.4177926418194386,-0.13858043831020977,
ALVOF,Mixed/Unstable,3.807881129324775,7.47081147081147,3.662930341486695,133.7622146540214
ALVOW,Stayed with low performers,0.5563730801296484,0.4177926418194386,-0.13858043831020977,
ALVR,Stayed with low performers,0.5563730801296484,0.4177926418194386,-0.13858043831020977,
ALVRQ,Mixed/Unstable,5.565703335551685,7.723057172859034,2.1573538373073484,-57.23014444945888
ALX,Mixed/Unstable,2.788251823233729,7.815034144259497,5.026782321025768,-23.942872583721385
ALXEF,Mixed/Unstable,7.537942162619278,13.867498061860081,6.329555899240803,191.35333652839105
ALXO,Stayed with low performers,0.5563730801296484,0.4177926418194386,-0.13858043831020977,
ALXXF,Mixed/Unstable,5.956645256916996,4.766907310596631,-1.1897379463203652,84.78837120277886
ALYAF,Mixed/Unstable,10.212778782399035,5.700903250812506,-4.511875531586528,-4.594401344680791
ALYI,Mixed/Unstable,6.006336454414303,6.937473652603138,0.9311371981888357,96.51849217023576
ALZCF,Stayed with low performers,0.5563730801296484,0.4177926418194386,-0.13858043831020977,
ALZN,Stayed with low performers,0.5563730801296484,0.4177926418194386,-0.13858043831020977,
AM,Stayed with low performers,0.5563730801296484,4.100457899572089,3.544084819442441,
AMADF,Mixed/Unstable,8.399924143067212,7.177821616109633,-1.2221025269575785,-8.88839764984193
AMADY,Mixed/Unstable,8.399924143067212,9.007637511933613,0.6077133688664009,-9.126793694841446
AMAL,Mixed/Unstable,0.5563730801296484,7.241725768321513,6.685352688191864,
AMAT,Mixed/Unstable,7.8768669118488175,9.215828102887896,1.3389611910390782,142.7265416986166
AMBA,Mixed/Unstable,9.493477638061071,8.666381400656112,-0.8270962374049589,187.92997658074788
AMBBY,Stayed with low performers,0.5563730801296484,0.4177926418194386,-0.13858043831020977,
AMBC,Mixed/Unstable,7.124385267505535,7.7734437293087275,0.6490584618031923,-27.285914450738964
AMBD,Mixed/Unstable,7.848878649158736,10.221451256558963,2.372572607400227,900.0
AMBFF,Mixed/Unstable,0.5563730801296484,7.133036046079525,6.576662965949876,
AMBI,Stayed with low performers,0.5563730801296484,0.4177926418194386,-0.13858043831020977,
AMBK,Stayed with high performers,15.874133097339746,10.46887312182771,-5.4052599755120365,32.06922040911356
AMBO,Mixed/Unstable,0.5563730801296484,9.326131687242798,8.76975860711315,
AMBP,Stayed with low performers,0.5563730801296484,0.4177926418194386,-0.13858043831020977,
AMBS,Mixed/Unstable,3.877591820255961,6.235838823352356,2.358247003096395,-29.894874240366462
AMBZ,Mixed/Unstable,10.144523632237707,6.229145840076826,-3.915377792160881,11.74807808076396
AMC,Mixed/Unstable,8.379235177042112,7.522586134865608,-0.8566490421765041,290.22204123121134
AMCCF,Mixed/Unstable,7.83628136569313,6.106254084317984,-1.7300272813751452,5.574324026695668
AMCF,Stayed with low performers,4.889970564765911,3.6714827432032515,-1.2184878215626598,-97.14285730322624
AMCJX,Stayed with low performers,0.5563730801296484,0.4177926418194386,-0.13858043831020977,
AMCLX,Stayed with low performers,0.5563730801296484,0.4177926418194386,-0.13858043831020977,
AMCR,Mixed/Unstable,7.83628136569313,6.106254084317984,-1.7300272813751452,22.36361577034115
AMCT,Mixed/Unstable,0.5563730801296484,5.5562252945617905,4.999852214432142,
AMCX,Mixed/Unstable,7.811357251856724,7.89125790553546,0.07990065367873633,-0.7930448484433651
AMD,Mixed/Unstable,7.6616660931030625,9.193039144139389,1.5313730510363266,223.75458688742484
AMDLY,Stayed with low performers,4.44683551624223,3.5213729628579586,-0.9254625533842717,-9.148405681460286
AMDUF,Stayed with low performers,0.5563730801296484,0.4177926418194386,-0.13858043831020977,
AMDWF,Mixed/Unstable,8.848465434821938,9.221985419394413,0.37351998457247504,8.804018582368377
AME,Mixed/Unstable,4.182033719704952,8.630399334624688,4.4483656149197355,41.04380519497523
AMED,Stayed with high performers,11.979966247482173,11.73913043478261,-0.24083581269956333,9.392663837943084
AMEGF,Stayed with low performers,0.5563730801296484,0.4177926418194386,-0.13858043831020977,
AMEN,Mixed/Unstable,8.214406633792771,3.472554434198056,-4.741852199594716,-48.583479386904855
AMEUF,Mixed/Unstable,5.978416145831417,5.805175467469162,-0.1732406783622551,9968.142918178151
AMFC,Mixed/Unstable,12.829147892923402,6.102186654204879,-6.7269612387185225,26.093826369356872
AMFL,Mixed/Unstable,8.187400663533003,6.621069902319903,-1.5663307612131003,1214.1414026702128
AMG,Mixed/Unstable,6.344608155332661,4.1371715148095936,-2.207436640523068,97.8960198682141
AMGDF,Stayed with low performers,0.5563730801296484,3.0290111648581792,2.4726380847285307,
AMGN,Mixed/Unstable,6.491621038659365,10.458159934175155,3.9665388955157903,3.798732454547982
AMGRF,Stayed with low performers,0.5563730801296484,0.4177926418194386,-0.13858043831020977,
AMGXF,Stayed with low performers,0.5563730801296484,0.4177926418194386,-0.13858043831020977,
AMGY,Mixed/Unstable,6.72380275011854,5.876128229069406,-0.8476745210491341,61.29031434313988
AMH,Mixed/Unstable,6.608785878587859,9.447413872846646,2.838627994258787,47.86735387017082
AMIGF,Mixed/Unstable,12.441164299843805,7.145675988296932,-5.295488311546873,63.953313850226536
AMIGY,Breakout (left high performers),12.441164299843805,4.597232190026216,-7.843932109817589,68.22630969467546
AMIH,Mixed/Unstable,8.228131435222492,5.571409158853105,-2.656722276369387,-95.05403359747632
AMIVF,Mixed/Unstable,4.10272377075748,8.114424300254454,4.011700529496974,
AMIX,Stayed with low performers,0.5563730801296484,0.4177926418194386,-0.13858043831020977,
AMJT,Stayed with low performers,4.596632947934917,2.296117043032027,-2.30051590490289,
AMKAF,Mixed/Unstable,3.3068146816706965,6.576105886450715,3.2692912047800182,128.6170662676216
AMKBF,Mixed/Unstable,4.414160823444804,5.798587377534747,1.3844265540899432,137.89523752804956
AMKBY,Stayed with low performers,3.3068146816706965,3.700915739132299,0.3941010574616026,122.16111408103752
AMKR,Mixed/Unstable,5.856551172358615,5.874519720976802,0.017968548618187086,137.56198091207793
AMLC,Mixed/Unstable,7.700949715552085,6.741360150115685,-0.9595895654364002,133.33333850734886
AMLH,Mixed/Unstable,10.098898846131318,8.165017306767226,-1.9338815393640925,2152.5000605731784
AMLI,Mixed/Unstable,4.245805712857623,6.594407269191724,2.348601556334101,
AMLM,Stayed with low performers,4.345365595931731,3.219329085182744,-1.1260365107489867,1360.368141415782
AMLX,Stayed with low performers,0.5563730801296484,0.4177926418194386,-0.13858043831020977,
AMMCF,Mixed/Unstable,5.328801945181255,4.667527993109388,-0.6612739520718671,15.984554285209388
AMMHF,Stayed with low performers,3.3605150362936276,0.4177926418194386,-2.942722394474189,-12.62135911093478
AMMJ,Stayed with low performers,4.80123766570545,4.399738812485341,-0.4014988532201089,-48.78194875332208
AMMPF,Stayed with low performers,0.5563730801296484,0.4177926418194386,-0.13858043831020977,
AMMX,Stayed with low performers,0.5563730801296484,0.4177926418194386,-0.13858043831020977,
AMN,Stayed with high performers,12.303839904689161,17.283602332117475,4.979762427428314,98.26868314399916
AMNC,Mixed/Unstable,10.764483651174297,9.687937675070026,-1.0765459761042706,97.17199465057452
AMNCB,Mixed/Unstable,9.900986298846137,12.336722777635366,2.435736478789229,52.76145658973921
AMNE,Mixed/Unstable,7.341868930653978,7.07983193277311,-0.2620369978808679,
AMNF,Mixed/Unstable,9.299334337987956,12.695617465926517,3.3962831279385615,-3.866777268304333
AMNI,Mixed/Unstable,2.9743435093254154,8.06668726805449,5.092343758729076,129.4009841424029
AMNL,Mixed/Unstable,5.590379559882156,5.350200341875375,-0.240179218006781,-4.765836912640459
AMNNF,Stayed with low performers,0.5563730801296484,0.4177926418194386,-0.13858043831020977,
AMNP,Mixed/Unstable,8.014378245435854,7.284704085388018,-0.7296741600478356,79.16666121547313
AMOSF,Stayed with low performers,0.5563730801296484,0.4177926418194386,-0.13858043831020977,
AMP,Mixed/Unstable,5.385031635031635,4.647480844663943,-0.7375507903676919,86.44989566126596
AMPDF,Stayed with low performers,0.5563730801296484,0.4177926418194386,-0.13858043831020977,
AMPE,Breakout (left high performers),13.420658933944836,2.7466631963471655,-10.67399573759767,276.31318635458564
AMPG,Stayed with low performers,0.5563730801296484,0.4177926418194386,-0.13858043831020977,
AMPGW,Stayed with low performers,0.5563730801296484,0.4177926418194386,-0.13858043831020977,
AMPH,Mixed/Unstable,8.159364192704754,5.915145192140497,-2.2442190005642564,-4.062109003680075
AMPL,Stayed with low performers,0.5563730801296484,0.4177926418194386,-0.13858043831020977,
AMPS,Stayed with low performers,0.5563730801296484,0.4177926418194386,-0.13858043831020977,
AMPX,Stayed with low performers,0.5563730801296484,0.4177926418194386,-0.13858043831020977,
AMPY,Mixed/Unstable,4.460799259911923,7.01365063143295,2.552851371521027,-40.9460969325609
AMQFF,Stayed with low performers,0.5563730801296484,0.4177926418194386,-0.13858043831020977,
AMR,Stayed with low performers,0.5563730801296484,0.4177926418194386,-0.13858043831020977,
AMRC,Mixed/Unstable,4.8008034930477175,7.57674487079576,2.775941377748042,301.92475467933247
AMRK,Mixed/Unstable,12.254652943428454,6.72759025222631,-5.527062691202143,468.3422816683361
AMRN,Mixed/Unstable,11.199856405679697,6.790083823791689,-4.409772581888007,-69.04631099398854
AMROF,Stayed with low performers,0.5563730801296484,0.4177926418194386,-0.13858043831020977,
AMRQF,Stayed with low performers,0.5563730801296484,0.4177926418194386,-0.13858043831020977,
AMRRY,Stayed with low performers,0.5563730801296484,0.4177926418194386,-0.13858043831020977,
AMRU,Mixed/Unstable,13.233753316628444,5.786001314729208,-7.447752001899237,-93.54838744505336
AMRX,Mixed/Unstable,0.5563730801296484,8.004748949021396,7.448375868891747,
AMS,Mixed/Unstable,8.391764729792898,5.551562223973945,-2.8402025058189535,14.07345864139847
AMSC,Mixed/Unstable,6.783335462843186,8.16806233353065,1.3847268706874631,66.02475917346085
AMSF,Mixed/Unstable,7.446095571095571,7.005350292751867,-0.44074527834370425,-11.30390075897347
AMSLF,Stayed with low performers,0.5563730801296484,4.392723525351109,3.836350445221461,
AMSSD,Mixed/Unstable,0.5563730801296484,7.9426820297224054,7.386308949592757,
AMSSY,Mixed/Unstable,0.5563730801296484,7.9426820297224054,7.386308949592757,
AMST,Stayed with low performers,0.5563730801296484,0.4177926418194386,-0.13858043831020977,
AMSU,Mixed/Unstable,11.856326942407001,9.309712188969154,-2.546614753437847,31.99999731779115
AMSWA,Mixed/Unstable,10.949365627896773,8.781835196035688,-2.167530431861085,55.36125897412926
AMSYF,Stayed with low performers,4.244836110605759,3.695972652188727,-0.5488634584170318,98.2685417339908
AMT,Mixed/Unstable,7.115195653430438,10.815772764872703,3.700577111442265,19.972776573398875
AMTB,Mixed/Unstable,0.5563730801296484,6.051958646406452,5.495585566276803,
AMTD,Stayed with low performers,0.5563730801296484,1.7816585125016686,1.2252854323720204,
AMTM,Stayed with low performers,0.5563730801296484,0.4177926418194386,-0.13858043831020977,
AMTX,Mixed/Unstable,5.393377867794242,5.6003906003906,0.20701273259635844,1660.3207635097165
AMTY,Mixed/Unstable,9.028161793507062,7.300420168067227,-1.727741625439835,186.36363890360752
AMVMF,Mixed/Unstable,10.027773887080189,5.442516243214672,-4.585257643865517,22.49866148097244
AMWD,Mixed/Unstable,13.065198041833556,9.151105251370206,-3.91409279046335,-31.58501617052888
AMWK,Mixed/Unstable,14.007768144458792,5.30478323084551,-8.702984913613282,98.74476808099544
AMWL,Stayed with low performers,0.5563730801296484,0.4177926418194386,-0.13858043831020977,
AMX,Mixed/Unstable,3.8273723047634776,5.280338495025644,1.4529661902621664,8.727451924303528
AMXEF,Mixed/Unstable,5.819911493289124,8.501154364870734,2.6812428715816106,131.2232006470313
AMXOF,Mixed/Unstable,5.137523152229034,7.472527472527472,2.335004320298438,38.88895397205532
AMXX,Breakout (left high performers),13.130682248329308,1.8545811760979072,-11.2761010722314,-46.070585811839386
AMYZF,Mixed/Unstable,7.474075463121822,9.750071511840014,2.2759960487181923,354.904235478198
AMZN,Mixed/Unstable,12.134033496807625,9.253600982961023,-2.8804325138466016,85.43426314830951
AN,Mixed/Unstable,5.723522660545561,6.814731335136494,1.0912086745909324,137.25621840002924
ANAB,Stayed with low performers,0.5563730801296484,4.890845070422535,4.3344719902928865,
ANAS,Mixed/Unstable,6.580317625618328,7.552008922976665,0.9716912973583369,1101.141192589713
ANCTF,Mixed/Unstable,13.649861374580475,8.134652286493735,-5.51520908808674,27.58638823812931
ANDC,Stayed with low performers,0.5563730801296484,3.8620784844072666,3.305705404277618,
ANDE,Mixed/Unstable,3.4882752348478867,5.919245747079319,2.4309705122314327,71.38961635277678
ANDHF,Stayed with low performers,0.5563730801296484,0.4177926418194386,-0.13858043831020977,
ANDI,Breakout (left high performers),10.718537946729645,3.144649865961341,-7.573888080768304,-59.34959529940552
ANDMF,Stayed with low performers,0.5563730801296484,0.4177926418194386,-0.13858043831020977,
ANDR,Mixed/Unstable,10.081828006793268,5.4312739036603395,-4.6505541031329285,16.030290924365236
ANEB,Stayed with low performers,0.5563730801296484,0.4177926418194386,-0.13858043831020977,
ANET,Mixed/Unstable,8.732103559842797,8.2455859880279,-0.48651757181489685,45.22466686835431
ANF,Mixed/Unstable,7.065831068714991,6.609027389023656,-0.45680367969133506,139.14629738529362
ANFGF,Mixed/Unstable,3.22630583271631,6.596538634755195,3.3702328020388848,66.46743664622916
ANFIF,Mixed/Unstable,6.261108626383762,7.199781845451137,0.9386732190673754,-93.40798084486713
ANG-PA,Stayed with low performers,0.5563730801296484,0.4177926418194386,-0.13858043831020977,
ANG-PB,Stayed with low performers,0.5563730801296484,0.4177926418194386,-0.13858043831020977,
ANGCF,Mixed/Unstable,8.865241039154084,7.189641835311126,-1.6755992038429577,-23.07692307692309
ANGGF,Breakout (left high performers),13.163379830046495,3.8607373249949837,-9.30264250505151,65.71428717399131
ANGH,Stayed with low performers,0.5563730801296484,0.4177926418194386,-0.13858043831020977,
ANGHW,Stayed with low performers,0.5563730801296484,0.4177926418194386,-0.13858043831020977,
ANGI,Mixed/Unstable,9.417502787068004,7.741356261724564,-1.67614652534344,82.78447241004238
ANGO,Joined high performers,4.264437134502924,11.28186919042061,7.017432055917685,74.92832795751787
ANGPY,Mixed/Unstable,6.766201449745753,11.603432392521464,4.837230942775711,26.534134998859304
ANGVF,Stayed with low performers,0.5563730801296484,0.4177926418194386,-0.13858043831020977,
ANICF,Stayed with low performers,0.5563730801296484,1.3418436976868537,0.7854706175572054,
ANIK,Mixed/Unstable,8.780576614907588,7.784070149799049,-0.9965064651085385,-32.467511897898845
ANIOY,Mixed/Unstable,7.606821980417155,3.822815581107267,-3.7840063993098876,42.98875495873119
ANIP,Mixed/Unstable,9.298193746176763,8.751920783160354,-0.546272963016408,-55.79666493068967
ANIX,Mixed/Unstable,8.970640144628726,7.583181472070361,-1.387458672558365,20.196280064293227
ANKM,Stayed with low performers,0.5563730801296484,0.4177926418194386,-0.13858043831020977,
ANKOF,Mixed/Unstable,6.7078563976938534,5.707737034751253,-1.0001193629426002,-23.053805063337872
ANL,Stayed with low performers,0.5563730801296484,0.4177926418194386,-0.13858043831020977,
ANLBF,Stayed with low performers,4.744251459386619,3.9385624226049756,-0.8056890367816432,-10.718843531849307
ANLDF,Mixed/Unstable,6.612405968676779,6.892790720624293,0.28038475194751467,2.999999329447768
ANMP,Mixed/Unstable,5.461923330136522,5.9501737946514694,0.48825046451494725,
ANNSF,Mixed/Unstable,8.604312000596382,9.107889165055694,0.5035771644593119,
ANNX,Stayed with low performers,0.5563730801296484,0.4177926418194386,-0.13858043831020977,
ANPCF,Stayed with low performers,1.200408694529361,4.235852540467878,3.035443845938517,117.69230980844898
ANPCY,Mixed/Unstable,4.853188993986322,6.727212344165134,1.8740233501788124,
ANPDF,Mixed/Unstable,5.56054066945156,9.215828102887896,3.655287433436336,98.6110881005735
ANPDY,Mixed/Unstable,9.549675857062063,8.79618098796181,-0.753494869100253,94.99950354860502
ANPMF,Stayed with low performers,0.5563730801296484,0.4177926418194386,-0.13858043831020977,
ANRGF,Stayed with low performers,0.5563730801296484,0.4177926418194386,-0.13858043831020977,
ANRO,Stayed with low performers,0.5563730801296484,0.4177926418194386,-0.13858043831020977,
ANSC,Stayed with low performers,0.5563730801296484,0.4177926418194386,-0.13858043831020977,
ANSCU,Stayed with low performers,0.5563730801296484,0.4177926418194386,-0.13858043831020977,
ANSCW,Stayed with low performers,0.5563730801296484,0.4177926418194386,-0.13858043831020977,
ANSLF,Mixed/Unstable,7.9633040570540565,4.315380453494663,-3.647923603559393,43.433735147410566
ANSLY,Mixed/Unstable,6.958006300349294,9.775341806581379,2.8173355062320846,31.45415406352219
ANSNF,Stayed with low performers,0.5563730801296484,0.4177926418194386,-0.13858043831020977,
ANSS,Stayed with high performers,10.386449969783303,14.467877480679896,4.081427510896592,56.523951011871375
ANSU,Mixed/Unstable,8.710861437298426,8.858393184715355,0.1475317474169291,-96.07843161312422
ANTCF,Stayed with low performers,0.5563730801296484,0.4177926418194386,-0.13858043831020977,
ANTE,Breakout (left high performers),11.236378681480373,4.095363181882063,-7.14101549959831,126.00177705699738
ANTGF,Stayed with low performers,0.5563730801296484,3.719597632641111,3.1632245525114624,
ANTH,Mixed/Unstable,9.184376482440568,5.5597854805601274,-3.6245910018804404,-98.4853362118372
ANTI,Stayed with low performers,0.5563730801296484,0.4177926418194386,-0.13858043831020977,
ANTMF,Mixed/Unstable,9.669254907350144,7.771708196704796,-1.897546710645348,994.8305935810793
ANTVF,Stayed with low performers,0.5563730801296484,0.4177926418194386,-0.13858043831020977,
ANTX,Stayed with low performers,0.5563730801296484,0.4177926418194386,-0.13858043831020977,
ANVI,Stayed with low performers,0.5563730801296484,0.4177926418194386,-0.13858043831020977,
ANVS,Stayed with low performers,0.5563730801296484,0.4177926418194386,-0.13858043831020977,
ANY,Mixed/Unstable,4.793180966654178,5.483405483405484,0.6902245167513064,443.44829460508254
ANYCF,Stayed with low performers,0.5563730801296484,0.4177926418194386,-0.13858043831020977,
ANYYY,Stayed with low performers,0.5563730801296484,0.4177926418194386,-0.13858043831020977,
ANZFF,Breakout (left high performers),10.722033741835723,3.20336400661515,-7.518669735220573,-39.027120446771576
ANZGY,Stayed with low performers,3.297781398297285,4.154461021413812,0.8566796231165266,5.310801323751056
ANZLY,Stayed with low performers,0.5563730801296484,3.8696503052650666,3.313277225135418,
AOAO,Mixed/Unstable,7.045769764216367,8.440672050130255,1.3949022859138882,90.9158281112492
AOBI,Mixed/Unstable,5.568729202657636,6.295221788405429,0.7264925857477929,-45.0
AOCIF,Mixed/Unstable,4.587994859529505,5.388157999857647,0.8001631403281424,468.8939388030379
AOECF,Breakout (left high performers),10.104498649974744,0.4177926418194386,-9.686706008155305,-33.05084266322859
AOGC,Mixed/Unstable,8.860627055721489,5.974124809741248,-2.8865022459802407,11.111105635964224
AOGO,Stayed with low performers,0.5563730801296484,0.4177926418194386,-0.13858043831020977,
AOGOW,Stayed with low performers,0.5563730801296484,0.4177926418194386,-0.13858043831020977,
AOHLF,Stayed with low performers,0.5563730801296484,0.4177926418194386,-0.13858043831020977,
AOIFF,Mixed/Unstable,6.006719962924342,5.45876887340302,-0.5479510895213222,63.49557451667506
AOLS,Mixed/Unstable,7.3623544274696995,5.7004170956416145,-1.661937331828085,-27.862943205791463
AOMFF,Mixed/Unstable,6.545998636560905,4.289834191092761,-2.256164445468144,-9.580117643640936
AOMN,Stayed with low performers,0.5563730801296484,0.4177926418194386,-0.13858043831020977,
AOMR,Stayed with low performers,0.5563730801296484,0.4177926418194386,-0.13858043831020977,
AON,Mixed/Unstable,6.172173414820473,11.290104694360013,5.1179312795395395,51.782535221939575
AONC,Stayed with low performers,0.5563730801296484,0.4177926418194386,-0.13858043831020977,
AONCW,Stayed with low performers,0.5563730801296484,0.4177926418194386,-0.13858043831020977,
AONNY,Mixed/Unstable,8.888403263403264,11.509522575432934,2.62111931202967,26.90087619836073
AOOO,Stayed with low performers,1.8209799891286018,2.157507092175729,0.3365271030471273,3899.999999999499
AOREF,Mixed/Unstable,6.203049061504944,9.021129356150782,2.8180802946458376,-27.75953412245311
AORT,Mixed/Unstable,5.076469701464231,7.475225998711745,2.3987562972475143,-6.023040449858498
AOS,Mixed/Unstable,9.985945233684326,8.44297618603649,-1.542969047647837,24.78364293371947
AOSL,Mixed/Unstable,7.64891765517352,7.118816354190197,-0.5301013009833229,148.3734755669319
AOTOF,Mixed/Unstable,8.797223064738988,4.404685494223363,-4.392537570515625,-21.42857218883475
AOTUF,Mixed/Unstable,8.002417948577042,5.096279866867059,-2.906138081709983,15.533989347087232
AOTVF,Mixed/Unstable,5.421441736426445,5.868968398946855,0.44752666252040996,114.9367098635616
AOUT,Stayed with low performers,0.5563730801296484,0.4177926418194386,-0.13858043831020977,
AOVTF,Mixed/Unstable,6.890266443842907,0.4177926418194386,-6.472473802023468,1299.9999854480743
AOXG,Mixed/Unstable,8.667444827848215,6.645667713779169,-2.021777114069046,-79.16018707871187
AOXY,Breakout (left high performers),11.013360927260065,4.524487857821192,-6.488873069438873,273.88911879303225
AOZOY,Mixed/Unstable,7.0321395120281265,4.212611578150576,-2.8195279338775503,-0.515422676986444
AP,Mixed/Unstable,6.273415676980295,5.595361751763966,-0.6780539252163287,26.9312749617076
APA,Mixed/Unstable,5.162660167791327,3.047606908418839,-2.1150532593724884,-0.7477976495158704
APAAF,Stayed with low performers,0.5563730801296484,0.4177926418194386,-0.13858043831020977,
APAJF,Mixed/Unstable,6.929103111287989,7.528280405978248,0.5991772946902589,-21.5605723764339
APAM,Mixed/Unstable,5.407930238333345,3.7250010624623626,-1.6829291758709828,87.42611842359555
APCFF,Mixed/Unstable,6.5092055228994985,5.184723068303865,-1.3244824545956337,0.0
APCOF,Mixed/Unstable,6.317137046158813,5.62109470652209,-0.6960423396367235,155.5621664746033
APCX,Mixed/Unstable,9.235756428638235,4.297102863341743,-4.938653565296492,621.4285584736847
APCXW,Stayed with low performers,0.5563730801296484,0.4177926418194386,-0.13858043831020977,
APD,Mixed/Unstable,9.337778492007347,9.297924297924297,-0.03985419408305013,22.20373720800442
APDN,Mixed/Unstable,8.975259751320047,4.228164731896075,-4.7470950194239725,-41.542792964626
APEI,Mixed/Unstable,6.571742101836402,3.9818500499615053,-2.5898920518748967,18.48096951154169
APELY,Mixed/Unstable,9.961959816212321,4.468272529400687,-5.493687286811634,-46.12006031061943
APEMY,Breakout (left high performers),10.73320346080375,2.8470216065496428,-7.886181854254108,118.01342007969632
APEOF,Mixed/Unstable,5.988762994092943,6.235921502999875,0.24715850890693147,-25.92592653914242
APETF,Stayed with low performers,0.5563730801296484,0.4177926418194386,-0.13858043831020977,
APEUF,Stayed with low performers,0.5563730801296484,0.4177926418194386,-0.13858043831020977,
APG,Stayed with low performers,0.5563730801296484,0.4177926418194386,-0.13858043831020977,
APGE,Stayed with low performers,0.5563730801296484,0.4177926418194386,-0.13858043831020977,
APGI,Mixed/Unstable,12.411063651076558,7.51712735791119,-4.8939362931653685,98.54014168828778
APGMF,Stayed with low performers,4.810625530323059,4.3813999917441455,-0.42922553857891366,60.42806911520963
APGOF,Stayed with low performers,0.5563730801296484,0.4177926418194386,-0.13858043831020977,
APH,Mixed/Unstable,5.357510536018843,11.287315500345649,5.929804964326806,49.603671730453534
APHD,Mixed/Unstable,6.911551267822079,5.640771265771266,-1.270780002050813,800.2777973884422
APHP,Mixed/Unstable,12.303854875283447,6.194035590530781,-6.109819284752666,212.51999679942952
