Security,Block_ID,Cluster_ID,Total_Blocks_Appeared,Unique_Clusters,Cluster_Changes,Stability_Score,Percent_Return
JPEX,0,34,10,9,8,0.11111111111111116,6593.616708526118
JPEX,1,56,10,9,8,0.11111111111111116,6593.616708526118
JPEX,2,22,10,9,8,0.11111111111111116,6593.616708526118
JPEX,3,55,10,9,8,0.11111111111111116,6593.616708526118
JPEX,4,24,10,9,8,0.11111111111111116,6593.616708526118
JPEX,5,24,10,9,8,0.11111111111111116,6593.616708526118
JPEX,6,29,10,9,8,0.11111111111111116,6593.616708526118
JPEX,7,11,10,9,8,0.11111111111111116,6593.616708526118
JPEX,8,32,10,9,8,0.11111111111111116,6593.616708526118
JPEX,9,6,10,9,8,0.11111111111111116,6593.616708526118
KAST,0,34,10,10,9,0.0,5962.074906276221
KAST,1,0,10,10,9,0.0,5962.074906276221
KAST,2,47,10,10,9,0.0,5962.074906276221
KAST,3,22,10,10,9,0.0,5962.074906276221
KAST,4,42,10,10,9,0.0,5962.074906276221
KAST,5,64,10,10,9,0.0,5962.074906276221
KAST,6,40,10,10,9,0.0,5962.074906276221
KAST,7,6,10,10,9,0.0,5962.074906276221
KAST,8,4,10,10,9,0.0,5962.074906276221
KAST,9,20,10,10,9,0.0,5962.074906276221
AMEUF,0,5,10,8,9,0.0,9968.142918178151
AMEUF,1,34,10,8,9,0.0,9968.142918178151
AMEUF,2,50,10,8,9,0.0,9968.142918178151
AMEUF,3,60,10,8,9,0.0,9968.142918178151
AMEUF,4,30,10,8,9,0.0,9968.142918178151
AMEUF,5,50,10,8,9,0.0,9968.142918178151
AMEUF,6,11,10,8,9,0.0,9968.142918178151
AMEUF,7,7,10,8,9,0.0,9968.142918178151
AMEUF,8,58,10,8,9,0.0,9968.142918178151
AMEUF,9,50,10,8,9,0.0,9968.142918178151
XEPRF,0,5,10,10,9,0.0,9900.000029103749
XEPRF,1,32,10,10,9,0.0,9900.000029103749
XEPRF,2,48,10,10,9,0.0,9900.000029103749
XEPRF,3,50,10,10,9,0.0,9900.000029103749
XEPRF,4,42,10,10,9,0.0,9900.000029103749
XEPRF,5,38,10,10,9,0.0,9900.000029103749
XEPRF,6,40,10,10,9,0.0,9900.000029103749
XEPRF,7,68,10,10,9,0.0,9900.000029103749
XEPRF,8,18,10,10,9,0.0,9900.000029103749
XEPRF,9,35,10,10,9,0.0,9900.000029103749
SFRFF,0,21,10,10,9,0.0,18800.000036379763
SFRFF,1,54,10,10,9,0.0,18800.000036379763
SFRFF,2,14,10,10,9,0.0,18800.000036379763
SFRFF,3,47,10,10,9,0.0,18800.000036379763
SFRFF,4,12,10,10,9,0.0,18800.000036379763
SFRFF,5,28,10,10,9,0.0,18800.000036379763
SFRFF,6,45,10,10,9,0.0,18800.000036379763
SFRFF,7,68,10,10,9,0.0,18800.000036379763
SFRFF,8,38,10,10,9,0.0,18800.000036379763
SFRFF,9,35,10,10,9,0.0,18800.000036379763
AGSS,0,13,10,9,9,0.0,33636.53894090793
AGSS,1,57,10,9,9,0.0,33636.53894090793
AGSS,2,10,10,9,9,0.0,33636.53894090793
AGSS,3,43,10,9,9,0.0,33636.53894090793
AGSS,4,53,10,9,9,0.0,33636.53894090793
AGSS,5,11,10,9,9,0.0,33636.53894090793
AGSS,6,23,10,9,9,0.0,33636.53894090793
AGSS,7,47,10,9,9,0.0,33636.53894090793
AGSS,8,64,10,9,9,0.0,33636.53894090793
AGSS,9,53,10,9,9,0.0,33636.53894090793
FLMTF,0,13,10,10,9,0.0,122350.00165091478
FLMTF,1,2,10,10,9,0.0,122350.00165091478
FLMTF,2,24,10,10,9,0.0,122350.00165091478
FLMTF,3,9,10,10,9,0.0,122350.00165091478
FLMTF,4,1,10,10,9,0.0,122350.00165091478
FLMTF,5,65,10,10,9,0.0,122350.00165091478
FLMTF,6,23,10,10,9,0.0,122350.00165091478
FLMTF,7,0,10,10,9,0.0,122350.00165091478
FLMTF,8,35,10,10,9,0.0,122350.00165091478
FLMTF,9,68,10,10,9,0.0,122350.00165091478
SEGI,0,13,10,9,9,0.0,9336.500217736553
SEGI,1,57,10,9,9,0.0,9336.500217736553
SEGI,2,49,10,9,9,0.0,9336.500217736553
SEGI,3,48,10,9,9,0.0,9336.500217736553
SEGI,4,63,10,9,9,0.0,9336.500217736553
SEGI,5,36,10,9,9,0.0,9336.500217736553
SEGI,6,57,10,9,9,0.0,9336.500217736553
SEGI,7,65,10,9,9,0.0,9336.500217736553
SEGI,8,68,10,9,9,0.0,9336.500217736553
SEGI,9,24,10,9,9,0.0,9336.500217736553
VRSEF,0,13,10,9,9,0.0,11939.999287538885
VRSEF,1,33,10,9,9,0.0,11939.999287538885
VRSEF,2,23,10,9,9,0.0,11939.999287538885
VRSEF,3,8,10,9,9,0.0,11939.999287538885
VRSEF,4,13,10,9,9,0.0,11939.999287538885
VRSEF,5,48,10,9,9,0.0,11939.999287538885
VRSEF,6,55,10,9,9,0.0,11939.999287538885
VRSEF,7,0,10,9,9,0.0,11939.999287538885
VRSEF,8,66,10,9,9,0.0,11939.999287538885
VRSEF,9,32,10,9,9,0.0,11939.999287538885
IONAF,0,15,10,10,9,0.0,6270.000270665591
IONAF,1,46,10,10,9,0.0,6270.000270665591
IONAF,2,10,10,10,9,0.0,6270.000270665591
IONAF,3,44,10,10,9,0.0,6270.000270665591
IONAF,4,13,10,10,9,0.0,6270.000270665591
IONAF,5,23,10,10,9,0.0,6270.000270665591
IONAF,6,45,10,10,9,0.0,6270.000270665591
IONAF,7,61,10,10,9,0.0,6270.000270665591
IONAF,8,38,10,10,9,0.0,6270.000270665591
IONAF,9,35,10,10,9,0.0,6270.000270665591
MWWC,0,15,10,9,9,0.0,6948.9132431716125
MWWC,1,3,10,9,9,0.0,6948.9132431716125
MWWC,2,45,10,9,9,0.0,6948.9132431716125
MWWC,3,50,10,9,9,0.0,6948.9132431716125
MWWC,4,13,10,9,9,0.0,6948.9132431716125
MWWC,5,40,10,9,9,0.0,6948.9132431716125
MWWC,6,45,10,9,9,0.0,6948.9132431716125
MWWC,7,19,10,9,9,0.0,6948.9132431716125
MWWC,8,29,10,9,9,0.0,6948.9132431716125
MWWC,9,6,10,9,9,0.0,6948.9132431716125
UREQF,0,36,10,10,9,0.0,27559.999308494447
UREQF,1,44,10,10,9,0.0,27559.999308494447
UREQF,2,21,10,10,9,0.0,27559.999308494447
UREQF,3,47,10,10,9,0.0,27559.999308494447
UREQF,4,48,10,10,9,0.0,27559.999308494447
UREQF,5,13,10,10,9,0.0,27559.999308494447
UREQF,6,66,10,10,9,0.0,27559.999308494447
UREQF,7,15,10,10,9,0.0,27559.999308494447
UREQF,8,37,10,10,9,0.0,27559.999308494447
UREQF,9,32,10,10,9,0.0,27559.999308494447
CDNO,0,52,10,10,9,0.0,13600.000170257343
CDNO,1,61,10,10,9,0.0,13600.000170257343
CDNO,2,24,10,10,9,0.0,13600.000170257343
CDNO,3,18,10,10,9,0.0,13600.000170257343
CDNO,4,31,10,10,9,0.0,13600.000170257343
CDNO,5,13,10,10,9,0.0,13600.000170257343
CDNO,6,46,10,10,9,0.0,13600.000170257343
CDNO,7,62,10,10,9,0.0,13600.000170257343
CDNO,8,68,10,10,9,0.0,13600.000170257343
CDNO,9,63,10,10,9,0.0,13600.000170257343
PUGE,0,52,10,10,9,0.0,8270.000335421622
PUGE,1,50,10,10,9,0.0,8270.000335421622
PUGE,2,13,10,10,9,0.0,8270.000335421622
PUGE,3,33,10,10,9,0.0,8270.000335421622
PUGE,4,27,10,10,9,0.0,8270.000335421622
PUGE,5,29,10,10,9,0.0,8270.000335421622
PUGE,6,28,10,10,9,0.0,8270.000335421622
PUGE,7,69,10,10,9,0.0,8270.000335421622
PUGE,8,60,10,10,9,0.0,8270.000335421622
PUGE,9,8,10,10,9,0.0,8270.000335421622
ACCD,0,61,10,10,9,0.0,7345.454245362405
ACCD,1,3,10,10,9,0.0,7345.454245362405
ACCD,2,46,10,10,9,0.0,7345.454245362405
ACCD,3,50,10,10,9,0.0,7345.454245362405
ACCD,4,13,10,10,9,0.0,7345.454245362405
ACCD,5,42,10,10,9,0.0,7345.454245362405
ACCD,6,45,10,10,9,0.0,7345.454245362405
ACCD,7,68,10,10,9,0.0,7345.454245362405
ACCD,8,38,10,10,9,0.0,7345.454245362405
ACCD,9,35,10,10,9,0.0,7345.454245362405
AECFF,0,61,10,10,9,0.0,24900.00007275912
AECFF,1,3,10,10,9,0.0,24900.00007275912
AECFF,2,46,10,10,9,0.0,24900.00007275912
AECFF,3,50,10,10,9,0.0,24900.00007275912
AECFF,4,13,10,10,9,0.0,24900.00007275912
AECFF,5,42,10,10,9,0.0,24900.00007275912
AECFF,6,45,10,10,9,0.0,24900.00007275912
AECFF,7,68,10,10,9,0.0,24900.00007275912
AECFF,8,58,10,10,9,0.0,24900.00007275912
AECFF,9,35,10,10,9,0.0,24900.00007275912
AFFN,0,61,10,10,9,0.0,99900.0002910375
AFFN,1,5,10,10,9,0.0,99900.0002910375
AFFN,2,56,10,10,9,0.0,99900.0002910375
AFFN,3,50,10,10,9,0.0,99900.0002910375
AFFN,4,13,10,10,9,0.0,99900.0002910375
AFFN,5,42,10,10,9,0.0,99900.0002910375
AFFN,6,45,10,10,9,0.0,99900.0002910375
AFFN,7,68,10,10,9,0.0,99900.0002910375
AFFN,8,38,10,10,9,0.0,99900.0002910375
AFFN,9,35,10,10,9,0.0,99900.0002910375
APTY,0,61,10,9,9,0.0,5921.666627838327
APTY,1,3,10,9,9,0.0,5921.666627838327
APTY,2,55,10,9,9,0.0,5921.666627838327
APTY,3,40,10,9,9,0.0,5921.666627838327
APTY,4,25,10,9,9,0.0,5921.666627838327
APTY,5,11,10,9,9,0.0,5921.666627838327
APTY,6,60,10,9,9,0.0,5921.666627838327
APTY,7,37,10,9,9,0.0,5921.666627838327
APTY,8,60,10,9,9,0.0,5921.666627838327
APTY,9,35,10,9,9,0.0,5921.666627838327
APWL,0,61,10,10,9,0.0,116400.00285363062
APWL,1,3,10,10,9,0.0,116400.00285363062
APWL,2,46,10,10,9,0.0,116400.00285363062
APWL,3,50,10,10,9,0.0,116400.00285363062
APWL,4,1,10,10,9,0.0,116400.00285363062
APWL,5,42,10,10,9,0.0,116400.00285363062
APWL,6,62,10,10,9,0.0,116400.00285363062
APWL,7,25,10,10,9,0.0,116400.00285363062
APWL,8,38,10,10,9,0.0,116400.00285363062
APWL,9,35,10,10,9,0.0,116400.00285363062
AQBN,0,61,10,10,9,0.0,19900.000058207603
AQBN,1,3,10,10,9,0.0,19900.000058207603
AQBN,2,46,10,10,9,0.0,19900.000058207603
AQBN,3,50,10,10,9,0.0,19900.000058207603
AQBN,4,13,10,10,9,0.0,19900.000058207603
AQBN,5,42,10,10,9,0.0,19900.000058207603
AQBN,6,45,10,10,9,0.0,19900.000058207603
AQBN,7,68,10,10,9,0.0,19900.000058207603
AQBN,8,38,10,10,9,0.0,19900.000058207603
AQBN,9,35,10,10,9,0.0,19900.000058207603
AQFD,0,61,10,10,9,0.0,91900.00250292945
AQFD,1,3,10,10,9,0.0,91900.00250292945
AQFD,2,46,10,10,9,0.0,91900.00250292945
AQFD,3,50,10,10,9,0.0,91900.00250292945
AQFD,4,13,10,10,9,0.0,91900.00250292945
AQFD,5,42,10,10,9,0.0,91900.00250292945
AQFD,6,45,10,10,9,0.0,91900.00250292945
AQFD,7,68,10,10,9,0.0,91900.00250292945
AQFD,8,38,10,10,9,0.0,91900.00250292945
AQFD,9,35,10,10,9,0.0,91900.00250292945
BSSMF,0,61,10,9,9,0.0,8595.65202250715
BSSMF,1,3,10,9,9,0.0,8595.65202250715
BSSMF,2,32,10,9,9,0.0,8595.65202250715
BSSMF,3,46,10,9,9,0.0,8595.65202250715
BSSMF,4,58,10,9,9,0.0,8595.65202250715
BSSMF,5,43,10,9,9,0.0,8595.65202250715
BSSMF,6,45,10,9,9,0.0,8595.65202250715
BSSMF,7,48,10,9,9,0.0,8595.65202250715
BSSMF,8,58,10,9,9,0.0,8595.65202250715
BSSMF,9,17,10,9,9,0.0,8595.65202250715
CDID,0,61,10,9,8,0.11111111111111116,19900.000058207603
CDID,1,61,10,9,8,0.11111111111111116,19900.000058207603
CDID,2,36,10,9,8,0.11111111111111116,19900.000058207603
CDID,3,26,10,9,8,0.11111111111111116,19900.000058207603
CDID,4,24,10,9,8,0.11111111111111116,19900.000058207603
CDID,5,42,10,9,8,0.11111111111111116,19900.000058207603
CDID,6,62,10,9,8,0.11111111111111116,19900.000058207603
CDID,7,68,10,9,8,0.11111111111111116,19900.000058207603
CDID,8,38,10,9,8,0.11111111111111116,19900.000058207603
CDID,9,35,10,9,8,0.11111111111111116,19900.000058207603
CGAM,0,61,10,10,9,0.0,10900.000218278381
CGAM,1,11,10,10,9,0.0,10900.000218278381
CGAM,2,19,10,10,9,0.0,10900.000218278381
CGAM,3,47,10,10,9,0.0,10900.000218278381
CGAM,4,17,10,10,9,0.0,10900.000218278381
CGAM,5,42,10,10,9,0.0,10900.000218278381
CGAM,6,45,10,10,9,0.0,10900.000218278381
CGAM,7,68,10,10,9,0.0,10900.000218278381
CGAM,8,38,10,10,9,0.0,10900.000218278381
CGAM,9,10,10,10,9,0.0,10900.000218278381
EEENF,0,61,10,10,9,0.0,21194.00053769324
EEENF,1,3,10,10,9,0.0,21194.00053769324
EEENF,2,46,10,10,9,0.0,21194.00053769324
EEENF,3,50,10,10,9,0.0,21194.00053769324
EEENF,4,13,10,10,9,0.0,21194.00053769324
EEENF,5,42,10,10,9,0.0,21194.00053769324
EEENF,6,45,10,10,9,0.0,21194.00053769324
EEENF,7,68,10,10,9,0.0,21194.00053769324
EEENF,8,38,10,10,9,0.0,21194.00053769324
EEENF,9,35,10,10,9,0.0,21194.00053769324
GRXXF,0,61,10,10,9,0.0,63552.630654035805
GRXXF,1,3,10,10,9,0.0,63552.630654035805
GRXXF,2,46,10,10,9,0.0,63552.630654035805
GRXXF,3,50,10,10,9,0.0,63552.630654035805
GRXXF,4,13,10,10,9,0.0,63552.630654035805
GRXXF,5,42,10,10,9,0.0,63552.630654035805
GRXXF,6,55,10,10,9,0.0,63552.630654035805
GRXXF,7,8,10,10,9,0.0,63552.630654035805
GRXXF,8,1,10,10,9,0.0,63552.630654035805
GRXXF,9,6,10,10,9,0.0,63552.630654035805
HTHL,0,61,10,10,9,0.0,29900.000087311448
HTHL,1,3,10,10,9,0.0,29900.000087311448
HTHL,2,46,10,10,9,0.0,29900.000087311448
HTHL,3,50,10,10,9,0.0,29900.000087311448
HTHL,4,13,10,10,9,0.0,29900.000087311448
HTHL,5,42,10,10,9,0.0,29900.000087311448
HTHL,6,45,10,10,9,0.0,29900.000087311448
HTHL,7,68,10,10,9,0.0,29900.000087311448
HTHL,8,38,10,10,9,0.0,29900.000087311448
HTHL,9,35,10,10,9,0.0,29900.000087311448
INSD,0,61,10,10,9,0.0,9170.050949869621
INSD,1,3,10,10,9,0.0,9170.050949869621
INSD,2,46,10,10,9,0.0,9170.050949869621
INSD,3,50,10,10,9,0.0,9170.050949869621
INSD,4,13,10,10,9,0.0,9170.050949869621
INSD,5,42,10,10,9,0.0,9170.050949869621
INSD,6,45,10,10,9,0.0,9170.050949869621
INSD,7,68,10,10,9,0.0,9170.050949869621
INSD,8,38,10,10,9,0.0,9170.050949869621
INSD,9,35,10,10,9,0.0,9170.050949869621
IVBT,0,61,10,9,9,0.0,49899.99956538334
IVBT,1,3,10,9,9,0.0,49899.99956538334
IVBT,2,46,10,9,9,0.0,49899.99956538334
IVBT,3,50,10,9,9,0.0,49899.99956538334
IVBT,4,13,10,9,9,0.0,49899.99956538334
IVBT,5,10,10,9,9,0.0,49899.99956538334
IVBT,6,59,10,9,9,0.0,49899.99956538334
IVBT,7,0,10,9,9,0.0,49899.99956538334
IVBT,8,59,10,9,9,0.0,49899.99956538334
IVBT,9,18,10,9,9,0.0,49899.99956538334
LRCFF,0,61,10,10,9,0.0,121900.00445288615
LRCFF,1,3,10,10,9,0.0,121900.00445288615
LRCFF,2,46,10,10,9,0.0,121900.00445288615
LRCFF,3,50,10,10,9,0.0,121900.00445288615
LRCFF,4,13,10,10,9,0.0,121900.00445288615
LRCFF,5,42,10,10,9,0.0,121900.00445288615
LRCFF,6,45,10,10,9,0.0,121900.00445288615
LRCFF,7,67,10,10,9,0.0,121900.00445288615
LRCFF,8,17,10,10,9,0.0,121900.00445288615
LRCFF,9,10,10,10,9,0.0,121900.00445288615
MDAW,0,61,10,8,8,0.11111111111111116,7400.000254658443
MDAW,1,49,10,8,8,0.11111111111111116,7400.000254658443
MDAW,2,38,10,8,8,0.11111111111111116,7400.000254658443
MDAW,3,47,10,8,8,0.11111111111111116,7400.000254658443
MDAW,4,44,10,8,8,0.11111111111111116,7400.000254658443
MDAW,5,68,10,8,8,0.11111111111111116,7400.000254658443
MDAW,6,68,10,8,8,0.11111111111111116,7400.000254658443
MDAW,7,41,10,8,8,0.11111111111111116,7400.000254658443
MDAW,8,38,10,8,8,0.11111111111111116,7400.000254658443
MDAW,9,4,10,8,8,0.11111111111111116,7400.000254658443
MNIZ,0,61,10,8,8,0.11111111111111116,108299.9954830913
MNIZ,1,46,10,8,8,0.11111111111111116,108299.9954830913
MNIZ,2,53,10,8,8,0.11111111111111116,108299.9954830913
MNIZ,3,8,10,8,8,0.11111111111111116,108299.9954830913
MNIZ,4,64,10,8,8,0.11111111111111116,108299.9954830913
MNIZ,5,65,10,8,8,0.11111111111111116,108299.9954830913
MNIZ,6,15,10,8,8,0.11111111111111116,108299.9954830913
MNIZ,7,15,10,8,8,0.11111111111111116,108299.9954830913
MNIZ,8,14,10,8,8,0.11111111111111116,108299.9954830913
MNIZ,9,8,10,8,8,0.11111111111111116,108299.9954830913
MOOIF,0,61,10,10,9,0.0,14660.000724685338
MOOIF,1,3,10,10,9,0.0,14660.000724685338
MOOIF,2,46,10,10,9,0.0,14660.000724685338
MOOIF,3,50,10,10,9,0.0,14660.000724685338
MOOIF,4,13,10,10,9,0.0,14660.000724685338
MOOIF,5,42,10,10,9,0.0,14660.000724685338
MOOIF,6,45,10,10,9,0.0,14660.000724685338
MOOIF,7,26,10,10,9,0.0,14660.000724685338
MOOIF,8,48,10,10,9,0.0,14660.000724685338
MOOIF,9,19,10,10,9,0.0,14660.000724685338
MZPS,0,61,10,10,9,0.0,8900.000072759125
MZPS,1,3,10,10,9,0.0,8900.000072759125
MZPS,2,46,10,10,9,0.0,8900.000072759125
MZPS,3,50,10,10,9,0.0,8900.000072759125
MZPS,4,13,10,10,9,0.0,8900.000072759125
MZPS,5,42,10,10,9,0.0,8900.000072759125
MZPS,6,45,10,10,9,0.0,8900.000072759125
MZPS,7,68,10,10,9,0.0,8900.000072759125
MZPS,8,38,10,10,9,0.0,8900.000072759125
MZPS,9,35,10,10,9,0.0,8900.000072759125
NHLG,0,61,10,9,9,0.0,1415700.0409636418
NHLG,1,17,10,9,9,0.0,1415700.0409636418
NHLG,2,44,10,9,9,0.0,1415700.0409636418
NHLG,3,47,10,9,9,0.0,1415700.0409636418
NHLG,4,14,10,9,9,0.0,1415700.0409636418
NHLG,5,42,10,9,9,0.0,1415700.0409636418
NHLG,6,40,10,9,9,0.0,1415700.0409636418
NHLG,7,68,10,9,9,0.0,1415700.0409636418
NHLG,8,17,10,9,9,0.0,1415700.0409636418
NHLG,9,0,10,9,9,0.0,1415700.0409636418
OFSTF,0,61,10,10,9,0.0,17510.489582859158
OFSTF,1,3,10,10,9,0.0,17510.489582859158
OFSTF,2,9,10,10,9,0.0,17510.489582859158
OFSTF,3,50,10,10,9,0.0,17510.489582859158
OFSTF,4,13,10,10,9,0.0,17510.489582859158
OFSTF,5,42,10,10,9,0.0,17510.489582859158
OFSTF,6,29,10,10,9,0.0,17510.489582859158
OFSTF,7,67,10,10,9,0.0,17510.489582859158
OFSTF,8,37,10,10,9,0.0,17510.489582859158
OFSTF,9,58,10,10,9,0.0,17510.489582859158
OPORF,0,61,10,10,9,0.0,28915.543749421
OPORF,1,3,10,10,9,0.0,28915.543749421
OPORF,2,46,10,10,9,0.0,28915.543749421
OPORF,3,50,10,10,9,0.0,28915.543749421
OPORF,4,13,10,10,9,0.0,28915.543749421
OPORF,5,42,10,10,9,0.0,28915.543749421
OPORF,6,45,10,10,9,0.0,28915.543749421
OPORF,7,68,10,10,9,0.0,28915.543749421
OPORF,8,38,10,10,9,0.0,28915.543749421
OPORF,9,35,10,10,9,0.0,28915.543749421
PECN,0,61,10,9,9,0.0,99900.000291038
PECN,1,17,10,9,9,0.0,99900.000291038
PECN,2,14,10,9,9,0.0,99900.000291038
PECN,3,0,10,9,9,0.0,99900.000291038
PECN,4,17,10,9,9,0.0,99900.000291038
PECN,5,27,10,9,9,0.0,99900.000291038
PECN,6,21,10,9,9,0.0,99900.000291038
PECN,7,68,10,9,9,0.0,99900.000291038
PECN,8,43,10,9,9,0.0,99900.000291038
PECN,9,35,10,9,9,0.0,99900.000291038
PGAI,0,61,10,10,9,0.0,12799.99937834544
PGAI,1,3,10,10,9,0.0,12799.99937834544
PGAI,2,46,10,10,9,0.0,12799.99937834544
PGAI,3,50,10,10,9,0.0,12799.99937834544
PGAI,4,14,10,10,9,0.0,12799.99937834544
PGAI,5,42,10,10,9,0.0,12799.99937834544
PGAI,6,45,10,10,9,0.0,12799.99937834544
PGAI,7,68,10,10,9,0.0,12799.99937834544
PGAI,8,38,10,10,9,0.0,12799.99937834544
PGAI,9,69,10,10,9,0.0,12799.99937834544
PTZH,0,61,10,10,9,0.0,6249.999810010199
PTZH,1,3,10,10,9,0.0,6249.999810010199
PTZH,2,46,10,10,9,0.0,6249.999810010199
PTZH,3,50,10,10,9,0.0,6249.999810010199
PTZH,4,13,10,10,9,0.0,6249.999810010199
PTZH,5,42,10,10,9,0.0,6249.999810010199
PTZH,6,45,10,10,9,0.0,6249.999810010199
PTZH,7,68,10,10,9,0.0,6249.999810010199
PTZH,8,38,10,10,9,0.0,6249.999810010199
PTZH,9,35,10,10,9,0.0,6249.999810010199
REVXF,0,61,10,10,9,0.0,12872.508208440098
REVXF,1,3,10,10,9,0.0,12872.508208440098
REVXF,2,46,10,10,9,0.0,12872.508208440098
REVXF,3,50,10,10,9,0.0,12872.508208440098
REVXF,4,13,10,10,9,0.0,12872.508208440098
REVXF,5,42,10,10,9,0.0,12872.508208440098
REVXF,6,45,10,10,9,0.0,12872.508208440098
REVXF,7,68,10,10,9,0.0,12872.508208440098
REVXF,8,38,10,10,9,0.0,12872.508208440098
REVXF,9,35,10,10,9,0.0,12872.508208440098
RGVNF,0,61,10,10,9,0.0,79900.00582076614
RGVNF,1,3,10,10,9,0.0,79900.00582076614
RGVNF,2,46,10,10,9,0.0,79900.00582076614
RGVNF,3,50,10,10,9,0.0,79900.00582076614
RGVNF,4,13,10,10,9,0.0,79900.00582076614
RGVNF,5,42,10,10,9,0.0,79900.00582076614
RGVNF,6,45,10,10,9,0.0,79900.00582076614
RGVNF,7,68,10,10,9,0.0,79900.00582076614
RGVNF,8,38,10,10,9,0.0,79900.00582076614
RGVNF,9,35,10,10,9,0.0,79900.00582076614
SVNJ,0,61,10,10,9,0.0,1979900.0690924954
SVNJ,1,3,10,10,9,0.0,1979900.0690924954
SVNJ,2,36,10,10,9,0.0,1979900.0690924954
SVNJ,3,45,10,10,9,0.0,1979900.0690924954
SVNJ,4,14,10,10,9,0.0,1979900.0690924954
SVNJ,5,65,10,10,9,0.0,1979900.0690924954
SVNJ,6,24,10,10,9,0.0,1979900.0690924954
SVNJ,7,68,10,10,9,0.0,1979900.0690924954
SVNJ,8,38,10,10,9,0.0,1979900.0690924954
SVNJ,9,35,10,10,9,0.0,1979900.0690924954
TICJ,0,61,10,10,9,0.0,199900.00803265735
TICJ,1,3,10,10,9,0.0,199900.00803265735
TICJ,2,46,10,10,9,0.0,199900.00803265735
TICJ,3,50,10,10,9,0.0,199900.00803265735
TICJ,4,13,10,10,9,0.0,199900.00803265735
TICJ,5,42,10,10,9,0.0,199900.00803265735
TICJ,6,45,10,10,9,0.0,199900.00803265735
TICJ,7,68,10,10,9,0.0,199900.00803265735
TICJ,8,38,10,10,9,0.0,199900.00803265735
TICJ,9,35,10,10,9,0.0,199900.00803265735
TNMD,0,61,10,10,9,0.0,98255.00369585963
TNMD,1,3,10,10,9,0.0,98255.00369585963
TNMD,2,46,10,10,9,0.0,98255.00369585963
TNMD,3,50,10,10,9,0.0,98255.00369585963
TNMD,4,13,10,10,9,0.0,98255.00369585963
TNMD,5,42,10,10,9,0.0,98255.00369585963
TNMD,6,45,10,10,9,0.0,98255.00369585963
TNMD,7,68,10,10,9,0.0,98255.00369585963
TNMD,8,38,10,10,9,0.0,98255.00369585963
TNMD,9,35,10,10,9,0.0,98255.00369585963
TRYXF,0,61,10,10,9,0.0,5890.999838765092
TRYXF,1,3,10,10,9,0.0,5890.999838765092
TRYXF,2,52,10,10,9,0.0,5890.999838765092
TRYXF,3,1,10,10,9,0.0,5890.999838765092
TRYXF,4,25,10,10,9,0.0,5890.999838765092
TRYXF,5,57,10,10,9,0.0,5890.999838765092
TRYXF,6,17,10,10,9,0.0,5890.999838765092
TRYXF,7,9,10,10,9,0.0,5890.999838765092
TRYXF,8,18,10,10,9,0.0,5890.999838765092
TRYXF,9,7,10,10,9,0.0,5890.999838765092
USLQ,0,61,10,10,9,0.0,89899.99839928918
USLQ,1,33,10,10,9,0.0,89899.99839928918
USLQ,2,46,10,10,9,0.0,89899.99839928918
USLQ,3,50,10,10,9,0.0,89899.99839928918
USLQ,4,13,10,10,9,0.0,89899.99839928918
USLQ,5,5,10,10,9,0.0,89899.99839928918
USLQ,6,45,10,10,9,0.0,89899.99839928918
USLQ,7,68,10,10,9,0.0,89899.99839928918
USLQ,8,39,10,10,9,0.0,89899.99839928918
USLQ,9,35,10,10,9,0.0,89899.99839928918
VMNT,0,61,10,9,9,0.0,5887.450107651598
VMNT,1,3,10,9,9,0.0,5887.450107651598
VMNT,2,43,10,9,9,0.0,5887.450107651598
VMNT,3,22,10,9,9,0.0,5887.450107651598
VMNT,4,25,10,9,9,0.0,5887.450107651598
VMNT,5,48,10,9,9,0.0,5887.450107651598
VMNT,6,3,10,9,9,0.0,5887.450107651598
VMNT,7,5,10,9,9,0.0,5887.450107651598
VMNT,8,50,10,9,9,0.0,5887.450107651598
VMNT,9,19,10,9,9,0.0,5887.450107651598
VPSN,0,61,10,10,9,0.0,10900.000218278381
VPSN,1,3,10,10,9,0.0,10900.000218278381
VPSN,2,46,10,10,9,0.0,10900.000218278381
VPSN,3,50,10,10,9,0.0,10900.000218278381
VPSN,4,13,10,10,9,0.0,10900.000218278381
VPSN,5,42,10,10,9,0.0,10900.000218278381
VPSN,6,45,10,10,9,0.0,10900.000218278381
VPSN,7,68,10,10,9,0.0,10900.000218278381
VPSN,8,29,10,10,9,0.0,10900.000218278381
VPSN,9,0,10,10,9,0.0,10900.000218278381
VTON,0,61,10,10,9,0.0,10900.000218278381
VTON,1,3,10,10,9,0.0,10900.000218278381
VTON,2,46,10,10,9,0.0,10900.000218278381
VTON,3,52,10,10,9,0.0,10900.000218278381
VTON,4,13,10,10,9,0.0,10900.000218278381
VTON,5,42,10,10,9,0.0,10900.000218278381
VTON,6,45,10,10,9,0.0,10900.000218278381
VTON,7,68,10,10,9,0.0,10900.000218278381
VTON,8,38,10,10,9,0.0,10900.000218278381
VTON,9,35,10,10,9,0.0,10900.000218278381
WWDH,0,61,10,9,9,0.0,166500.0009313221
WWDH,1,3,10,9,9,0.0,166500.0009313221
WWDH,2,21,10,9,9,0.0,166500.0009313221
WWDH,3,3,10,9,9,0.0,166500.0009313221
WWDH,4,11,10,9,9,0.0,166500.0009313221
WWDH,5,37,10,9,9,0.0,166500.0009313221
WWDH,6,42,10,9,9,0.0,166500.0009313221
WWDH,7,12,10,9,9,0.0,166500.0009313221
WWDH,8,38,10,9,9,0.0,166500.0009313221
WWDH,9,0,10,9,9,0.0,166500.0009313221
YTFD,0,61,10,10,9,0.0,22400.000502914383
YTFD,1,3,10,10,9,0.0,22400.000502914383
YTFD,2,46,10,10,9,0.0,22400.000502914383
YTFD,3,50,10,10,9,0.0,22400.000502914383
YTFD,4,13,10,10,9,0.0,22400.000502914383
YTFD,5,37,10,10,9,0.0,22400.000502914383
YTFD,6,42,10,10,9,0.0,22400.000502914383
YTFD,7,66,10,10,9,0.0,22400.000502914383
YTFD,8,36,10,10,9,0.0,22400.000502914383
YTFD,9,27,10,10,9,0.0,22400.000502914383
BISA,0,46,10,10,9,0.0,5505.999821884852
BISA,1,1,10,10,9,0.0,5505.999821884852
BISA,2,14,10,10,9,0.0,5505.999821884852
BISA,3,9,10,10,9,0.0,5505.999821884852
BISA,4,12,10,10,9,0.0,5505.999821884852
BISA,5,38,10,10,9,0.0,5505.999821884852
BISA,6,25,10,10,9,0.0,5505.999821884852
BISA,7,66,10,10,9,0.0,5505.999821884852
BISA,8,58,10,10,9,0.0,5505.999821884852
BISA,9,24,10,10,9,0.0,5505.999821884852
ZUKI,0,46,10,9,9,0.0,7197.143121334425
ZUKI,1,24,10,9,9,0.0,7197.143121334425
ZUKI,2,44,10,9,9,0.0,7197.143121334425
ZUKI,3,47,10,9,9,0.0,7197.143121334425
ZUKI,4,7,10,9,9,0.0,7197.143121334425
ZUKI,5,51,10,9,9,0.0,7197.143121334425
ZUKI,6,69,10,9,9,0.0,7197.143121334425
ZUKI,7,58,10,9,9,0.0,7197.143121334425
ZUKI,8,35,10,9,9,0.0,7197.143121334425
ZUKI,9,7,10,9,9,0.0,7197.143121334425
SPOI,0,32,10,9,9,0.0,6284.99994300306
SPOI,1,47,10,9,9,0.0,6284.99994300306
SPOI,2,12,10,9,9,0.0,6284.99994300306
SPOI,3,9,10,9,9,0.0,6284.99994300306
SPOI,4,25,10,9,9,0.0,6284.99994300306
SPOI,5,35,10,9,9,0.0,6284.99994300306
SPOI,6,39,10,9,9,0.0,6284.99994300306
SPOI,7,2,10,9,9,0.0,6284.99994300306
SPOI,8,55,10,9,9,0.0,6284.99994300306
SPOI,9,35,10,9,9,0.0,6284.99994300306
AVVH,0,54,10,9,9,0.0,48100.000922591404
AVVH,1,25,10,9,9,0.0,48100.000922591404
AVVH,2,57,10,9,9,0.0,48100.000922591404
AVVH,3,16,10,9,9,0.0,48100.000922591404
AVVH,4,62,10,9,9,0.0,48100.000922591404
AVVH,5,55,10,9,9,0.0,48100.000922591404
AVVH,6,54,10,9,9,0.0,48100.000922591404
AVVH,7,11,10,9,9,0.0,48100.000922591404
AVVH,8,38,10,9,9,0.0,48100.000922591404
AVVH,9,51,10,9,9,0.0,48100.000922591404
LBTI,0,54,10,9,8,0.11111111111111116,15078.316760489
LBTI,1,55,10,9,8,0.11111111111111116,15078.316760489
LBTI,2,46,10,9,8,0.11111111111111116,15078.316760489
LBTI,3,14,10,9,8,0.11111111111111116,15078.316760489
LBTI,4,27,10,9,8,0.11111111111111116,15078.316760489
LBTI,5,40,10,9,8,0.11111111111111116,15078.316760489
LBTI,6,45,10,9,8,0.11111111111111116,15078.316760489
LBTI,7,53,10,9,8,0.11111111111111116,15078.316760489
LBTI,8,53,10,9,8,0.11111111111111116,15078.316760489
LBTI,9,51,10,9,8,0.11111111111111116,15078.316760489
SNTE,0,54,10,10,9,0.0,5552.084377493749
SNTE,1,19,10,10,9,0.0,5552.084377493749
SNTE,2,49,10,10,9,0.0,5552.084377493749
SNTE,3,33,10,10,9,0.0,5552.084377493749
SNTE,4,40,10,10,9,0.0,5552.084377493749
SNTE,5,43,10,10,9,0.0,5552.084377493749
SNTE,6,32,10,10,9,0.0,5552.084377493749
SNTE,7,63,10,10,9,0.0,5552.084377493749
SNTE,8,25,10,10,9,0.0,5552.084377493749
SNTE,9,8,10,10,9,0.0,5552.084377493749
HERF,0,50,10,10,9,0.0,9359.45918064559
HERF,1,19,10,10,9,0.0,9359.45918064559
HERF,2,14,10,10,9,0.0,9359.45918064559
HERF,3,36,10,10,9,0.0,9359.45918064559
HERF,4,6,10,10,9,0.0,9359.45918064559
HERF,5,41,10,10,9,0.0,9359.45918064559
HERF,6,62,10,10,9,0.0,9359.45918064559
HERF,7,35,10,10,9,0.0,9359.45918064559
HERF,8,64,10,10,9,0.0,9359.45918064559
HERF,9,11,10,10,9,0.0,9359.45918064559
BLITF,0,29,10,9,9,0.0,43471.4311468241
BLITF,1,3,10,9,9,0.0,43471.4311468241
BLITF,2,46,10,9,9,0.0,43471.4311468241
BLITF,3,9,10,9,9,0.0,43471.4311468241
BLITF,4,25,10,9,9,0.0,43471.4311468241
BLITF,5,28,10,9,9,0.0,43471.4311468241
BLITF,6,47,10,9,9,0.0,43471.4311468241
BLITF,7,63,10,9,9,0.0,43471.4311468241
BLITF,8,50,10,9,9,0.0,43471.4311468241
BLITF,9,47,10,9,9,0.0,43471.4311468241
COUV,0,29,10,10,9,0.0,17300.00075836405
COUV,1,45,10,10,9,0.0,17300.00075836405
COUV,2,46,10,10,9,0.0,17300.00075836405
COUV,3,50,10,10,9,0.0,17300.00075836405
COUV,4,4,10,10,9,0.0,17300.00075836405
COUV,5,31,10,10,9,0.0,17300.00075836405
COUV,6,55,10,10,9,0.0,17300.00075836405
COUV,7,37,10,10,9,0.0,17300.00075836405
COUV,8,33,10,10,9,0.0,17300.00075836405
COUV,9,42,10,10,9,0.0,17300.00075836405
SRCX,0,29,10,9,9,0.0,449930.01137013925
SRCX,1,1,10,9,9,0.0,449930.01137013925
SRCX,2,45,10,9,9,0.0,449930.01137013925
SRCX,3,40,10,9,9,0.0,449930.01137013925
SRCX,4,13,10,9,9,0.0,449930.01137013925
SRCX,5,42,10,9,9,0.0,449930.01137013925
SRCX,6,45,10,9,9,0.0,449930.01137013925
SRCX,7,68,10,9,9,0.0,449930.01137013925
SRCX,8,28,10,9,9,0.0,449930.01137013925
SRCX,9,63,10,9,9,0.0,449930.01137013925
IBGR,0,37,10,10,9,0.0,6438.986324319735
IBGR,1,51,10,10,9,0.0,6438.986324319735
IBGR,2,21,10,10,9,0.0,6438.986324319735
IBGR,3,40,10,10,9,0.0,6438.986324319735
IBGR,4,24,10,10,9,0.0,6438.986324319735
IBGR,5,26,10,10,9,0.0,6438.986324319735
IBGR,6,62,10,10,9,0.0,6438.986324319735
IBGR,7,20,10,10,9,0.0,6438.986324319735
IBGR,8,46,10,10,9,0.0,6438.986324319735
IBGR,9,4,10,10,9,0.0,6438.986324319735
IHAI,0,37,10,10,9,0.0,8744.142685733288
IHAI,1,38,10,10,9,0.0,8744.142685733288
IHAI,2,29,10,10,9,0.0,8744.142685733288
IHAI,3,32,10,10,9,0.0,8744.142685733288
IHAI,4,27,10,10,9,0.0,8744.142685733288
IHAI,5,47,10,10,9,0.0,8744.142685733288
IHAI,6,20,10,10,9,0.0,8744.142685733288
IHAI,7,26,10,10,9,0.0,8744.142685733288
IHAI,8,17,10,10,9,0.0,8744.142685733288
IHAI,9,13,10,10,9,0.0,8744.142685733288
PBYA,0,37,10,10,9,0.0,10539.000300860786
PBYA,1,33,10,10,9,0.0,10539.000300860786
PBYA,2,11,10,10,9,0.0,10539.000300860786
PBYA,3,62,10,10,9,0.0,10539.000300860786
PBYA,4,16,10,10,9,0.0,10539.000300860786
PBYA,5,52,10,10,9,0.0,10539.000300860786
PBYA,6,28,10,10,9,0.0,10539.000300860786
PBYA,7,0,10,10,9,0.0,10539.000300860786
PBYA,8,50,10,10,9,0.0,10539.000300860786
PBYA,9,12,10,10,9,0.0,10539.000300860786
XCPT,0,37,10,10,9,0.0,14404.999870857158
XCPT,1,54,10,10,9,0.0,14404.999870857158
XCPT,2,55,10,10,9,0.0,14404.999870857158
XCPT,3,52,10,10,9,0.0,14404.999870857158
XCPT,4,14,10,10,9,0.0,14404.999870857158
XCPT,5,33,10,10,9,0.0,14404.999870857158
XCPT,6,32,10,10,9,0.0,14404.999870857158
XCPT,7,41,10,10,9,0.0,14404.999870857158
XCPT,8,17,10,10,9,0.0,14404.999870857158
XCPT,9,70,10,10,9,0.0,14404.999870857158
DPLS,0,24,10,10,9,0.0,68760.71672863184
DPLS,1,41,10,10,9,0.0,68760.71672863184
DPLS,2,42,10,10,9,0.0,68760.71672863184
DPLS,3,52,10,10,9,0.0,68760.71672863184
DPLS,4,26,10,10,9,0.0,68760.71672863184
DPLS,5,59,10,10,9,0.0,68760.71672863184
DPLS,6,14,10,10,9,0.0,68760.71672863184
DPLS,7,50,10,10,9,0.0,68760.71672863184
DPLS,8,54,10,10,9,0.0,68760.71672863184
DPLS,9,10,10,10,9,0.0,68760.71672863184
GYGC,0,56,10,10,9,0.0,7755.963412810318
GYGC,1,3,10,10,9,0.0,7755.963412810318
GYGC,2,57,10,10,9,0.0,7755.963412810318
GYGC,3,37,10,10,9,0.0,7755.963412810318
GYGC,4,40,10,10,9,0.0,7755.963412810318
GYGC,5,12,10,10,9,0.0,7755.963412810318
GYGC,6,41,10,10,9,0.0,7755.963412810318
GYGC,7,68,10,10,9,0.0,7755.963412810318
GYGC,8,48,10,10,9,0.0,7755.963412810318
GYGC,9,55,10,10,9,0.0,7755.963412810318
ILST,0,56,10,9,8,0.11111111111111116,7067.500159164237
ILST,1,54,10,9,8,0.11111111111111116,7067.500159164237
ILST,2,9,10,9,8,0.11111111111111116,7067.500159164237
ILST,3,8,10,9,8,0.11111111111111116,7067.500159164237
ILST,4,13,10,9,8,0.11111111111111116,7067.500159164237
ILST,5,13,10,9,8,0.11111111111111116,7067.500159164237
ILST,6,25,10,9,8,0.11111111111111116,7067.500159164237
ILST,7,7,10,9,8,0.11111111111111116,7067.500159164237
ILST,8,66,10,9,8,0.11111111111111116,7067.500159164237
ILST,9,51,10,9,8,0.11111111111111116,7067.500159164237
WCHD,0,56,10,10,9,0.0,114900.00499130697
WCHD,1,3,10,10,9,0.0,114900.00499130697
WCHD,2,15,10,10,9,0.0,114900.00499130697
WCHD,3,58,10,10,9,0.0,114900.00499130697
WCHD,4,14,10,10,9,0.0,114900.00499130697
WCHD,5,42,10,10,9,0.0,114900.00499130697
WCHD,6,8,10,10,9,0.0,114900.00499130697
WCHD,7,68,10,10,9,0.0,114900.00499130697
WCHD,8,38,10,10,9,0.0,114900.00499130697
WCHD,9,35,10,10,9,0.0,114900.00499130697
EUBG,0,17,10,7,9,0.0,13375.284923841768
EUBG,1,57,10,7,9,0.0,13375.284923841768
EUBG,2,26,10,7,9,0.0,13375.284923841768
EUBG,3,13,10,7,9,0.0,13375.284923841768
EUBG,4,63,10,7,9,0.0,13375.284923841768
EUBG,5,20,10,7,9,0.0,13375.284923841768
EUBG,6,13,10,7,9,0.0,13375.284923841768
EUBG,7,20,10,7,9,0.0,13375.284923841768
EUBG,8,13,10,7,9,0.0,13375.284923841768
EUBG,9,8,10,7,9,0.0,13375.284923841768
FBCD,0,17,10,10,9,0.0,23095.000392537873
FBCD,1,53,10,10,9,0.0,23095.000392537873
FBCD,2,46,10,10,9,0.0,23095.000392537873
FBCD,3,34,10,10,9,0.0,23095.000392537873
FBCD,4,52,10,10,9,0.0,23095.000392537873
FBCD,5,44,10,10,9,0.0,23095.000392537873
FBCD,6,54,10,10,9,0.0,23095.000392537873
FBCD,7,68,10,10,9,0.0,23095.000392537873
FBCD,8,18,10,10,9,0.0,23095.000392537873
FBCD,9,15,10,10,9,0.0,23095.000392537873
AGYP,0,35,10,9,9,0.0,12104.258875935337
AGYP,1,21,10,9,9,0.0,12104.258875935337
AGYP,2,33,10,9,9,0.0,12104.258875935337
AGYP,3,58,10,9,9,0.0,12104.258875935337
AGYP,4,23,10,9,9,0.0,12104.258875935337
AGYP,5,59,10,9,9,0.0,12104.258875935337
AGYP,6,28,10,9,9,0.0,12104.258875935337
AGYP,7,53,10,9,9,0.0,12104.258875935337
AGYP,8,51,10,9,9,0.0,12104.258875935337
AGYP,9,33,10,9,9,0.0,12104.258875935337
KRTL,0,35,10,10,9,0.0,53730.00100044418
KRTL,1,49,10,10,9,0.0,53730.00100044418
KRTL,2,43,10,10,9,0.0,53730.00100044418
KRTL,3,44,10,10,9,0.0,53730.00100044418
KRTL,4,25,10,10,9,0.0,53730.00100044418
KRTL,5,64,10,10,9,0.0,53730.00100044418
KRTL,6,59,10,10,9,0.0,53730.00100044418
KRTL,7,68,10,10,9,0.0,53730.00100044418
KRTL,8,18,10,10,9,0.0,53730.00100044418
KRTL,9,65,10,10,9,0.0,53730.00100044418
USBC,0,35,10,10,9,0.0,999900.0252621255
USBC,1,52,10,10,9,0.0,999900.0252621255
USBC,2,46,10,10,9,0.0,999900.0252621255
USBC,3,45,10,10,9,0.0,999900.0252621255
USBC,4,42,10,10,9,0.0,999900.0252621255
USBC,5,57,10,10,9,0.0,999900.0252621255
USBC,6,40,10,10,9,0.0,999900.0252621255
USBC,7,28,10,10,9,0.0,999900.0252621255
USBC,8,38,10,10,9,0.0,999900.0252621255
USBC,9,68,10,10,9,0.0,999900.0252621255
AAPT,0,20,10,9,8,0.11111111111111116,23414.286277654373
AAPT,1,61,10,9,8,0.11111111111111116,23414.286277654373
AAPT,2,50,10,9,8,0.11111111111111116,23414.286277654373
AAPT,3,50,10,9,8,0.11111111111111116,23414.286277654373
AAPT,4,59,10,9,8,0.11111111111111116,23414.286277654373
AAPT,5,40,10,9,8,0.11111111111111116,23414.286277654373
AAPT,6,55,10,9,8,0.11111111111111116,23414.286277654373
AAPT,7,26,10,9,8,0.11111111111111116,23414.286277654373
AAPT,8,56,10,9,8,0.11111111111111116,23414.286277654373
AAPT,9,74,10,9,8,0.11111111111111116,23414.286277654373
DRFS,0,20,10,9,8,0.11111111111111116,41300.00054389252
DRFS,1,35,10,9,8,0.11111111111111116,41300.00054389252
DRFS,2,12,10,9,8,0.11111111111111116,41300.00054389252
DRFS,3,37,10,9,8,0.11111111111111116,41300.00054389252
DRFS,4,29,10,9,8,0.11111111111111116,41300.00054389252
DRFS,5,68,10,9,8,0.11111111111111116,41300.00054389252
DRFS,6,54,10,9,8,0.11111111111111116,41300.00054389252
DRFS,7,54,10,9,8,0.11111111111111116,41300.00054389252
DRFS,8,38,10,9,8,0.11111111111111116,41300.00054389252
DRFS,9,27,10,9,8,0.11111111111111116,41300.00054389252
NHYF,0,20,10,9,8,0.11111111111111116,6899.999927239874
NHYF,1,3,10,9,8,0.11111111111111116,6899.999927239874
NHYF,2,46,10,9,8,0.11111111111111116,6899.999927239874
NHYF,3,50,10,9,8,0.11111111111111116,6899.999927239874
NHYF,4,22,10,9,8,0.11111111111111116,6899.999927239874
NHYF,5,64,10,9,8,0.11111111111111116,6899.999927239874
NHYF,6,17,10,9,8,0.11111111111111116,6899.999927239874
NHYF,7,68,10,9,8,0.11111111111111116,6899.999927239874
NHYF,8,68,10,9,8,0.11111111111111116,6899.999927239874
NHYF,9,35,10,9,8,0.11111111111111116,6899.999927239874
TNBI,0,20,10,10,9,0.0,6055.000228174054
TNBI,1,0,10,10,9,0.0,6055.000228174054
TNBI,2,41,10,10,9,0.0,6055.000228174054
TNBI,3,46,10,10,9,0.0,6055.000228174054
TNBI,4,19,10,10,9,0.0,6055.000228174054
TNBI,5,44,10,10,9,0.0,6055.000228174054
TNBI,6,55,10,10,9,0.0,6055.000228174054
TNBI,7,49,10,10,9,0.0,6055.000228174054
TNBI,8,43,10,10,9,0.0,6055.000228174054
TNBI,9,56,10,10,9,0.0,6055.000228174054
EXHI,0,51,10,10,9,0.0,16783.333424602974
EXHI,1,61,10,10,9,0.0,16783.333424602974
EXHI,2,6,10,10,9,0.0,16783.333424602974
EXHI,3,33,10,10,9,0.0,16783.333424602974
EXHI,4,34,10,10,9,0.0,16783.333424602974
EXHI,5,1,10,10,9,0.0,16783.333424602974
EXHI,6,60,10,10,9,0.0,16783.333424602974
EXHI,7,2,10,10,9,0.0,16783.333424602974
EXHI,8,30,10,10,9,0.0,16783.333424602974
EXHI,9,8,10,10,9,0.0,16783.333424602974
MKGP,0,53,10,9,9,0.0,10835.713986657629
MKGP,1,19,10,9,9,0.0,10835.713986657629
MKGP,2,21,10,9,9,0.0,10835.713986657629
MKGP,3,25,10,9,9,0.0,10835.713986657629
MKGP,4,19,10,9,9,0.0,10835.713986657629
MKGP,5,47,10,9,9,0.0,10835.713986657629
MKGP,6,40,10,9,9,0.0,10835.713986657629
MKGP,7,68,10,9,9,0.0,10835.713986657629
MKGP,8,61,10,9,9,0.0,10835.713986657629
MKGP,9,72,10,9,9,0.0,10835.713986657629
PECD,0,53,10,10,9,0.0,59900.00203726754
PECD,1,6,10,10,9,0.0,59900.00203726754
PECD,2,29,10,10,9,0.0,59900.00203726754
PECD,3,26,10,10,9,0.0,59900.00203726754
PECD,4,52,10,10,9,0.0,59900.00203726754
PECD,5,1,10,10,9,0.0,59900.00203726754
PECD,6,4,10,10,9,0.0,59900.00203726754
PECD,7,39,10,10,9,0.0,59900.00203726754
PECD,8,65,10,10,9,0.0,59900.00203726754
PECD,9,35,10,10,9,0.0,59900.00203726754
PHIL,0,53,10,10,9,0.0,6145.000119689451
PHIL,1,18,10,10,9,0.0,6145.000119689451
PHIL,2,32,10,10,9,0.0,6145.000119689451
PHIL,3,5,10,10,9,0.0,6145.000119689451
PHIL,4,25,10,10,9,0.0,6145.000119689451
PHIL,5,67,10,10,9,0.0,6145.000119689451
PHIL,6,17,10,10,9,0.0,6145.000119689451
PHIL,7,0,10,10,9,0.0,6145.000119689451
PHIL,8,50,10,10,9,0.0,6145.000119689451
PHIL,9,35,10,10,9,0.0,6145.000119689451
ROWC,0,53,10,9,9,0.0,19900.001455191534
ROWC,1,18,10,9,9,0.0,19900.001455191534
ROWC,2,37,10,9,9,0.0,19900.001455191534
ROWC,3,40,10,9,9,0.0,19900.001455191534
ROWC,4,52,10,9,9,0.0,19900.001455191534
ROWC,5,33,10,9,9,0.0,19900.001455191534
ROWC,6,61,10,9,9,0.0,19900.001455191534
ROWC,7,68,10,9,9,0.0,19900.001455191534
ROWC,8,18,10,9,9,0.0,19900.001455191534
ROWC,9,19,10,9,9,0.0,19900.001455191534
TGGI,0,53,10,10,9,0.0,11955.00022228047
TGGI,1,12,10,10,9,0.0,11955.00022228047
TGGI,2,49,10,10,9,0.0,11955.00022228047
TGGI,3,3,10,10,9,0.0,11955.00022228047
TGGI,4,13,10,10,9,0.0,11955.00022228047
TGGI,5,0,10,10,9,0.0,11955.00022228047
TGGI,6,39,10,10,9,0.0,11955.00022228047
TGGI,7,11,10,10,9,0.0,11955.00022228047
TGGI,8,32,10,10,9,0.0,11955.00022228047
TGGI,9,26,10,10,9,0.0,11955.00022228047
TTNN,0,53,10,8,9,0.0,19534.99899824623
TTNN,1,5,10,8,9,0.0,19534.99899824623
TTNN,2,44,10,8,9,0.0,19534.99899824623
TTNN,3,43,10,8,9,0.0,19534.99899824623
TTNN,4,54,10,8,9,0.0,19534.99899824623
TTNN,5,44,10,8,9,0.0,19534.99899824623
TTNN,6,4,10,8,9,0.0,19534.99899824623
TTNN,7,54,10,8,9,0.0,19534.99899824623
TTNN,8,8,10,8,9,0.0,19534.99899824623
TTNN,9,3,10,8,9,0.0,19534.99899824623
CTNI,0,31,10,9,9,0.0,9900.000727595265
CTNI,1,57,10,9,9,0.0,9900.000727595265
CTNI,2,50,10,9,9,0.0,9900.000727595265
CTNI,3,14,10,9,9,0.0,9900.000727595265
CTNI,4,13,10,9,9,0.0,9900.000727595265
CTNI,5,59,10,9,9,0.0,9900.000727595265
CTNI,6,58,10,9,9,0.0,9900.000727595265
CTNI,7,59,10,9,9,0.0,9900.000727595265
CTNI,8,6,10,9,9,0.0,9900.000727595265
CTNI,9,25,10,9,9,0.0,9900.000727595265
KYNC,0,31,10,10,9,0.0,9629.412137066694
KYNC,1,3,10,10,9,0.0,9629.412137066694
KYNC,2,46,10,10,9,0.0,9629.412137066694
KYNC,3,50,10,10,9,0.0,9629.412137066694
KYNC,4,25,10,10,9,0.0,9629.412137066694
KYNC,5,42,10,10,9,0.0,9629.412137066694
KYNC,6,45,10,10,9,0.0,9629.412137066694
KYNC,7,15,10,10,9,0.0,9629.412137066694
KYNC,8,48,10,10,9,0.0,9629.412137066694
KYNC,9,16,10,10,9,0.0,9629.412137066694
HENI,0,3,10,9,9,0.0,7462.947630524698
HENI,1,30,10,9,9,0.0,7462.947630524698
HENI,2,15,10,9,9,0.0,7462.947630524698
HENI,3,62,10,9,9,0.0,7462.947630524698
HENI,4,52,10,9,9,0.0,7462.947630524698
HENI,5,64,10,9,9,0.0,7462.947630524698
HENI,6,39,10,9,9,0.0,7462.947630524698
HENI,7,55,10,9,9,0.0,7462.947630524698
HENI,8,60,10,9,9,0.0,7462.947630524698
HENI,9,52,10,9,9,0.0,7462.947630524698
NTME,0,3,10,9,9,0.0,999900.0401632867
NTME,1,19,10,9,9,0.0,999900.0401632867
NTME,2,35,10,9,9,0.0,999900.0401632867
NTME,3,3,10,9,9,0.0,999900.0401632867
NTME,4,30,10,9,9,0.0,999900.0401632867
NTME,5,12,10,9,9,0.0,999900.0401632867
NTME,6,33,10,9,9,0.0,999900.0401632867
NTME,7,52,10,9,9,0.0,999900.0401632867
NTME,8,43,10,9,9,0.0,999900.0401632867
NTME,9,0,10,9,9,0.0,999900.0401632867
VPER,0,3,10,9,9,0.0,10800.000292493469
VPER,1,25,10,9,9,0.0,10800.000292493469
VPER,2,40,10,9,9,0.0,10800.000292493469
VPER,3,50,10,9,9,0.0,10800.000292493469
VPER,4,7,10,9,9,0.0,10800.000292493469
VPER,5,46,10,9,9,0.0,10800.000292493469
VPER,6,50,10,9,9,0.0,10800.000292493469
VPER,7,11,10,9,9,0.0,10800.000292493469
VPER,8,45,10,9,9,0.0,10800.000292493469
VPER,9,51,10,9,9,0.0,10800.000292493469
ADCV,0,18,10,10,9,0.0,159900.01164153227
ADCV,1,3,10,10,9,0.0,159900.01164153227
ADCV,2,46,10,10,9,0.0,159900.01164153227
ADCV,3,50,10,10,9,0.0,159900.01164153227
ADCV,4,13,10,10,9,0.0,159900.01164153227
ADCV,5,42,10,10,9,0.0,159900.01164153227
ADCV,6,45,10,10,9,0.0,159900.01164153227
ADCV,7,68,10,10,9,0.0,159900.01164153227
ADCV,8,38,10,10,9,0.0,159900.01164153227
ADCV,9,0,10,10,9,0.0,159900.01164153227
CUBT,0,18,10,10,9,0.0,111160.0019368599
CUBT,1,3,10,10,9,0.0,111160.0019368599
CUBT,2,53,10,10,9,0.0,111160.0019368599
CUBT,3,47,10,10,9,0.0,111160.0019368599
CUBT,4,12,10,10,9,0.0,111160.0019368599
CUBT,5,9,10,10,9,0.0,111160.0019368599
CUBT,6,26,10,10,9,0.0,111160.0019368599
CUBT,7,19,10,10,9,0.0,111160.0019368599
CUBT,8,44,10,10,9,0.0,111160.0019368599
CUBT,9,55,10,10,9,0.0,111160.0019368599
CYBL,0,62,10,10,9,0.0,49235.0011652446
CYBL,1,3,10,10,9,0.0,49235.0011652446
CYBL,2,27,10,10,9,0.0,49235.0011652446
CYBL,3,5,10,10,9,0.0,49235.0011652446
CYBL,4,13,10,10,9,0.0,49235.0011652446
CYBL,5,39,10,10,9,0.0,49235.0011652446
CYBL,6,45,10,10,9,0.0,49235.0011652446
CYBL,7,34,10,10,9,0.0,49235.0011652446
CYBL,8,56,10,10,9,0.0,49235.0011652446
CYBL,9,31,10,10,9,0.0,49235.0011652446
HRBR,0,62,10,8,9,0.0,5739.394064134732
HRBR,1,2,10,8,9,0.0,5739.394064134732
HRBR,2,15,10,8,9,0.0,5739.394064134732
HRBR,3,57,10,8,9,0.0,5739.394064134732
HRBR,4,25,10,8,9,0.0,5739.394064134732
HRBR,5,15,10,8,9,0.0,5739.394064134732
HRBR,6,26,10,8,9,0.0,5739.394064134732
HRBR,7,32,10,8,9,0.0,5739.394064134732
HRBR,8,6,10,8,9,0.0,5739.394064134732
HRBR,9,15,10,8,9,0.0,5739.394064134732
HYWI,0,62,10,8,9,0.0,7199.999999999998
HYWI,1,3,10,8,9,0.0,7199.999999999998
HYWI,2,43,10,8,9,0.0,7199.999999999998
HYWI,3,50,10,8,9,0.0,7199.999999999998
HYWI,4,31,10,8,9,0.0,7199.999999999998
HYWI,5,42,10,8,9,0.0,7199.999999999998
HYWI,6,45,10,8,9,0.0,7199.999999999998
HYWI,7,26,10,8,9,0.0,7199.999999999998
HYWI,8,31,10,8,9,0.0,7199.999999999998
HYWI,9,3,10,8,9,0.0,7199.999999999998
RIVT,0,62,10,10,9,0.0,46900.00050931689
RIVT,1,10,10,10,9,0.0,46900.00050931689
RIVT,2,14,10,10,9,0.0,46900.00050931689
RIVT,3,49,10,10,9,0.0,46900.00050931689
RIVT,4,27,10,10,9,0.0,46900.00050931689
RIVT,5,24,10,10,9,0.0,46900.00050931689
RIVT,6,25,10,10,9,0.0,46900.00050931689
RIVT,7,68,10,10,9,0.0,46900.00050931689
RIVT,8,41,10,10,9,0.0,46900.00050931689
RIVT,9,35,10,10,9,0.0,46900.00050931689
SMEV,0,62,10,9,9,0.0,19750.00049549268
SMEV,1,10,10,9,9,0.0,19750.00049549268
SMEV,2,57,10,9,9,0.0,19750.00049549268
SMEV,3,37,10,9,9,0.0,19750.00049549268
SMEV,4,52,10,9,9,0.0,19750.00049549268
SMEV,5,32,10,9,9,0.0,19750.00049549268
SMEV,6,13,10,9,9,0.0,19750.00049549268
SMEV,7,32,10,9,9,0.0,19750.00049549268
SMEV,8,21,10,9,9,0.0,19750.00049549268
SMEV,9,26,10,9,9,0.0,19750.00049549268
TONR,0,62,10,10,9,0.0,14571.429164938758
TONR,1,21,10,10,9,0.0,14571.429164938758
TONR,2,22,10,10,9,0.0,14571.429164938758
TONR,3,40,10,10,9,0.0,14571.429164938758
TONR,4,25,10,10,9,0.0,14571.429164938758
TONR,5,24,10,10,9,0.0,14571.429164938758
TONR,6,26,10,10,9,0.0,14571.429164938758
TONR,7,36,10,10,9,0.0,14571.429164938758
TONR,8,51,10,10,9,0.0,14571.429164938758
TONR,9,1,10,10,9,0.0,14571.429164938758
WWRL,0,62,10,10,9,0.0,21900.00043655746
WWRL,1,3,10,10,9,0.0,21900.00043655746
WWRL,2,49,10,10,9,0.0,21900.00043655746
WWRL,3,52,10,10,9,0.0,21900.00043655746
WWRL,4,24,10,10,9,0.0,21900.00043655746
WWRL,5,12,10,10,9,0.0,21900.00043655746
WWRL,6,65,10,10,9,0.0,21900.00043655746
WWRL,7,41,10,10,9,0.0,21900.00043655746
WWRL,8,42,10,10,9,0.0,21900.00043655746
WWRL,9,37,10,10,9,0.0,21900.00043655746
AVRI,0,4,10,10,9,0.0,8004.767951500606
AVRI,1,0,10,10,9,0.0,8004.767951500606
AVRI,2,20,10,10,9,0.0,8004.767951500606
AVRI,3,40,10,10,9,0.0,8004.767951500606
AVRI,4,12,10,10,9,0.0,8004.767951500606
AVRI,5,29,10,10,9,0.0,8004.767951500606
AVRI,6,14,10,10,9,0.0,8004.767951500606
AVRI,7,13,10,10,9,0.0,8004.767951500606
AVRI,8,30,10,10,9,0.0,8004.767951500606
AVRI,9,22,10,10,9,0.0,8004.767951500606
COLCF,0,4,10,10,9,0.0,38734.95227535624
COLCF,1,5,10,10,9,0.0,38734.95227535624
COLCF,2,54,10,10,9,0.0,38734.95227535624
COLCF,3,2,10,10,9,0.0,38734.95227535624
COLCF,4,6,10,10,9,0.0,38734.95227535624
COLCF,5,47,10,10,9,0.0,38734.95227535624
COLCF,6,20,10,10,9,0.0,38734.95227535624
COLCF,7,52,10,10,9,0.0,38734.95227535624
COLCF,8,34,10,10,9,0.0,38734.95227535624
COLCF,9,7,10,10,9,0.0,38734.95227535624
ILUS,0,4,10,10,9,0.0,35399.998731074884
ILUS,1,23,10,10,9,0.0,35399.998731074884
ILUS,2,46,10,10,9,0.0,35399.998731074884
ILUS,3,44,10,10,9,0.0,35399.998731074884
ILUS,4,38,10,10,9,0.0,35399.998731074884
ILUS,5,59,10,10,9,0.0,35399.998731074884
ILUS,6,66,10,10,9,0.0,35399.998731074884
ILUS,7,6,10,10,9,0.0,35399.998731074884
ILUS,8,34,10,10,9,0.0,35399.998731074884
ILUS,9,17,10,10,9,0.0,35399.998731074884
ITRX,0,4,10,10,9,0.0,87500.00018044369
ITRX,1,17,10,10,9,0.0,87500.00018044369
ITRX,2,14,10,10,9,0.0,87500.00018044369
ITRX,3,50,10,10,9,0.0,87500.00018044369
ITRX,4,42,10,10,9,0.0,87500.00018044369
ITRX,5,9,10,10,9,0.0,87500.00018044369
ITRX,6,43,10,10,9,0.0,87500.00018044369
ITRX,7,12,10,10,9,0.0,87500.00018044369
ITRX,8,41,10,10,9,0.0,87500.00018044369
ITRX,9,69,10,10,9,0.0,87500.00018044369
MOBQ,0,4,10,10,9,0.0,5606.060527974326
MOBQ,1,62,10,10,9,0.0,5606.060527974326
MOBQ,2,12,10,10,9,0.0,5606.060527974326
MOBQ,3,35,10,10,9,0.0,5606.060527974326
MOBQ,4,51,10,10,9,0.0,5606.060527974326
MOBQ,5,47,10,10,9,0.0,5606.060527974326
MOBQ,6,16,10,10,9,0.0,5606.060527974326
MOBQ,7,23,10,10,9,0.0,5606.060527974326
MOBQ,8,26,10,10,9,0.0,5606.060527974326
MOBQ,9,28,10,10,9,0.0,5606.060527974326
NSAV,0,4,10,9,9,0.0,23022.500170880987
NSAV,1,38,10,9,9,0.0,23022.500170880987
NSAV,2,45,10,9,9,0.0,23022.500170880987
NSAV,3,51,10,9,9,0.0,23022.500170880987
NSAV,4,45,10,9,9,0.0,23022.500170880987
NSAV,5,2,10,9,9,0.0,23022.500170880987
NSAV,6,39,10,9,9,0.0,23022.500170880987
NSAV,7,21,10,9,9,0.0,23022.500170880987
NSAV,8,68,10,9,9,0.0,23022.500170880987
NSAV,9,17,10,9,9,0.0,23022.500170880987
RRRT,0,4,10,6,8,0.11111111111111116,14986.474881782735
RRRT,1,57,10,6,8,0.11111111111111116,14986.474881782735
RRRT,2,12,10,6,8,0.11111111111111116,14986.474881782735
RRRT,3,12,10,6,8,0.11111111111111116,14986.474881782735
RRRT,4,13,10,6,8,0.11111111111111116,14986.474881782735
RRRT,5,65,10,6,8,0.11111111111111116,14986.474881782735
RRRT,6,31,10,6,8,0.11111111111111116,14986.474881782735
RRRT,7,65,10,6,8,0.11111111111111116,14986.474881782735
RRRT,8,4,10,6,8,0.11111111111111116,14986.474881782735
RRRT,9,12,10,6,8,0.11111111111111116,14986.474881782735
RVTI,0,4,10,9,9,0.0,8782.105122298684
RVTI,1,45,10,9,9,0.0,8782.105122298684
RVTI,2,57,10,9,9,0.0,8782.105122298684
RVTI,3,13,10,9,9,0.0,8782.105122298684
RVTI,4,2,10,9,9,0.0,8782.105122298684
RVTI,5,57,10,9,9,0.0,8782.105122298684
RVTI,6,36,10,9,9,0.0,8782.105122298684
RVTI,7,9,10,9,9,0.0,8782.105122298684
RVTI,8,28,10,9,9,0.0,8782.105122298684
RVTI,9,10,10,9,9,0.0,8782.105122298684
SCAL,0,4,10,10,9,0.0,37439.999669671495
SCAL,1,29,10,10,9,0.0,37439.999669671495
SCAL,2,28,10,10,9,0.0,37439.999669671495
SCAL,3,18,10,10,9,0.0,37439.999669671495
SCAL,4,24,10,10,9,0.0,37439.999669671495
SCAL,5,42,10,10,9,0.0,37439.999669671495
SCAL,6,25,10,10,9,0.0,37439.999669671495
SCAL,7,67,10,10,9,0.0,37439.999669671495
SCAL,8,21,10,10,9,0.0,37439.999669671495
SCAL,9,35,10,10,9,0.0,37439.999669671495
SGGDF,0,4,10,9,9,0.0,11490.000412546757
SGGDF,1,39,10,9,9,0.0,11490.000412546757
SGGDF,2,46,10,9,9,0.0,11490.000412546757
SGGDF,3,18,10,9,9,0.0,11490.000412546757
SGGDF,4,59,10,9,9,0.0,11490.000412546757
SGGDF,5,20,10,9,9,0.0,11490.000412546757
SGGDF,6,39,10,9,9,0.0,11490.000412546757
SGGDF,7,10,10,9,9,0.0,11490.000412546757
SGGDF,8,35,10,9,9,0.0,11490.000412546757
SGGDF,9,62,10,9,9,0.0,11490.000412546757
TSRR,0,4,10,8,7,0.2222222222222222,36900.00029394867
TSRR,1,4,10,8,7,0.2222222222222222,36900.00029394867
TSRR,2,57,10,8,7,0.2222222222222222,36900.00029394867
TSRR,3,7,10,8,7,0.2222222222222222,36900.00029394867
TSRR,4,7,10,8,7,0.2222222222222222,36900.00029394867
TSRR,5,10,10,8,7,0.2222222222222222,36900.00029394867
TSRR,6,29,10,8,7,0.2222222222222222,36900.00029394867
TSRR,7,13,10,8,7,0.2222222222222222,36900.00029394867
TSRR,8,54,10,8,7,0.2222222222222222,36900.00029394867
TSRR,9,55,10,8,7,0.2222222222222222,36900.00029394867
AXTG,0,2,10,10,9,0.0,6053.799748193983
AXTG,1,35,10,10,9,0.0,6053.799748193983
AXTG,2,14,10,10,9,0.0,6053.799748193983
AXTG,3,52,10,10,9,0.0,6053.799748193983
AXTG,4,12,10,10,9,0.0,6053.799748193983
AXTG,5,38,10,10,9,0.0,6053.799748193983
AXTG,6,45,10,10,9,0.0,6053.799748193983
AXTG,7,68,10,10,9,0.0,6053.799748193983
AXTG,8,21,10,10,9,0.0,6053.799748193983
AXTG,9,36,10,10,9,0.0,6053.799748193983
BDCM,0,2,10,8,8,0.11111111111111116,8229.411456198643
BDCM,1,34,10,8,8,0.11111111111111116,8229.411456198643
BDCM,2,49,10,8,8,0.11111111111111116,8229.411456198643
BDCM,3,1,10,8,8,0.11111111111111116,8229.411456198643
BDCM,4,40,10,8,8,0.11111111111111116,8229.411456198643
BDCM,5,29,10,8,8,0.11111111111111116,8229.411456198643
BDCM,6,35,10,8,8,0.11111111111111116,8229.411456198643
BDCM,7,29,10,8,8,0.11111111111111116,8229.411456198643
BDCM,8,29,10,8,8,0.11111111111111116,8229.411456198643
BDCM,9,51,10,8,8,0.11111111111111116,8229.411456198643
MMIRF,0,2,10,9,9,0.0,121299.00037362042
MMIRF,1,60,10,9,9,0.0,121299.00037362042
MMIRF,2,11,10,9,9,0.0,121299.00037362042
MMIRF,3,42,10,9,9,0.0,121299.00037362042
MMIRF,4,30,10,9,9,0.0,121299.00037362042
MMIRF,5,56,10,9,9,0.0,121299.00037362042
MMIRF,6,0,10,9,9,0.0,121299.00037362042
MMIRF,7,10,10,9,9,0.0,121299.00037362042
MMIRF,8,17,10,9,9,0.0,121299.00037362042
MMIRF,9,0,10,9,9,0.0,121299.00037362042
SRNW,0,2,10,10,9,0.0,42567.08483052923
SRNW,1,42,10,10,9,0.0,42567.08483052923
SRNW,2,14,10,10,9,0.0,42567.08483052923
SRNW,3,36,10,10,9,0.0,42567.08483052923
SRNW,4,45,10,10,9,0.0,42567.08483052923
SRNW,5,47,10,10,9,0.0,42567.08483052923
SRNW,6,32,10,10,9,0.0,42567.08483052923
SRNW,7,61,10,10,9,0.0,42567.08483052923
SRNW,8,19,10,10,9,0.0,42567.08483052923
SRNW,9,7,10,10,9,0.0,42567.08483052923
STZU,0,2,10,9,9,0.0,8900.000072759125
STZU,1,3,10,9,9,0.0,8900.000072759125
STZU,2,49,10,9,9,0.0,8900.000072759125
STZU,3,50,10,9,9,0.0,8900.000072759125
STZU,4,13,10,9,9,0.0,8900.000072759125
STZU,5,51,10,9,9,0.0,8900.000072759125
STZU,6,46,10,9,9,0.0,8900.000072759125
STZU,7,68,10,9,9,0.0,8900.000072759125
STZU,8,3,10,9,9,0.0,8900.000072759125
STZU,9,0,10,9,9,0.0,8900.000072759125
EGOC,0,45,10,9,9,0.0,10137.894558185044
EGOC,1,51,10,9,9,0.0,10137.894558185044
EGOC,2,35,10,9,9,0.0,10137.894558185044
EGOC,3,47,10,9,9,0.0,10137.894558185044
EGOC,4,52,10,9,9,0.0,10137.894558185044
EGOC,5,35,10,9,9,0.0,10137.894558185044
EGOC,6,13,10,9,9,0.0,10137.894558185044
EGOC,7,39,10,9,9,0.0,10137.894558185044
EGOC,8,12,10,9,9,0.0,10137.894558185044
EGOC,9,62,10,9,9,0.0,10137.894558185044
RBSY,0,45,10,8,9,0.0,64908.3363164841
RBSY,1,24,10,8,9,0.0,64908.3363164841
RBSY,2,43,10,8,9,0.0,64908.3363164841
RBSY,3,15,10,8,9,0.0,64908.3363164841
RBSY,4,43,10,8,9,0.0,64908.3363164841
RBSY,5,40,10,8,9,0.0,64908.3363164841
RBSY,6,62,10,8,9,0.0,64908.3363164841
RBSY,7,43,10,8,9,0.0,64908.3363164841
RBSY,8,3,10,8,9,0.0,64908.3363164841
RBSY,9,61,10,8,9,0.0,64908.3363164841
CAMG,0,44,10,10,9,0.0,8253.33342149858
CAMG,1,45,10,10,9,0.0,8253.33342149858
CAMG,2,49,10,10,9,0.0,8253.33342149858
CAMG,3,46,10,10,9,0.0,8253.33342149858
CAMG,4,11,10,10,9,0.0,8253.33342149858
CAMG,5,65,10,10,9,0.0,8253.33342149858
CAMG,6,38,10,10,9,0.0,8253.33342149858
CAMG,7,66,10,10,9,0.0,8253.33342149858
CAMG,8,36,10,10,9,0.0,8253.33342149858
CAMG,9,23,10,10,9,0.0,8253.33342149858
FBDS,0,44,10,10,9,0.0,113913.81390390683
FBDS,1,57,10,10,9,0.0,113913.81390390683
FBDS,2,14,10,10,9,0.0,113913.81390390683
FBDS,3,40,10,10,9,0.0,113913.81390390683
FBDS,4,38,10,10,9,0.0,113913.81390390683
FBDS,5,51,10,10,9,0.0,113913.81390390683
FBDS,6,61,10,10,9,0.0,113913.81390390683
FBDS,7,16,10,10,9,0.0,113913.81390390683
FBDS,8,29,10,10,9,0.0,113913.81390390683
FBDS,9,35,10,10,9,0.0,113913.81390390683
DVFI,0,55,10,10,9,0.0,30700.00154250278
DVFI,1,8,10,10,9,0.0,30700.00154250278
DVFI,2,46,10,10,9,0.0,30700.00154250278
DVFI,3,50,10,10,9,0.0,30700.00154250278
DVFI,4,24,10,10,9,0.0,30700.00154250278
DVFI,5,42,10,10,9,0.0,30700.00154250278
DVFI,6,14,10,10,9,0.0,30700.00154250278
DVFI,7,68,10,10,9,0.0,30700.00154250278
DVFI,8,57,10,10,9,0.0,30700.00154250278
DVFI,9,35,10,10,9,0.0,30700.00154250278
GWSO,0,55,10,10,9,0.0,193133.33095432364
GWSO,1,45,10,10,9,0.0,193133.33095432364
GWSO,2,15,10,10,9,0.0,193133.33095432364
GWSO,3,12,10,10,9,0.0,193133.33095432364
GWSO,4,25,10,10,9,0.0,193133.33095432364
GWSO,5,16,10,10,9,0.0,193133.33095432364
GWSO,6,47,10,10,9,0.0,193133.33095432364
GWSO,7,26,10,10,9,0.0,193133.33095432364
GWSO,8,60,10,10,9,0.0,193133.33095432364
GWSO,9,57,10,10,9,0.0,193133.33095432364
MJWL,0,55,10,8,9,0.0,94929.0025935151
MJWL,1,25,10,8,9,0.0,94929.0025935151
MJWL,2,46,10,8,9,0.0,94929.0025935151
MJWL,3,50,10,8,9,0.0,94929.0025935151
MJWL,4,21,10,8,9,0.0,94929.0025935151
MJWL,5,46,10,8,9,0.0,94929.0025935151
MJWL,6,55,10,8,9,0.0,94929.0025935151
MJWL,7,53,10,8,9,0.0,94929.0025935151
MJWL,8,35,10,8,9,0.0,94929.0025935151
MJWL,9,57,10,8,9,0.0,94929.0025935151
OCLG,0,47,10,10,9,0.0,14350.000625402588
OCLG,1,46,10,10,9,0.0,14350.000625402588
OCLG,2,49,10,10,9,0.0,14350.000625402588
OCLG,3,34,10,10,9,0.0,14350.000625402588
OCLG,4,21,10,10,9,0.0,14350.000625402588
OCLG,5,5,10,10,9,0.0,14350.000625402588
OCLG,6,59,10,10,9,0.0,14350.000625402588
OCLG,7,65,10,10,9,0.0,14350.000625402588
OCLG,8,38,10,10,9,0.0,14350.000625402588
OCLG,9,0,10,10,9,0.0,14350.000625402588
GVSI,0,8,10,10,9,0.0,45760.000368163404
GVSI,1,5,10,10,9,0.0,45760.000368163404
GVSI,2,57,10,10,9,0.0,45760.000368163404
GVSI,3,44,10,10,9,0.0,45760.000368163404
GVSI,4,25,10,10,9,0.0,45760.000368163404
GVSI,5,31,10,10,9,0.0,45760.000368163404
GVSI,6,45,10,10,9,0.0,45760.000368163404
GVSI,7,68,10,10,9,0.0,45760.000368163404
GVSI,8,14,10,10,9,0.0,45760.000368163404
GVSI,9,36,10,10,9,0.0,45760.000368163404
ICOA,0,8,10,10,9,0.0,19170.000721047374
ICOA,1,58,10,10,9,0.0,19170.000721047374
ICOA,2,49,10,10,9,0.0,19170.000721047374
ICOA,3,36,10,10,9,0.0,19170.000721047374
ICOA,4,13,10,10,9,0.0,19170.000721047374
ICOA,5,42,10,10,9,0.0,19170.000721047374
ICOA,6,45,10,10,9,0.0,19170.000721047374
ICOA,7,68,10,10,9,0.0,19170.000721047374
ICOA,8,56,10,10,9,0.0,19170.000721047374
ICOA,9,35,10,10,9,0.0,19170.000721047374
FSTF,0,58,10,10,9,0.0,1968000.0461659522
FSTF,1,3,10,10,9,0.0,1968000.0461659522
FSTF,2,14,10,10,9,0.0,1968000.0461659522
FSTF,3,6,10,10,9,0.0,1968000.0461659522
FSTF,4,30,10,10,9,0.0,1968000.0461659522
FSTF,5,42,10,10,9,0.0,1968000.0461659522
FSTF,6,60,10,10,9,0.0,1968000.0461659522
FSTF,7,39,10,10,9,0.0,1968000.0461659522
FSTF,8,57,10,10,9,0.0,1968000.0461659522
FSTF,9,35,10,10,9,0.0,1968000.0461659522
DROR,0,48,10,10,9,0.0,5464.736716338301
DROR,1,57,10,10,9,0.0,5464.736716338301
DROR,2,29,10,10,9,0.0,5464.736716338301
DROR,3,62,10,10,9,0.0,5464.736716338301
DROR,4,46,10,10,9,0.0,5464.736716338301
DROR,5,52,10,10,9,0.0,5464.736716338301
DROR,6,2,10,10,9,0.0,5464.736716338301
DROR,7,7,10,10,9,0.0,5464.736716338301
DROR,8,38,10,10,9,0.0,5464.736716338301
DROR,9,49,10,10,9,0.0,5464.736716338301
GRGG,0,48,10,9,9,0.0,63899.99999999998
GRGG,1,3,10,9,9,0.0,63899.99999999998
GRGG,2,51,10,9,9,0.0,63899.99999999998
GRGG,3,6,10,9,9,0.0,63899.99999999998
GRGG,4,1,10,9,9,0.0,63899.99999999998
GRGG,5,51,10,9,9,0.0,63899.99999999998
GRGG,6,4,10,9,9,0.0,63899.99999999998
GRGG,7,15,10,9,9,0.0,63899.99999999998
GRGG,8,34,10,9,9,0.0,63899.99999999998
GRGG,9,19,10,9,9,0.0,63899.99999999998
GRHI,0,48,10,10,9,0.0,9959.999345746432
GRHI,1,42,10,10,9,0.0,9959.999345746432
GRHI,2,22,10,10,9,0.0,9959.999345746432
GRHI,3,3,10,10,9,0.0,9959.999345746432
GRHI,4,26,10,10,9,0.0,9959.999345746432
GRHI,5,64,10,10,9,0.0,9959.999345746432
GRHI,6,59,10,10,9,0.0,9959.999345746432
GRHI,7,68,10,10,9,0.0,9959.999345746432
GRHI,8,18,10,10,9,0.0,9959.999345746432
GRHI,9,2,10,10,9,0.0,9959.999345746432
NSPT,0,48,10,10,9,0.0,11504.00026921032
NSPT,1,18,10,10,9,0.0,11504.00026921032
NSPT,2,14,10,10,9,0.0,11504.00026921032
NSPT,3,50,10,10,9,0.0,11504.00026921032
NSPT,4,13,10,10,9,0.0,11504.00026921032
NSPT,5,42,10,10,9,0.0,11504.00026921032
NSPT,6,45,10,10,9,0.0,11504.00026921032
NSPT,7,68,10,10,9,0.0,11504.00026921032
NSPT,8,43,10,10,9,0.0,11504.00026921032
NSPT,9,47,10,10,9,0.0,11504.00026921032
ROCLF,0,48,10,10,9,0.0,29333.332585015673
ROCLF,1,3,10,10,9,0.0,29333.332585015673
ROCLF,2,30,10,10,9,0.0,29333.332585015673
ROCLF,3,4,10,10,9,0.0,29333.332585015673
ROCLF,4,53,10,10,9,0.0,29333.332585015673
ROCLF,5,27,10,10,9,0.0,29333.332585015673
ROCLF,6,47,10,10,9,0.0,29333.332585015673
ROCLF,7,67,10,10,9,0.0,29333.332585015673
ROCLF,8,44,10,10,9,0.0,29333.332585015673
ROCLF,9,65,10,10,9,0.0,29333.332585015673
MTRT,0,23,10,9,9,0.0,13263.713890795583
MTRT,1,26,10,9,9,0.0,13263.713890795583
MTRT,2,14,10,9,9,0.0,13263.713890795583
MTRT,3,34,10,9,9,0.0,13263.713890795583
MTRT,4,61,10,9,9,0.0,13263.713890795583
MTRT,5,34,10,9,9,0.0,13263.713890795583
MTRT,6,15,10,9,9,0.0,13263.713890795583
MTRT,7,19,10,9,9,0.0,13263.713890795583
MTRT,8,57,10,9,9,0.0,13263.713890795583
MTRT,9,58,10,9,9,0.0,13263.713890795583
NRCD,0,28,10,10,9,0.0,44900.002924935
NRCD,1,1,10,10,9,0.0,44900.002924935
NRCD,2,9,10,10,9,0.0,44900.002924935
NRCD,3,5,10,10,9,0.0,44900.002924935
NRCD,4,13,10,10,9,0.0,44900.002924935
NRCD,5,42,10,10,9,0.0,44900.002924935
NRCD,6,45,10,10,9,0.0,44900.002924935
NRCD,7,68,10,10,9,0.0,44900.002924935
NRCD,8,38,10,10,9,0.0,44900.002924935
NRCD,9,35,10,10,9,0.0,44900.002924935
TORVF,0,28,10,9,9,0.0,88512.85991241747
TORVF,1,20,10,9,9,0.0,88512.85991241747
TORVF,2,0,10,9,9,0.0,88512.85991241747
TORVF,3,32,10,9,9,0.0,88512.85991241747
TORVF,4,52,10,9,9,0.0,88512.85991241747
TORVF,5,35,10,9,9,0.0,88512.85991241747
TORVF,6,66,10,9,9,0.0,88512.85991241747
TORVF,7,10,10,9,9,0.0,88512.85991241747
TORVF,8,8,10,9,9,0.0,88512.85991241747
TORVF,9,20,10,9,9,0.0,88512.85991241747
CRFU,0,26,10,10,9,0.0,609900.0222644308
CRFU,1,42,10,10,9,0.0,609900.0222644308
CRFU,2,22,10,10,9,0.0,609900.0222644308
CRFU,3,46,10,10,9,0.0,609900.0222644308
CRFU,4,14,10,10,9,0.0,609900.0222644308
CRFU,5,38,10,10,9,0.0,609900.0222644308
CRFU,6,21,10,10,9,0.0,609900.0222644308
CRFU,7,68,10,10,9,0.0,609900.0222644308
CRFU,8,44,10,10,9,0.0,609900.0222644308
CRFU,9,35,10,10,9,0.0,609900.0222644308
MRVT,0,26,10,10,9,0.0,29900.00101863377
MRVT,1,57,10,10,9,0.0,29900.00101863377
MRVT,2,46,10,10,9,0.0,29900.00101863377
MRVT,3,50,10,10,9,0.0,29900.00101863377
MRVT,4,21,10,10,9,0.0,29900.00101863377
MRVT,5,42,10,10,9,0.0,29900.00101863377
MRVT,6,14,10,10,9,0.0,29900.00101863377
MRVT,7,68,10,10,9,0.0,29900.00101863377
MRVT,8,63,10,10,9,0.0,29900.00101863377
MRVT,9,0,10,10,9,0.0,29900.00101863377
AHFI,0,49,10,10,9,0.0,402810.013244426
AHFI,1,35,10,10,9,0.0,402810.013244426
AHFI,2,54,10,10,9,0.0,402810.013244426
AHFI,3,36,10,10,9,0.0,402810.013244426
AHFI,4,13,10,10,9,0.0,402810.013244426
AHFI,5,34,10,10,9,0.0,402810.013244426
AHFI,6,33,10,10,9,0.0,402810.013244426
AHFI,7,32,10,10,9,0.0,402810.013244426
AHFI,8,57,10,10,9,0.0,402810.013244426
AHFI,9,55,10,10,9,0.0,402810.013244426
RINO,0,49,10,10,9,0.0,7742.028587582956
RINO,1,58,10,10,9,0.0,7742.028587582956
RINO,2,21,10,10,9,0.0,7742.028587582956
RINO,3,13,10,10,9,0.0,7742.028587582956
RINO,4,7,10,10,9,0.0,7742.028587582956
RINO,5,42,10,10,9,0.0,7742.028587582956
RINO,6,45,10,10,9,0.0,7742.028587582956
RINO,7,52,10,10,9,0.0,7742.028587582956
RINO,8,17,10,10,9,0.0,7742.028587582956
RINO,9,6,10,10,9,0.0,7742.028587582956
RWGI,0,49,10,10,9,0.0,562600.0064246703
RWGI,1,10,10,10,9,0.0,562600.0064246703
RWGI,2,46,10,10,9,0.0,562600.0064246703
RWGI,3,37,10,10,9,0.0,562600.0064246703
RWGI,4,1,10,10,9,0.0,562600.0064246703
RWGI,5,33,10,10,9,0.0,562600.0064246703
RWGI,6,45,10,10,9,0.0,562600.0064246703
RWGI,7,68,10,10,9,0.0,562600.0064246703
RWGI,8,41,10,10,9,0.0,562600.0064246703
RWGI,9,35,10,10,9,0.0,562600.0064246703
BTNY,0,33,10,9,9,0.0,8600.967581052259
BTNY,1,3,10,9,9,0.0,8600.967581052259
BTNY,2,55,10,9,9,0.0,8600.967581052259
BTNY,3,15,10,9,9,0.0,8600.967581052259
BTNY,4,1,10,9,9,0.0,8600.967581052259
BTNY,5,33,10,9,9,0.0,8600.967581052259
BTNY,6,19,10,9,9,0.0,8600.967581052259
BTNY,7,17,10,9,9,0.0,8600.967581052259
BTNY,8,64,10,9,9,0.0,8600.967581052259
BTNY,9,2,10,9,9,0.0,8600.967581052259
CCWF,0,33,10,10,9,0.0,5785.833129122151
CCWF,1,42,10,10,9,0.0,5785.833129122151
CCWF,2,45,10,10,9,0.0,5785.833129122151
CCWF,3,12,10,10,9,0.0,5785.833129122151
CCWF,4,57,10,10,9,0.0,5785.833129122151
CCWF,5,30,10,10,9,0.0,5785.833129122151
CCWF,6,13,10,10,9,0.0,5785.833129122151
CCWF,7,63,10,10,9,0.0,5785.833129122151
CCWF,8,29,10,10,9,0.0,5785.833129122151
CCWF,9,53,10,10,9,0.0,5785.833129122151
HYHY,0,33,10,10,9,0.0,7800.0002837623015
HYHY,1,58,10,10,9,0.0,7800.0002837623015
HYHY,2,13,10,10,9,0.0,7800.0002837623015
HYHY,3,48,10,10,9,0.0,7800.0002837623015
HYHY,4,6,10,10,9,0.0,7800.0002837623015
HYHY,5,34,10,10,9,0.0,7800.0002837623015
HYHY,6,60,10,10,9,0.0,7800.0002837623015
HYHY,7,9,10,10,9,0.0,7800.0002837623015
HYHY,8,21,10,10,9,0.0,7800.0002837623015
HYHY,9,0,10,10,9,0.0,7800.0002837623015
KARE,0,33,10,10,9,0.0,10730.000037107324
KARE,1,30,10,10,9,0.0,10730.000037107324
KARE,2,49,10,10,9,0.0,10730.000037107324
KARE,3,50,10,10,9,0.0,10730.000037107324
KARE,4,42,10,10,9,0.0,10730.000037107324
KARE,5,54,10,10,9,0.0,10730.000037107324
KARE,6,28,10,10,9,0.0,10730.000037107324
KARE,7,68,10,10,9,0.0,10730.000037107324
KARE,8,38,10,10,9,0.0,10730.000037107324
KARE,9,73,10,10,9,0.0,10730.000037107324
MNDP,0,33,10,8,9,0.0,16880.00045547492
MNDP,1,35,10,8,9,0.0,16880.00045547492
MNDP,2,45,10,8,9,0.0,16880.00045547492
MNDP,3,50,10,8,9,0.0,16880.00045547492
MNDP,4,13,10,8,9,0.0,16880.00045547492
MNDP,5,30,10,8,9,0.0,16880.00045547492
MNDP,6,33,10,8,9,0.0,16880.00045547492
MNDP,7,48,10,8,9,0.0,16880.00045547492
MNDP,8,45,10,8,9,0.0,16880.00045547492
MNDP,9,15,10,8,9,0.0,16880.00045547492
SFWJ,0,33,10,10,9,0.0,61530.00234213077
SFWJ,1,7,10,10,9,0.0,61530.00234213077
SFWJ,2,21,10,10,9,0.0,61530.00234213077
SFWJ,3,16,10,10,9,0.0,61530.00234213077
SFWJ,4,40,10,10,9,0.0,61530.00234213077
SFWJ,5,0,10,10,9,0.0,61530.00234213077
SFWJ,6,46,10,10,9,0.0,61530.00234213077
SFWJ,7,54,10,10,9,0.0,61530.00234213077
SFWJ,8,17,10,10,9,0.0,61530.00234213077
SFWJ,9,65,10,10,9,0.0,61530.00234213077
WNFT,0,33,10,9,9,0.0,15300.061206508533
WNFT,1,38,10,9,9,0.0,15300.061206508533
WNFT,2,46,10,9,9,0.0,15300.061206508533
WNFT,3,4,10,9,9,0.0,15300.061206508533
WNFT,4,30,10,9,9,0.0,15300.061206508533
WNFT,5,59,10,9,9,0.0,15300.061206508533
WNFT,6,19,10,9,9,0.0,15300.061206508533
WNFT,7,11,10,9,9,0.0,15300.061206508533
WNFT,8,22,10,9,9,0.0,15300.061206508533
WNFT,9,19,10,9,9,0.0,15300.061206508533
IFAN,0,0,10,10,9,0.0,10934.539047857434
IFAN,1,38,10,10,9,0.0,10934.539047857434
IFAN,2,20,10,10,9,0.0,10934.539047857434
IFAN,3,40,10,10,9,0.0,10934.539047857434
IFAN,4,30,10,10,9,0.0,10934.539047857434
IFAN,5,56,10,10,9,0.0,10934.539047857434
IFAN,6,45,10,10,9,0.0,10934.539047857434
IFAN,7,68,10,10,9,0.0,10934.539047857434
IFAN,8,34,10,10,9,0.0,10934.539047857434
IFAN,9,44,10,10,9,0.0,10934.539047857434
TEXG,0,0,10,8,9,0.0,49900.00014551824
TEXG,1,7,10,8,9,0.0,49900.00014551824
TEXG,2,12,10,8,9,0.0,49900.00014551824
TEXG,3,3,10,8,9,0.0,49900.00014551824
TEXG,4,8,10,8,9,0.0,49900.00014551824
TEXG,5,11,10,8,9,0.0,49900.00014551824
TEXG,6,26,10,8,9,0.0,49900.00014551824
TEXG,7,69,10,8,9,0.0,49900.00014551824
TEXG,8,26,10,8,9,0.0,49900.00014551824
TEXG,9,0,10,8,9,0.0,49900.00014551824
GHST,0,19,10,10,9,0.0,12418.181458545127
GHST,1,39,10,10,9,0.0,12418.181458545127
GHST,2,53,10,10,9,0.0,12418.181458545127
GHST,3,62,10,10,9,0.0,12418.181458545127
GHST,4,23,10,10,9,0.0,12418.181458545127
GHST,5,60,10,10,9,0.0,12418.181458545127
GHST,6,27,10,10,9,0.0,12418.181458545127
GHST,7,69,10,10,9,0.0,12418.181458545127
GHST,8,29,10,10,9,0.0,12418.181458545127
GHST,9,44,10,10,9,0.0,12418.181458545127
MDCE,0,11,10,10,9,0.0,20740.000701402296
MDCE,1,3,10,10,9,0.0,20740.000701402296
MDCE,2,48,10,10,9,0.0,20740.000701402296
MDCE,3,36,10,10,9,0.0,20740.000701402296
MDCE,4,62,10,10,9,0.0,20740.000701402296
MDCE,5,47,10,10,9,0.0,20740.000701402296
MDCE,6,66,10,10,9,0.0,20740.000701402296
MDCE,7,7,10,10,9,0.0,20740.000701402296
MDCE,8,33,10,10,9,0.0,20740.000701402296
MDCE,9,35,10,10,9,0.0,20740.000701402296
NNYR,0,1,10,10,9,0.0,9900.000727595265
NNYR,1,25,10,10,9,0.0,9900.000727595265
NNYR,2,32,10,10,9,0.0,9900.000727595265
NNYR,3,40,10,10,9,0.0,9900.000727595265
NNYR,4,0,10,10,9,0.0,9900.000727595265
NNYR,5,64,10,10,9,0.0,9900.000727595265
NNYR,6,8,10,10,9,0.0,9900.000727595265
NNYR,7,47,10,10,9,0.0,9900.000727595265
NNYR,8,38,10,10,9,0.0,9900.000727595265
NNYR,9,35,10,10,9,0.0,9900.000727595265
YSGG,0,1,10,10,9,0.0,18081.81858821363
YSGG,1,2,10,10,9,0.0,18081.81858821363
YSGG,2,9,10,10,9,0.0,18081.81858821363
YSGG,3,16,10,10,9,0.0,18081.81858821363
YSGG,4,55,10,10,9,0.0,18081.81858821363
YSGG,5,57,10,10,9,0.0,18081.81858821363
YSGG,6,47,10,10,9,0.0,18081.81858821363
YSGG,7,22,10,10,9,0.0,18081.81858821363
YSGG,8,19,10,10,9,0.0,18081.81858821363
YSGG,9,7,10,10,9,0.0,18081.81858821363
ARAT,0,6,10,9,9,0.0,11840.000165154557
ARAT,1,3,10,9,9,0.0,11840.000165154557
ARAT,2,56,10,9,9,0.0,11840.000165154557
ARAT,3,32,10,9,9,0.0,11840.000165154557
ARAT,4,13,10,9,9,0.0,11840.000165154557
ARAT,5,42,10,9,9,0.0,11840.000165154557
ARAT,6,26,10,9,9,0.0,11840.000165154557
ARAT,7,15,10,9,9,0.0,11840.000165154557
ARAT,8,43,10,9,9,0.0,11840.000165154557
ARAT,9,32,10,9,9,0.0,11840.000165154557
ETPHF,0,6,10,9,8,0.11111111111111116,11800.000062573175
ETPHF,1,25,10,9,8,0.11111111111111116,11800.000062573175
ETPHF,2,37,10,9,8,0.11111111111111116,11800.000062573175
ETPHF,3,37,10,9,8,0.11111111111111116,11800.000062573175
ETPHF,4,65,10,9,8,0.11111111111111116,11800.000062573175
ETPHF,5,28,10,9,8,0.11111111111111116,11800.000062573175
ETPHF,6,45,10,9,8,0.11111111111111116,11800.000062573175
ETPHF,7,32,10,9,8,0.11111111111111116,11800.000062573175
ETPHF,8,60,10,9,8,0.11111111111111116,11800.000062573175
ETPHF,9,55,10,9,8,0.11111111111111116,11800.000062573175
FERN,0,6,10,9,9,0.0,8949.999783662282
FERN,1,61,10,9,9,0.0,8949.999783662282
FERN,2,12,10,9,9,0.0,8949.999783662282
FERN,3,22,10,9,9,0.0,8949.999783662282
FERN,4,1,10,9,9,0.0,8949.999783662282
FERN,5,32,10,9,9,0.0,8949.999783662282
FERN,6,2,10,9,9,0.0,8949.999783662282
FERN,7,12,10,9,9,0.0,8949.999783662282
FERN,8,55,10,9,9,0.0,8949.999783662282
FERN,9,53,10,9,9,0.0,8949.999783662282
NILA,0,6,10,10,9,0.0,5423.437698010134
NILA,1,11,10,10,9,0.0,5423.437698010134
NILA,2,28,10,10,9,0.0,5423.437698010134
NILA,3,33,10,10,9,0.0,5423.437698010134
NILA,4,25,10,10,9,0.0,5423.437698010134
NILA,5,55,10,10,9,0.0,5423.437698010134
NILA,6,24,10,10,9,0.0,5423.437698010134
NILA,7,0,10,10,9,0.0,5423.437698010134
NILA,8,20,10,10,9,0.0,5423.437698010134
NILA,9,21,10,10,9,0.0,5423.437698010134
NXMH,0,6,10,10,9,0.0,3189900.0424392065
NXMH,1,3,10,10,9,0.0,3189900.0424392065
NXMH,2,46,10,10,9,0.0,3189900.0424392065
NXMH,3,50,10,10,9,0.0,3189900.0424392065
NXMH,4,13,10,10,9,0.0,3189900.0424392065
NXMH,5,42,10,10,9,0.0,3189900.0424392065
NXMH,6,45,10,10,9,0.0,3189900.0424392065
NXMH,7,68,10,10,9,0.0,3189900.0424392065
NXMH,8,38,10,10,9,0.0,3189900.0424392065
NXMH,9,66,10,10,9,0.0,3189900.0424392065
BUSC,0,30,10,8,8,0.11111111111111116,99900.0002910375
BUSC,1,42,10,8,8,0.11111111111111116,99900.0002910375
BUSC,2,46,10,8,8,0.11111111111111116,99900.0002910375
BUSC,3,50,10,8,8,0.11111111111111116,99900.0002910375
BUSC,4,13,10,8,8,0.11111111111111116,99900.0002910375
BUSC,5,42,10,8,8,0.11111111111111116,99900.0002910375
BUSC,6,68,10,8,8,0.11111111111111116,99900.0002910375
BUSC,7,68,10,8,8,0.11111111111111116,99900.0002910375
BUSC,8,38,10,8,8,0.11111111111111116,99900.0002910375
BUSC,9,19,10,8,8,0.11111111111111116,99900.0002910375
GMPW,0,30,10,9,9,0.0,7595.10311404334
GMPW,1,12,10,9,9,0.0,7595.10311404334
GMPW,2,20,10,9,9,0.0,7595.10311404334
GMPW,3,51,10,9,9,0.0,7595.10311404334
GMPW,4,55,10,9,9,0.0,7595.10311404334
GMPW,5,1,10,9,9,0.0,7595.10311404334
GMPW,6,31,10,9,9,0.0,7595.10311404334
GMPW,7,45,10,9,9,0.0,7595.10311404334
GMPW,8,9,10,9,9,0.0,7595.10311404334
GMPW,9,55,10,9,9,0.0,7595.10311404334
PIFR,0,30,10,9,8,0.11111111111111116,76390.00256768546
PIFR,1,54,10,9,8,0.11111111111111116,76390.00256768546
PIFR,2,49,10,9,8,0.11111111111111116,76390.00256768546
PIFR,3,18,10,9,8,0.11111111111111116,76390.00256768546
PIFR,4,33,10,9,8,0.11111111111111116,76390.00256768546
PIFR,5,16,10,9,8,0.11111111111111116,76390.00256768546
PIFR,6,28,10,9,8,0.11111111111111116,76390.00256768546
PIFR,7,68,10,9,8,0.11111111111111116,76390.00256768546
PIFR,8,68,10,9,8,0.11111111111111116,76390.00256768546
PIFR,9,56,10,9,8,0.11111111111111116,76390.00256768546
CIVX,0,38,10,10,9,0.0,82150.00205545763
CIVX,1,20,10,10,9,0.0,82150.00205545763
CIVX,2,27,10,10,9,0.0,82150.00205545763
CIVX,3,45,10,10,9,0.0,82150.00205545763
CIVX,4,26,10,10,9,0.0,82150.00205545763
CIVX,5,24,10,10,9,0.0,82150.00205545763
CIVX,6,29,10,10,9,0.0,82150.00205545763
CIVX,7,41,10,10,9,0.0,82150.00205545763
CIVX,8,48,10,10,9,0.0,82150.00205545763
CIVX,9,35,10,10,9,0.0,82150.00205545763
ENZC,0,38,10,10,9,0.0,19035.326691012357
ENZC,1,30,10,10,9,0.0,19035.326691012357
ENZC,2,21,10,10,9,0.0,19035.326691012357
ENZC,3,32,10,10,9,0.0,19035.326691012357
ENZC,4,52,10,10,9,0.0,19035.326691012357
ENZC,5,24,10,10,9,0.0,19035.326691012357
ENZC,6,15,10,10,9,0.0,19035.326691012357
ENZC,7,61,10,10,9,0.0,19035.326691012357
ENZC,8,44,10,10,9,0.0,19035.326691012357
ENZC,9,48,10,10,9,0.0,19035.326691012357
FMNJ,0,38,10,9,9,0.0,18500.000817817596
FMNJ,1,53,10,9,9,0.0,18500.000817817596
FMNJ,2,43,10,9,9,0.0,18500.000817817596
FMNJ,3,34,10,9,9,0.0,18500.000817817596
FMNJ,4,5,10,9,9,0.0,18500.000817817596
FMNJ,5,53,10,9,9,0.0,18500.000817817596
FMNJ,6,59,10,9,9,0.0,18500.000817817596
FMNJ,7,69,10,9,9,0.0,18500.000817817596
FMNJ,8,27,10,9,9,0.0,18500.000817817596
FMNJ,9,19,10,9,9,0.0,18500.000817817596
TIPS,0,38,10,8,8,0.11111111111111116,50840.00155268935
TIPS,1,53,10,8,8,0.11111111111111116,50840.00155268935
TIPS,2,53,10,8,8,0.11111111111111116,50840.00155268935
TIPS,3,59,10,8,8,0.11111111111111116,50840.00155268935
TIPS,4,5,10,8,8,0.11111111111111116,50840.00155268935
TIPS,5,42,10,8,8,0.11111111111111116,50840.00155268935
TIPS,6,32,10,8,8,0.11111111111111116,50840.00155268935
TIPS,7,52,10,8,8,0.11111111111111116,50840.00155268935
TIPS,8,38,10,8,8,0.11111111111111116,50840.00155268935
TIPS,9,58,10,8,8,0.11111111111111116,50840.00155268935
TKVR,0,38,10,10,9,0.0,22758.182171212127
TKVR,1,24,10,10,9,0.0,22758.182171212127
TKVR,2,17,10,10,9,0.0,22758.182171212127
TKVR,3,5,10,10,9,0.0,22758.182171212127
TKVR,4,8,10,10,9,0.0,22758.182171212127
TKVR,5,32,10,10,9,0.0,22758.182171212127
TKVR,6,40,10,10,9,0.0,22758.182171212127
TKVR,7,54,10,10,9,0.0,22758.182171212127
TKVR,8,18,10,10,9,0.0,22758.182171212127
TKVR,9,0,10,10,9,0.0,22758.182171212127
AHELF,0,59,10,9,9,0.0,41896.99921660295
AHELF,1,30,10,9,9,0.0,41896.99921660295
AHELF,2,44,10,9,9,0.0,41896.99921660295
AHELF,3,47,10,9,9,0.0,41896.99921660295
AHELF,4,12,10,9,9,0.0,41896.99921660295
AHELF,5,38,10,9,9,0.0,41896.99921660295
AHELF,6,24,10,9,9,0.0,41896.99921660295
AHELF,7,10,10,9,9,0.0,41896.99921660295
AHELF,8,38,10,9,9,0.0,41896.99921660295
AHELF,9,17,10,9,9,0.0,41896.99921660295
CRSQ,0,59,10,10,9,0.0,13536.364252114536
CRSQ,1,0,10,10,9,0.0,13536.364252114536
CRSQ,2,41,10,10,9,0.0,13536.364252114536
CRSQ,3,46,10,10,9,0.0,13536.364252114536
CRSQ,4,11,10,10,9,0.0,13536.364252114536
CRSQ,5,37,10,10,9,0.0,13536.364252114536
CRSQ,6,42,10,10,9,0.0,13536.364252114536
CRSQ,7,66,10,10,9,0.0,13536.364252114536
CRSQ,8,36,10,10,9,0.0,13536.364252114536
CRSQ,9,27,10,10,9,0.0,13536.364252114536
PDIV,0,59,10,10,9,0.0,6899.409666111427
PDIV,1,0,10,10,9,0.0,6899.409666111427
PDIV,2,17,10,10,9,0.0,6899.409666111427
PDIV,3,3,10,10,9,0.0,6899.409666111427
PDIV,4,13,10,10,9,0.0,6899.409666111427
PDIV,5,10,10,10,9,0.0,6899.409666111427
PDIV,6,57,10,10,9,0.0,6899.409666111427
PDIV,7,66,10,10,9,0.0,6899.409666111427
PDIV,8,45,10,10,9,0.0,6899.409666111427
PDIV,9,56,10,10,9,0.0,6899.409666111427
SDAD,0,59,10,10,9,0.0,8604.41464698752
SDAD,1,0,10,10,9,0.0,8604.41464698752
SDAD,2,41,10,10,9,0.0,8604.41464698752
SDAD,3,35,10,10,9,0.0,8604.41464698752
SDAD,4,12,10,10,9,0.0,8604.41464698752
SDAD,5,27,10,10,9,0.0,8604.41464698752
SDAD,6,3,10,10,9,0.0,8604.41464698752
SDAD,7,37,10,10,9,0.0,8604.41464698752
SDAD,8,38,10,10,9,0.0,8604.41464698752
SDAD,9,19,10,10,9,0.0,8604.41464698752
MONI,0,10,10,9,9,0.0,74550.00248491699
MONI,1,8,10,9,9,0.0,74550.00248491699
MONI,2,11,10,9,9,0.0,74550.00248491699
MONI,3,5,10,9,9,0.0,74550.00248491699
MONI,4,26,10,9,9,0.0,74550.00248491699
MONI,5,51,10,9,9,0.0,74550.00248491699
MONI,6,4,10,9,9,0.0,74550.00248491699
MONI,7,26,10,9,9,0.0,74550.00248491699
MONI,8,50,10,9,9,0.0,74550.00248491699
MONI,9,45,10,9,9,0.0,74550.00248491699
SHGI,0,10,10,10,9,0.0,6040.000063329987
SHGI,1,58,10,10,9,0.0,6040.000063329987
SHGI,2,37,10,10,9,0.0,6040.000063329987
SHGI,3,26,10,10,9,0.0,6040.000063329987
SHGI,4,23,10,10,9,0.0,6040.000063329987
SHGI,5,19,10,10,9,0.0,6040.000063329987
SHGI,6,50,10,10,9,0.0,6040.000063329987
SHGI,7,65,10,10,9,0.0,6040.000063329987
SHGI,8,39,10,10,9,0.0,6040.000063329987
SHGI,9,33,10,10,9,0.0,6040.000063329987
MTEI,0,12,10,10,9,0.0,1371900.0360305426
MTEI,1,3,10,10,9,0.0,1371900.0360305426
MTEI,2,50,10,10,9,0.0,1371900.0360305426
MTEI,3,15,10,10,9,0.0,1371900.0360305426
MTEI,4,24,10,10,9,0.0,1371900.0360305426
MTEI,5,42,10,10,9,0.0,1371900.0360305426
MTEI,6,45,10,10,9,0.0,1371900.0360305426
MTEI,7,68,10,10,9,0.0,1371900.0360305426
MTEI,8,46,10,10,9,0.0,1371900.0360305426
MTEI,9,35,10,10,9,0.0,1371900.0360305426
GMZP,0,25,10,8,8,0.11111111111111116,9770.00015352639
GMZP,1,4,10,8,8,0.11111111111111116,9770.00015352639
GMZP,2,35,10,8,8,0.11111111111111116,9770.00015352639
GMZP,3,31,10,8,8,0.11111111111111116,9770.00015352639
GMZP,4,3,10,8,8,0.11111111111111116,9770.00015352639
GMZP,5,24,10,8,8,0.11111111111111116,9770.00015352639
GMZP,6,4,10,8,8,0.11111111111111116,9770.00015352639
GMZP,7,7,10,8,8,0.11111111111111116,9770.00015352639
GMZP,8,61,10,8,8,0.11111111111111116,9770.00015352639
GMZP,9,61,10,8,8,0.11111111111111116,9770.00015352639
APSI,0,39,10,9,9,0.0,7012.149173890448
APSI,1,33,10,9,9,0.0,7012.149173890448
APSI,2,13,10,9,9,0.0,7012.149173890448
APSI,3,44,10,9,9,0.0,7012.149173890448
APSI,4,32,10,9,9,0.0,7012.149173890448
APSI,5,27,10,9,9,0.0,7012.149173890448
APSI,6,6,10,9,9,0.0,7012.149173890448
APSI,7,24,10,9,9,0.0,7012.149173890448
APSI,8,44,10,9,9,0.0,7012.149173890448
APSI,9,68,10,9,9,0.0,7012.149173890448
BGUUF,0,60,10,9,9,0.0,79900.00023283061
BGUUF,1,1,10,9,9,0.0,79900.00023283061
BGUUF,2,44,10,9,9,0.0,79900.00023283061
BGUUF,3,47,10,9,9,0.0,79900.00023283061
BGUUF,4,38,10,9,9,0.0,79900.00023283061
BGUUF,5,5,10,9,9,0.0,79900.00023283061
BGUUF,6,38,10,9,9,0.0,79900.00023283061
BGUUF,7,49,10,9,9,0.0,79900.00023283061
BGUUF,8,31,10,9,9,0.0,79900.00023283061
BGUUF,9,2,10,9,9,0.0,79900.00023283061
ENMI,0,60,10,10,9,0.0,33840.000199361115
ENMI,1,1,10,10,9,0.0,33840.000199361115
ENMI,2,44,10,10,9,0.0,33840.000199361115
ENMI,3,47,10,10,9,0.0,33840.000199361115
ENMI,4,12,10,10,9,0.0,33840.000199361115
ENMI,5,64,10,10,9,0.0,33840.000199361115
ENMI,6,45,10,10,9,0.0,33840.000199361115
ENMI,7,68,10,10,9,0.0,33840.000199361115
ENMI,8,20,10,10,9,0.0,33840.000199361115
ENMI,9,35,10,10,9,0.0,33840.000199361115
HMBL,0,60,10,10,9,0.0,194110.0052423519
HMBL,1,35,10,10,9,0.0,194110.0052423519
HMBL,2,44,10,10,9,0.0,194110.0052423519
HMBL,3,47,10,10,9,0.0,194110.0052423519
HMBL,4,12,10,10,9,0.0,194110.0052423519
HMBL,5,38,10,10,9,0.0,194110.0052423519
HMBL,6,43,10,10,9,0.0,194110.0052423519
HMBL,7,67,10,10,9,0.0,194110.0052423519
HMBL,8,37,10,10,9,0.0,194110.0052423519
HMBL,9,32,10,10,9,0.0,194110.0052423519
LBWR,0,60,10,9,9,0.0,858650.0222898965
LBWR,1,33,10,9,9,0.0,858650.0222898965
LBWR,2,46,10,9,9,0.0,858650.0222898965
LBWR,3,45,10,9,9,0.0,858650.0222898965
LBWR,4,46,10,9,9,0.0,858650.0222898965
LBWR,5,28,10,9,9,0.0,858650.0222898965
LBWR,6,59,10,9,9,0.0,858650.0222898965
LBWR,7,68,10,9,9,0.0,858650.0222898965
LBWR,8,67,10,9,9,0.0,858650.0222898965
LBWR,9,2,10,9,9,0.0,858650.0222898965
MTPP,0,60,10,9,9,0.0,77270.0010950316
MTPP,1,1,10,9,9,0.0,77270.0010950316
MTPP,2,44,10,9,9,0.0,77270.0010950316
MTPP,3,45,10,9,9,0.0,77270.0010950316
MTPP,4,3,10,9,9,0.0,77270.0010950316
MTPP,5,42,10,9,9,0.0,77270.0010950316
MTPP,6,45,10,9,9,0.0,77270.0010950316
MTPP,7,68,10,9,9,0.0,77270.0010950316
MTPP,8,38,10,9,9,0.0,77270.0010950316
MTPP,9,69,10,9,9,0.0,77270.0010950316
NEVE,0,60,10,10,9,0.0,9900.000223517505
NEVE,1,30,10,10,9,0.0,9900.000223517505
NEVE,2,41,10,10,9,0.0,9900.000223517505
NEVE,3,46,10,10,9,0.0,9900.000223517505
NEVE,4,11,10,10,9,0.0,9900.000223517505
NEVE,5,37,10,10,9,0.0,9900.000223517505
NEVE,6,42,10,10,9,0.0,9900.000223517505
NEVE,7,66,10,10,9,0.0,9900.000223517505
NEVE,8,36,10,10,9,0.0,9900.000223517505
NEVE,9,27,10,10,9,0.0,9900.000223517505
WYPH,0,60,10,8,8,0.11111111111111116,597400.0226937119
WYPH,1,42,10,8,8,0.11111111111111116,597400.0226937119
WYPH,2,48,10,8,8,0.11111111111111116,597400.0226937119
WYPH,3,18,10,8,8,0.11111111111111116,597400.0226937119
WYPH,4,15,10,8,8,0.11111111111111116,597400.0226937119
WYPH,5,42,10,8,8,0.11111111111111116,597400.0226937119
WYPH,6,59,10,8,8,0.11111111111111116,597400.0226937119
WYPH,7,59,10,8,8,0.11111111111111116,597400.0226937119
WYPH,8,34,10,8,8,0.11111111111111116,597400.0226937119
WYPH,9,0,10,8,8,0.11111111111111116,597400.0226937119
