Security,Percent_Return,Blocks_Appeared,Unique_Clusters,Cluster_Changes,Stability_Score,Cluster_Sequence
NXMH,3189900.0424392065,10,10,9,0.0,"[6, 3, 46, 50, 13, 42, 45, 68, 38, 66]"
SVNJ,1979900.0690924954,10,10,9,0.0,"[61, 3, 36, 45, 14, 65, 24, 68, 38, 35]"
FSTF,1968000.0461659522,10,10,9,0.0,"[58, 3, 14, 6, 30, 42, 60, 39, 57, 35]"
NHLG,1415700.0409636418,10,9,9,0.0,"[61, 17, 44, 47, 14, 42, 40, 68, 17, 0]"
MTEI,1371900.0360305426,10,10,9,0.0,"[12, 3, 50, 15, 24, 42, 45, 68, 46, 35]"
NTME,999900.0401632867,10,9,9,0.0,"[3, 19, 35, 3, 30, 12, 33, 52, 43, 0]"
USBC,999900.0252621255,10,10,9,0.0,"[35, 52, 46, 45, 42, 57, 40, 28, 38, 68]"
LBWR,858650.0222898965,10,9,9,0.0,"[60, 33, 46, 45, 46, 28, 59, 68, 67, 2]"
CRFU,609900.0222644308,10,10,9,0.0,"[26, 42, 22, 46, 14, 38, 21, 68, 44, 35]"
WYPH,597400.0226937119,10,8,8,0.11111111111111116,"[60, 42, 48, 18, 15, 42, 59, 59, 34, 0]"
RWGI,562600.0064246703,10,10,9,0.0,"[49, 10, 46, 37, 1, 33, 45, 68, 41, 35]"
SRCX,449930.01137013925,10,9,9,0.0,"[29, 1, 45, 40, 13, 42, 45, 68, 28, 63]"
AHFI,402810.013244426,10,10,9,0.0,"[49, 35, 54, 36, 13, 34, 33, 32, 57, 55]"
TICJ,199900.00803265735,10,10,9,0.0,"[61, 3, 46, 50, 13, 42, 45, 68, 38, 35]"
HMBL,194110.0052423519,10,10,9,0.0,"[60, 35, 44, 47, 12, 38, 43, 67, 37, 32]"
GWSO,193133.33095432364,10,10,9,0.0,"[55, 45, 15, 12, 25, 16, 47, 26, 60, 57]"
WWDH,166500.0009313221,10,9,9,0.0,"[61, 3, 21, 3, 11, 37, 42, 12, 38, 0]"
ADCV,159900.01164153227,10,10,9,0.0,"[18, 3, 46, 50, 13, 42, 45, 68, 38, 0]"
FLMTF,122350.00165091478,10,10,9,0.0,"[13, 2, 24, 9, 1, 65, 23, 0, 35, 68]"
LRCFF,121900.00445288615,10,10,9,0.0,"[61, 3, 46, 50, 13, 42, 45, 67, 17, 10]"
MMIRF,121299.00037362042,10,9,9,0.0,"[2, 60, 11, 42, 30, 56, 0, 10, 17, 0]"
APWL,116400.00285363062,10,10,9,0.0,"[61, 3, 46, 50, 1, 42, 62, 25, 38, 35]"
WCHD,114900.00499130697,10,10,9,0.0,"[56, 3, 15, 58, 14, 42, 8, 68, 38, 35]"
FBDS,113913.81390390683,10,10,9,0.0,"[44, 57, 14, 40, 38, 51, 61, 16, 29, 35]"
CUBT,111160.0019368599,10,10,9,0.0,"[18, 3, 53, 47, 12, 9, 26, 19, 44, 55]"
MNIZ,108299.9954830913,10,8,8,0.11111111111111116,"[61, 46, 53, 8, 64, 65, 15, 15, 14, 8]"
PECN,99900.000291038,10,9,9,0.0,"[61, 17, 14, 0, 17, 27, 21, 68, 43, 35]"
BUSC,99900.0002910375,10,8,8,0.11111111111111116,"[30, 42, 46, 50, 13, 42, 68, 68, 38, 19]"
AFFN,99900.0002910375,10,10,9,0.0,"[61, 5, 56, 50, 13, 42, 45, 68, 38, 35]"
TNMD,98255.00369585963,10,10,9,0.0,"[61, 3, 46, 50, 13, 42, 45, 68, 38, 35]"
MJWL,94929.0025935151,10,8,9,0.0,"[55, 25, 46, 50, 21, 46, 55, 53, 35, 57]"
AQFD,91900.00250292945,10,10,9,0.0,"[61, 3, 46, 50, 13, 42, 45, 68, 38, 35]"
USLQ,89899.99839928918,10,10,9,0.0,"[61, 33, 46, 50, 13, 5, 45, 68, 39, 35]"
TORVF,88512.85991241747,10,9,9,0.0,"[28, 20, 0, 32, 52, 35, 66, 10, 8, 20]"
ITRX,87500.00018044369,10,10,9,0.0,"[4, 17, 14, 50, 42, 9, 43, 12, 41, 69]"
CIVX,82150.00205545763,10,10,9,0.0,"[38, 20, 27, 45, 26, 24, 29, 41, 48, 35]"
RGVNF,79900.00582076614,10,10,9,0.0,"[61, 3, 46, 50, 13, 42, 45, 68, 38, 35]"
BGUUF,79900.00023283061,10,9,9,0.0,"[60, 1, 44, 47, 38, 5, 38, 49, 31, 2]"
MTPP,77270.0010950316,10,9,9,0.0,"[60, 1, 44, 45, 3, 42, 45, 68, 38, 69]"
PIFR,76390.00256768546,10,9,8,0.11111111111111116,"[30, 54, 49, 18, 33, 16, 28, 68, 68, 56]"
MONI,74550.00248491699,10,9,9,0.0,"[10, 8, 11, 5, 26, 51, 4, 26, 50, 45]"
DPLS,68760.71672863184,10,10,9,0.0,"[24, 41, 42, 52, 26, 59, 14, 50, 54, 10]"
RBSY,64908.3363164841,10,8,9,0.0,"[45, 24, 43, 15, 43, 40, 62, 43, 3, 61]"
GRGG,63899.99999999998,10,9,9,0.0,"[48, 3, 51, 6, 1, 51, 4, 15, 34, 19]"
GRXXF,63552.630654035805,10,10,9,0.0,"[61, 3, 46, 50, 13, 42, 55, 8, 1, 6]"
SFWJ,61530.00234213077,10,10,9,0.0,"[33, 7, 21, 16, 40, 0, 46, 54, 17, 65]"
PECD,59900.00203726754,10,10,9,0.0,"[53, 6, 29, 26, 52, 1, 4, 39, 65, 35]"
KRTL,53730.00100044418,10,10,9,0.0,"[35, 49, 43, 44, 25, 64, 59, 68, 18, 65]"
TIPS,50840.00155268935,10,8,8,0.11111111111111116,"[38, 53, 53, 59, 5, 42, 32, 52, 38, 58]"
TEXG,49900.00014551824,10,8,9,0.0,"[0, 7, 12, 3, 8, 11, 26, 69, 26, 0]"
IVBT,49899.99956538334,10,9,9,0.0,"[61, 3, 46, 50, 13, 10, 59, 0, 59, 18]"
CYBL,49235.0011652446,10,10,9,0.0,"[62, 3, 27, 5, 13, 39, 45, 34, 56, 31]"
AVVH,48100.000922591404,10,9,9,0.0,"[54, 25, 57, 16, 62, 55, 54, 11, 38, 51]"
RIVT,46900.00050931689,10,10,9,0.0,"[62, 10, 14, 49, 27, 24, 25, 68, 41, 35]"
GVSI,45760.000368163404,10,10,9,0.0,"[8, 5, 57, 44, 25, 31, 45, 68, 14, 36]"
NRCD,44900.002924935,10,10,9,0.0,"[28, 1, 9, 5, 13, 42, 45, 68, 38, 35]"
BLITF,43471.4311468241,10,9,9,0.0,"[29, 3, 46, 9, 25, 28, 47, 63, 50, 47]"
SRNW,42567.08483052923,10,10,9,0.0,"[2, 42, 14, 36, 45, 47, 32, 61, 19, 7]"
AHELF,41896.99921660295,10,9,9,0.0,"[59, 30, 44, 47, 12, 38, 24, 10, 38, 17]"
DRFS,41300.00054389252,10,9,8,0.11111111111111116,"[20, 35, 12, 37, 29, 68, 54, 54, 38, 27]"
COLCF,38734.95227535624,10,10,9,0.0,"[4, 5, 54, 2, 6, 47, 20, 52, 34, 7]"
SCAL,37439.999669671495,10,10,9,0.0,"[4, 29, 28, 18, 24, 42, 25, 67, 21, 35]"
TSRR,36900.00029394867,10,8,7,0.2222222222222222,"[4, 4, 57, 7, 7, 10, 29, 13, 54, 55]"
ILUS,35399.998731074884,10,10,9,0.0,"[4, 23, 46, 44, 38, 59, 66, 6, 34, 17]"
ENMI,33840.000199361115,10,10,9,0.0,"[60, 1, 44, 47, 12, 64, 45, 68, 20, 35]"
AGSS,33636.53894090793,10,9,9,0.0,"[13, 57, 10, 43, 53, 11, 23, 47, 64, 53]"
DVFI,30700.00154250278,10,10,9,0.0,"[55, 8, 46, 50, 24, 42, 14, 68, 57, 35]"
MRVT,29900.00101863377,10,10,9,0.0,"[26, 57, 46, 50, 21, 42, 14, 68, 63, 0]"
HTHL,29900.000087311448,10,10,9,0.0,"[61, 3, 46, 50, 13, 42, 45, 68, 38, 35]"
ROCLF,29333.332585015673,10,10,9,0.0,"[48, 3, 30, 4, 53, 27, 47, 67, 44, 65]"
OPORF,28915.543749421,10,10,9,0.0,"[61, 3, 46, 50, 13, 42, 45, 68, 38, 35]"
UREQF,27559.999308494447,10,10,9,0.0,"[36, 44, 21, 47, 48, 13, 66, 15, 37, 32]"
AECFF,24900.00007275912,10,10,9,0.0,"[61, 3, 46, 50, 13, 42, 45, 68, 58, 35]"
AAPT,23414.286277654373,10,9,8,0.11111111111111116,"[20, 61, 50, 50, 59, 40, 55, 26, 56, 74]"
FBCD,23095.000392537873,10,10,9,0.0,"[17, 53, 46, 34, 52, 44, 54, 68, 18, 15]"
NSAV,23022.500170880987,10,9,9,0.0,"[4, 38, 45, 51, 45, 2, 39, 21, 68, 17]"
TKVR,22758.182171212127,10,10,9,0.0,"[38, 24, 17, 5, 8, 32, 40, 54, 18, 0]"
YTFD,22400.000502914383,10,10,9,0.0,"[61, 3, 46, 50, 13, 37, 42, 66, 36, 27]"
WWRL,21900.00043655746,10,10,9,0.0,"[62, 3, 49, 52, 24, 12, 65, 41, 42, 37]"
EEENF,21194.00053769324,10,10,9,0.0,"[61, 3, 46, 50, 13, 42, 45, 68, 38, 35]"
MDCE,20740.000701402296,10,10,9,0.0,"[11, 3, 48, 36, 62, 47, 66, 7, 33, 35]"
ROWC,19900.001455191534,10,9,9,0.0,"[53, 18, 37, 40, 52, 33, 61, 68, 18, 19]"
CDID,19900.000058207603,10,9,8,0.11111111111111116,"[61, 61, 36, 26, 24, 42, 62, 68, 38, 35]"
AQBN,19900.000058207603,10,10,9,0.0,"[61, 3, 46, 50, 13, 42, 45, 68, 38, 35]"
SMEV,19750.00049549268,10,9,9,0.0,"[62, 10, 57, 37, 52, 32, 13, 32, 21, 26]"
TTNN,19534.99899824623,10,8,9,0.0,"[53, 5, 44, 43, 54, 44, 4, 54, 8, 3]"
ICOA,19170.000721047374,10,10,9,0.0,"[8, 58, 49, 36, 13, 42, 45, 68, 56, 35]"
ENZC,19035.326691012357,10,10,9,0.0,"[38, 30, 21, 32, 52, 24, 15, 61, 44, 48]"
SFRFF,18800.000036379763,10,10,9,0.0,"[21, 54, 14, 47, 12, 28, 45, 68, 38, 35]"
FMNJ,18500.000817817596,10,9,9,0.0,"[38, 53, 43, 34, 5, 53, 59, 69, 27, 19]"
YSGG,18081.81858821363,10,10,9,0.0,"[1, 2, 9, 16, 55, 57, 47, 22, 19, 7]"
OFSTF,17510.489582859158,10,10,9,0.0,"[61, 3, 9, 50, 13, 42, 29, 67, 37, 58]"
COUV,17300.00075836405,10,10,9,0.0,"[29, 45, 46, 50, 4, 31, 55, 37, 33, 42]"
MNDP,16880.00045547492,10,8,9,0.0,"[33, 35, 45, 50, 13, 30, 33, 48, 45, 15]"
EXHI,16783.333424602974,10,10,9,0.0,"[51, 61, 6, 33, 34, 1, 60, 2, 30, 8]"
WNFT,15300.061206508533,10,9,9,0.0,"[33, 38, 46, 4, 30, 59, 19, 11, 22, 19]"
LBTI,15078.316760489,10,9,8,0.11111111111111116,"[54, 55, 46, 14, 27, 40, 45, 53, 53, 51]"
RRRT,14986.474881782735,10,6,8,0.11111111111111116,"[4, 57, 12, 12, 13, 65, 31, 65, 4, 12]"
MOOIF,14660.000724685338,10,10,9,0.0,"[61, 3, 46, 50, 13, 42, 45, 26, 48, 19]"
TONR,14571.429164938758,10,10,9,0.0,"[62, 21, 22, 40, 25, 24, 26, 36, 51, 1]"
XCPT,14404.999870857158,10,10,9,0.0,"[37, 54, 55, 52, 14, 33, 32, 41, 17, 70]"
OCLG,14350.000625402588,10,10,9,0.0,"[47, 46, 49, 34, 21, 5, 59, 65, 38, 0]"
CDNO,13600.000170257343,10,10,9,0.0,"[52, 61, 24, 18, 31, 13, 46, 62, 68, 63]"
CRSQ,13536.364252114536,10,10,9,0.0,"[59, 0, 41, 46, 11, 37, 42, 66, 36, 27]"
EUBG,13375.284923841768,10,7,9,0.0,"[17, 57, 26, 13, 63, 20, 13, 20, 13, 8]"
MTRT,13263.713890795583,10,9,9,0.0,"[23, 26, 14, 34, 61, 34, 15, 19, 57, 58]"
REVXF,12872.508208440098,10,10,9,0.0,"[61, 3, 46, 50, 13, 42, 45, 68, 38, 35]"
PGAI,12799.99937834544,10,10,9,0.0,"[61, 3, 46, 50, 14, 42, 45, 68, 38, 69]"
GHST,12418.181458545127,10,10,9,0.0,"[19, 39, 53, 62, 23, 60, 27, 69, 29, 44]"
AGYP,12104.258875935337,10,9,9,0.0,"[35, 21, 33, 58, 23, 59, 28, 53, 51, 33]"
TGGI,11955.00022228047,10,10,9,0.0,"[53, 12, 49, 3, 13, 0, 39, 11, 32, 26]"
VRSEF,11939.999287538885,10,9,9,0.0,"[13, 33, 23, 8, 13, 48, 55, 0, 66, 32]"
ARAT,11840.000165154557,10,9,9,0.0,"[6, 3, 56, 32, 13, 42, 26, 15, 43, 32]"
ETPHF,11800.000062573175,10,9,8,0.11111111111111116,"[6, 25, 37, 37, 65, 28, 45, 32, 60, 55]"
NSPT,11504.00026921032,10,10,9,0.0,"[48, 18, 14, 50, 13, 42, 45, 68, 43, 47]"
SGGDF,11490.000412546757,10,9,9,0.0,"[4, 39, 46, 18, 59, 20, 39, 10, 35, 62]"
IFAN,10934.539047857434,10,10,9,0.0,"[0, 38, 20, 40, 30, 56, 45, 68, 34, 44]"
VTON,10900.000218278381,10,10,9,0.0,"[61, 3, 46, 52, 13, 42, 45, 68, 38, 35]"
VPSN,10900.000218278381,10,10,9,0.0,"[61, 3, 46, 50, 13, 42, 45, 68, 29, 0]"
CGAM,10900.000218278381,10,10,9,0.0,"[61, 11, 19, 47, 17, 42, 45, 68, 38, 10]"
MKGP,10835.713986657629,10,9,9,0.0,"[53, 19, 21, 25, 19, 47, 40, 68, 61, 72]"
VPER,10800.000292493469,10,9,9,0.0,"[3, 25, 40, 50, 7, 46, 50, 11, 45, 51]"
KARE,10730.000037107324,10,10,9,0.0,"[33, 30, 49, 50, 42, 54, 28, 68, 38, 73]"
PBYA,10539.000300860786,10,10,9,0.0,"[37, 33, 11, 62, 16, 52, 28, 0, 50, 12]"
EGOC,10137.894558185044,10,9,9,0.0,"[45, 51, 35, 47, 52, 35, 13, 39, 12, 62]"
AMEUF,9968.142918178151,10,8,9,0.0,"[5, 34, 50, 60, 30, 50, 11, 7, 58, 50]"
GRHI,9959.999345746432,10,10,9,0.0,"[48, 42, 22, 3, 26, 64, 59, 68, 18, 2]"
NNYR,9900.000727595265,10,10,9,0.0,"[1, 25, 32, 40, 0, 64, 8, 47, 38, 35]"
CTNI,9900.000727595265,10,9,9,0.0,"[31, 57, 50, 14, 13, 59, 58, 59, 6, 25]"
NEVE,9900.000223517505,10,10,9,0.0,"[60, 30, 41, 46, 11, 37, 42, 66, 36, 27]"
XEPRF,9900.000029103749,10,10,9,0.0,"[5, 32, 48, 50, 42, 38, 40, 68, 18, 35]"
GMZP,9770.00015352639,10,8,8,0.11111111111111116,"[25, 4, 35, 31, 3, 24, 4, 7, 61, 61]"
KYNC,9629.412137066694,10,10,9,0.0,"[31, 3, 46, 50, 25, 42, 45, 15, 48, 16]"
HERF,9359.45918064559,10,10,9,0.0,"[50, 19, 14, 36, 6, 41, 62, 35, 64, 11]"
SEGI,9336.500217736553,10,9,9,0.0,"[13, 57, 49, 48, 63, 36, 57, 65, 68, 24]"
INSD,9170.050949869621,10,10,9,0.0,"[61, 3, 46, 50, 13, 42, 45, 68, 38, 35]"
FERN,8949.999783662282,10,9,9,0.0,"[6, 61, 12, 22, 1, 32, 2, 12, 55, 53]"
STZU,8900.000072759125,10,9,9,0.0,"[2, 3, 49, 50, 13, 51, 46, 68, 3, 0]"
MZPS,8900.000072759125,10,10,9,0.0,"[61, 3, 46, 50, 13, 42, 45, 68, 38, 35]"
RVTI,8782.105122298684,10,9,9,0.0,"[4, 45, 57, 13, 2, 57, 36, 9, 28, 10]"
IHAI,8744.142685733288,10,10,9,0.0,"[37, 38, 29, 32, 27, 47, 20, 26, 17, 13]"
SDAD,8604.41464698752,10,10,9,0.0,"[59, 0, 41, 35, 12, 27, 3, 37, 38, 19]"
BTNY,8600.967581052259,10,9,9,0.0,"[33, 3, 55, 15, 1, 33, 19, 17, 64, 2]"
BSSMF,8595.65202250715,10,9,9,0.0,"[61, 3, 32, 46, 58, 43, 45, 48, 58, 17]"
PUGE,8270.000335421622,10,10,9,0.0,"[52, 50, 13, 33, 27, 29, 28, 69, 60, 8]"
CAMG,8253.33342149858,10,10,9,0.0,"[44, 45, 49, 46, 11, 65, 38, 66, 36, 23]"
BDCM,8229.411456198643,10,8,8,0.11111111111111116,"[2, 34, 49, 1, 40, 29, 35, 29, 29, 51]"
AVRI,8004.767951500606,10,10,9,0.0,"[4, 0, 20, 40, 12, 29, 14, 13, 30, 22]"
HYHY,7800.0002837623015,10,10,9,0.0,"[33, 58, 13, 48, 6, 34, 60, 9, 21, 0]"
GYGC,7755.963412810318,10,10,9,0.0,"[56, 3, 57, 37, 40, 12, 41, 68, 48, 55]"
RINO,7742.028587582956,10,10,9,0.0,"[49, 58, 21, 13, 7, 42, 45, 52, 17, 6]"
GMPW,7595.10311404334,10,9,9,0.0,"[30, 12, 20, 51, 55, 1, 31, 45, 9, 55]"
HENI,7462.947630524698,10,9,9,0.0,"[3, 30, 15, 62, 52, 64, 39, 55, 60, 52]"
MDAW,7400.000254658443,10,8,8,0.11111111111111116,"[61, 49, 38, 47, 44, 68, 68, 41, 38, 4]"
ACCD,7345.454245362405,10,10,9,0.0,"[61, 3, 46, 50, 13, 42, 45, 68, 38, 35]"
HYWI,7199.999999999998,10,8,9,0.0,"[62, 3, 43, 50, 31, 42, 45, 26, 31, 3]"
ZUKI,7197.143121334425,10,9,9,0.0,"[46, 24, 44, 47, 7, 51, 69, 58, 35, 7]"
ILST,7067.500159164237,10,9,8,0.11111111111111116,"[56, 54, 9, 8, 13, 13, 25, 7, 66, 51]"
APSI,7012.149173890448,10,9,9,0.0,"[39, 33, 13, 44, 32, 27, 6, 24, 44, 68]"
MWWC,6948.9132431716125,10,9,9,0.0,"[15, 3, 45, 50, 13, 40, 45, 19, 29, 6]"
NHYF,6899.999927239874,10,9,8,0.11111111111111116,"[20, 3, 46, 50, 22, 64, 17, 68, 68, 35]"
PDIV,6899.409666111427,10,10,9,0.0,"[59, 0, 17, 3, 13, 10, 57, 66, 45, 56]"
JPEX,6593.616708526118,10,9,8,0.11111111111111116,"[34, 56, 22, 55, 24, 24, 29, 11, 32, 6]"
IBGR,6438.986324319735,10,10,9,0.0,"[37, 51, 21, 40, 24, 26, 62, 20, 46, 4]"
SPOI,6284.99994300306,10,9,9,0.0,"[32, 47, 12, 9, 25, 35, 39, 2, 55, 35]"
IONAF,6270.000270665591,10,10,9,0.0,"[15, 46, 10, 44, 13, 23, 45, 61, 38, 35]"
PTZH,6249.999810010199,10,10,9,0.0,"[61, 3, 46, 50, 13, 42, 45, 68, 38, 35]"
PHIL,6145.000119689451,10,10,9,0.0,"[53, 18, 32, 5, 25, 67, 17, 0, 50, 35]"
TNBI,6055.000228174054,10,10,9,0.0,"[20, 0, 41, 46, 19, 44, 55, 49, 43, 56]"
AXTG,6053.799748193983,10,10,9,0.0,"[2, 35, 14, 52, 12, 38, 45, 68, 21, 36]"
SHGI,6040.000063329987,10,10,9,0.0,"[10, 58, 37, 26, 23, 19, 50, 65, 39, 33]"
KAST,5962.074906276221,10,10,9,0.0,"[34, 0, 47, 22, 42, 64, 40, 6, 4, 20]"
APTY,5921.666627838327,10,9,9,0.0,"[61, 3, 55, 40, 25, 11, 60, 37, 60, 35]"
TRYXF,5890.999838765092,10,10,9,0.0,"[61, 3, 52, 1, 25, 57, 17, 9, 18, 7]"
VMNT,5887.450107651598,10,9,9,0.0,"[61, 3, 43, 22, 25, 48, 3, 5, 50, 19]"
CCWF,5785.833129122151,10,10,9,0.0,"[33, 42, 45, 12, 57, 30, 13, 63, 29, 53]"
HRBR,5739.394064134732,10,8,9,0.0,"[62, 2, 15, 57, 25, 15, 26, 32, 6, 15]"
MOBQ,5606.060527974326,10,10,9,0.0,"[4, 62, 12, 35, 51, 47, 16, 23, 26, 28]"
SNTE,5552.084377493749,10,10,9,0.0,"[54, 19, 49, 33, 40, 43, 32, 63, 25, 8]"
BISA,5505.999821884852,10,10,9,0.0,"[46, 1, 14, 9, 12, 38, 25, 66, 58, 24]"
DROR,5464.736716338301,10,10,9,0.0,"[48, 57, 29, 62, 46, 52, 2, 7, 38, 49]"
NILA,5423.437698010134,10,10,9,0.0,"[6, 11, 28, 33, 25, 55, 24, 0, 20, 21]"
