Variable Name,State,Price,Volume,Type,RPS,End Timepoint,Entry_Price,Exit_Price,Entry_Timepoint,Exit_Timepoint,Holding_Period,Final_Return,Positive_Return_Count,Position_Closed
ACLX,4.0603056246400655,33.869998931884766,399650.0,Short,0,2201,33.34000015258789,35.59000015258789,2202,2222,20,-0.06748650239059319,0,False
AESI,4.331709205750794,19.65999984741211,335860.0,Short,0,2201,19.520000457763672,21.030000686645508,2202,2222,20,-0.07735656728846362,0,False
AMLX,3.867263222318716,22.82999992370605,1133650.0,Short,0,2201,22.540000915527344,21.170000076293945,2202,2211,9,0.06078086883703864,5,True
APGE,3.757707937102333,21.030000686645508,635720.0,Short,0,2201,20.75,23.75,2202,2222,20,-0.14457831325301204,2,False
ATAT,4.1589605083303045,19.56999969482422,302200.0,Short,0,2201,20.540000915527344,20.309999465942383,2202,2218,16,0.011197733171038463,5,True
ATMU,4.496439211115389,24.520000457763672,273380.0,Short,0,2201,24.5,22.280000686645508,2202,2207,5,0.09061221687161193,5,True
BAM,5.030876752053435,34.13999938964844,1048650.0,Short,0,2201,33.84000015258789,32.900001525878906,2202,2207,5,0.02777773707063942,5,True
BHVN,4.756444191840004,23.799999237060547,924080.0,Short,0,2201,19.049999237060547,19.25,2202,2222,20,-0.01049872813382399,1,False
BJDX,4.73495048457795,56.880001068115234,134746.0,Short,0,2201,62.63999938964844,60.47999954223633,2202,2214,12,0.034482756520732974,5,True
BLCO,3.946952335268585,19.540000915527344,369480.0,Short,0,2201,19.739999771118164,18.690000534057617,2202,2208,6,0.05319145132903262,5,True
BRZE,5.615534374900663,44.68999862670898,553150.0,Short,0,2201,44.290000915527344,40.38999938964844,2202,2209,7,0.0880560272129421,5,True
CAVA,6.453274262119448,51.630001068115234,1889820.0,Short,0,2201,52.90999984741211,47.84999847412109,2202,2213,11,0.0956341218651225,5,True
CEG,5.079766010212215,97.33999633789062,1824130.0,Short,0,2201,95.73999786376952,105.87000274658205,2202,2222,20,-0.1058074483898227,1,False
COCO,4.6066136818130765,26.059999465942383,368530.0,Short,0,2201,26.530000686645508,24.57999992370605,2202,2207,5,0.0735017230482408,5,True
CR,5.220929285250867,93.5199966430664,333130.0,Short,0,2201,94.25,89.73999786376953,2202,2207,5,0.04785148155151691,5,True
CRBG,4.1830576219178175,19.270000457763672,1285850.0,Short,0,2201,18.920000076293945,18.31999969482422,2202,2212,10,0.031712493607307365,5,True
EE,4.167621120886589,20.76000022888184,145740.0,Short,0,2201,20.979999542236328,19.5,2202,2214,12,0.07054335436265553,5,True
EMBC,3.419213607774532,21.290000915527344,688820.0,Short,0,2201,21.280000686645508,20.600000381469727,2202,2213,11,0.03195490052791787,5,True
ESAB,4.937646967616544,67.5,250710.0,Short,0,2201,67.5,68.9800033569336,2202,2222,20,-0.021925975658275462,0,False
FG,5.3675446253130135,25.76000022888184,100260.0,Short,0,2201,26.600000381469727,27.989999771118164,2202,2222,20,-0.05225561540280083,3,False
FLNC,5.060762143189022,28.06999969482422,1049540.0,Short,0,2201,27.32999992370605,24.34000015258789,2202,2214,12,0.10940357773380868,5,True
FTRE,5.169777695166672,33.099998474121094,1544780.0,Short,0,2201,31.729999542236328,30.209999084472656,2202,2208,6,0.04790420673471407,5,True
GEHC,4.405259787616987,77.43000030517578,3524480.0,Short,0,2201,77.87000274658203,75.58999633789062,2202,2208,6,0.029279649778765203,5,True
GFS,4.542488481990878,60.650001525878906,2003870.0,Short,0,2201,62.75,59.150001525878906,2202,2208,6,0.05737049361149153,5,True
GPCR,5.349299158087317,35.470001220703125,199300.0,Short,0,2201,36.220001220703125,30.0,2202,2209,7,0.17172835480601287,5,True
GTLB,5.032171381594407,48.43000030517578,1623600.0,Short,0,2201,47.97999954223633,45.45000076293945,2202,2209,7,0.05273027935462445,5,True
HCP,4.490192964919982,29.0,1889920.0,Short,0,2201,29.26000022888184,28.850000381469727,2202,2209,7,0.014012298161481624,5,True
INFA,3.728452686959043,18.780000686645508,293320.0,Short,0,2201,18.61000061035156,20.309999465942383,2202,2222,20,-0.09134867274777105,1,False
IOT,4.623638088043134,26.0,2571950.0,Short,0,2201,27.709999084472656,25.290000915527344,2202,2208,6,0.08733302955254742,5,True
KNF,5.394823589599183,44.29999923706055,339910.0,Short,0,2201,43.90999984741211,48.13999938964844,2202,2222,20,-0.09633339915590158,2,False
KSCP,7.307342141706176,80.0,237804.4,Short,0,2201,75.5,63.0,2202,2207,5,0.16556291390728478,5,True
KVUE,4.0333114005694375,24.690000534057617,11223900.0,Short,0,2201,24.399999618530277,23.530000686645508,2202,2207,5,0.035655694487144965,5,True
MBLY,4.601768283489306,40.43999862670898,2283840.0,Short,0,2201,37.66999816894531,35.040000915527344,2202,2217,15,0.06981676085097627,5,True
MSGE,4.588135859377987,34.66999816894531,274090.0,Short,0,2201,35.40999984741211,33.2599983215332,2202,2207,5,0.060717354847321076,5,True
NXT,4.806240951159558,39.310001373291016,1299700.0,Short,0,2201,42.72999954223633,40.7400016784668,2202,2208,6,0.04657144594168611,5,True
ODD,8.43069781345545,51.84999847412109,1246550.0,Short,0,2201,50.59999847412109,45.310001373291016,2202,2216,14,0.1045454004022469,5,True
PHIN,4.99688381459058,28.61000061035156,1820260.0,Short,0,2201,27.34000015258789,26.34000015258789,2202,2219,17,0.03657644456543078,5,True
PKST,3.7178715518269354,23.799999237060547,158140.0,Short,0,2201,23.75,22.0,2202,2208,6,0.07368421052631578,5,True
PTLO,4.584622340613973,23.5,421060.0,Short,0,2201,22.82999992370605,19.63999938964844,2202,2208,6,0.1397284513674133,5,True
RIVN,5.270602432695093,27.14999961853028,68396850.0,Short,0,2201,26.940000534057617,24.799999237060547,2202,2209,7,0.07943582979115665,5,True
RXO,4.54673550804869,22.0,906620.0,Short,0,2201,21.8700008392334,19.850000381469727,2202,2209,7,0.09236398629395198,5,True
SDRL,5.578003550517355,46.25,763280.0,Short,0,2201,46.59000015258789,48.47999954223633,2202,2222,20,-0.040566631969488315,2,False
SKWD,4.622126422529394,24.89999961853028,202280.0,Short,0,2201,24.3700008392334,23.559999465942383,2202,2207,5,0.033237642404467624,5,True
SLRN,4.70844187752987,23.979999542236328,470300.0,Short,0,2201,25.3799991607666,24.46999931335449,2202,2207,5,0.035854999113586514,5,True
SVV,4.293509198841363,24.11000061035156,477620.0,Short,0,2201,24.450000762939453,23.940000534057617,2202,2207,5,0.02085890441585909,5,True
SXTP,3.912050722010384,26.76000022888184,382843.3,Short,0,2201,25.31999969482422,18.600000381469727,2202,2210,8,0.2654028196820302,5,True
TLN,5.707616023072071,52.69200134277344,113650.0,Short,0,2201,54.25,54.0,2202,2208,6,0.004608294930875576,5,True
TLNE,5.707616023072071,52.69200134277344,113648.6,Short,0,2201,54.25,54.0,2202,2208,6,0.004608294930875576,5,True
TPG,5.058208445840191,30.59000015258789,407580.0,Short,0,2201,30.09000015258789,29.93000030517578,2202,2207,5,0.00531737609174949,5,True
UHAL-B,5.12195095638627,57.79999923706055,278588.0,Short,0,2201,57.040000915527344,54.4900016784668,2202,2210,8,0.04470545575265567,5,True
VTMX,5.774428995293518,35.630001068115234,179800.0,Short,0,2201,36.560001373291016,34.099998474121094,2202,2207,5,0.06728672885026427,5,True
VTS,4.907278844490464,24.479999542236328,257950.0,Short,0,2201,24.84000015258789,24.56999969482422,2202,2208,6,0.010869583579110508,5,True
VTYX,4.868762422620845,36.209999084472656,426040.0,Short,0,2201,37.2400016784668,35.400001525878906,2202,2207,5,0.04940923924962737,5,True
NBTX,3.648502592861608,8.5600004196167,243530.0,Short,0,2201,7.800000190734863,10.649999618530272,2202,2222,20,-0.36538453309023583,4,False
NHYF,3.908225676328648,0.0070000002160668,1863925.5,Short,0,2201,0.0054999999701976,0.0054000001400709,2202,2222,20,0.018181787394283947,3,False
BGLC,3.833698312618951,3.049999952316284,2736610.0,Short,0,2201,3.0,1.870000004768372,2202,2207,5,0.3766666650772093,5,True
MLTX,3.646865057844584,59.01499938964844,627460.0,Short,0,2201,61.2599983215332,57.290000915527344,2202,2207,5,0.06480570543225733,5,True
AMPS,3.560746909740577,6.639999866485596,1166570.0,Short,0,2201,6.590000152587891,6.110000133514404,2202,2209,7,0.07283763398472616,5,True
ACLX,3.636534432830624,33.34000015258789,418140.0,Short,0,2203,34.18000030517578,35.77000045776367,2204,2224,20,-0.046518435880385914,4,False
AESI,4.056005601835449,19.520000457763672,351430.0,Short,0,2203,21.399999618530277,20.850000381469727,2204,2209,5,0.02570089938619932,5,True
AMLX,3.538120022593624,22.540000915527344,1304210.0,Short,0,2203,23.3799991607666,21.709999084472656,2204,2209,5,0.07142857725573964,5,True
APGE,3.4026929535323305,20.75,218980.0,Short,0,2203,21.43000030517578,23.5,2204,2224,20,-0.09659354481316884,4,False
ATAT,4.3879122982909005,20.540000915527344,318960.0,Short,0,2203,20.06999969482422,19.780000686645508,2204,2224,20,0.014449377807090737,4,False
ATMU,4.133623658432708,24.5,280390.0,Short,0,2203,24.290000915527344,22.950000762939453,2204,2209,5,0.05516673948461227,5,True
BAM,4.516298968393869,33.84000015258789,867690.0,Short,0,2203,33.34000015258789,32.9900016784668,2204,2209,5,0.010497854604656517,5,True
BJDX,4.918860645123565,62.63999938964844,249979.9,Short,0,2203,46.0,49.91999816894531,2204,2224,20,-0.08521735149881114,1,False
BLCO,3.8350667170269497,19.739999771118164,316430.0,Short,0,2203,19.350000381469727,18.600000381469727,2204,2209,5,0.038759689158364447,5,True
BLTE,5.288600154849312,24.100000381469727,121350.0,Short,0,2203,21.809999465942383,36.63999938964844,2204,2224,20,-0.6799633327301995,1,False
BRZE,4.981105556442781,44.290000915527344,503030.0,Short,0,2203,44.369998931884766,40.38999938964844,2204,2209,5,0.08970023975764077,5,True
CAVA,5.85302615418149,52.90999984741211,1388950.0,Short,0,2203,56.9900016784668,50.5099983215332,2204,2209,5,0.11370421417941473,5,True
CEG,4.47369781231668,95.73999786376952,1755280.0,Short,0,2203,96.3000030517578,105.54000091552734,2204,2224,20,-0.09595013053949103,1,False
COCO,4.383036533927448,26.530000686645508,365020.0,Short,0,2203,26.38999938964844,28.239999771118164,2204,2224,20,-0.07010232755804426,4,False
CR,4.718083117519452,94.25,286890.0,Short,0,2203,92.69000244140624,90.31999969482422,2204,2209,5,0.025569130263862153,5,True
CRBG,3.849667748763335,18.920000076293945,1254210.0,Short,0,2203,18.739999771118164,17.829999923706055,2204,2214,10,0.048559224040898276,5,True
EE,4.034163850677124,20.979999542236328,124630.0,Short,0,2203,21.020000457763672,19.5,2204,2214,10,0.07231210393253176,5,True
ESAB,4.444891854977798,67.5,250070.0,Short,0,2203,73.3499984741211,72.0199966430664,2204,2209,5,0.018132268012574407,5,True
FLNC,4.444379946088693,27.32999992370605,1000730.0,Short,0,2203,28.850000381469727,27.6200008392334,2204,2209,5,0.04263429899385212,5,True
FTRE,4.409037521777521,31.729999542236328,1370400.0,Short,0,2203,30.809999465942383,30.6299991607666,2204,2209,5,0.005842269013173954,5,True
GEHC,4.022366296454291,77.87000274658203,3812920.0,Short,0,2203,77.69000244140625,73.93000030517578,2204,2209,5,0.0483975031287489,5,True
GFS,4.294839613614819,62.75,2095380.0,Short,0,2203,62.22999954223633,60.130001068115234,2204,2209,5,0.03374575750552267,5,True
GPCR,4.983092721495438,36.220001220703125,160890.0,Short,0,2203,36.41999816894531,30.0,2204,2209,5,0.1762767295913686,5,True
GTLB,4.489589743069474,47.97999954223633,1584710.0,Short,0,2203,48.5,45.45000076293945,2204,2209,5,0.06288658220743396,5,True
HCP,4.193756350606276,29.26000022888184,1744060.0,Short,0,2203,29.18000030517578,27.979999542236328,2204,2211,7,0.04112408328956062,5,True
INFA,3.4955752903890707,18.61000061035156,259980.0,Short,0,2203,19.15999984741211,20.46999931335449,2204,2224,20,-0.06837158018658948,1,False
IOT,4.7296376294126565,27.709999084472656,2301810.0,Short,0,2203,27.459999084472656,24.670000076293945,2204,2209,5,0.10160229793147825,5,True
KNF,4.790679952321272,43.90999984741211,352710.0,Short,0,2203,43.77000045776367,50.5099983215332,2204,2224,20,-0.1539866984985153,0,False
KSCP,5.949594623824001,75.5,172658.4,Short,0,2203,71.5,63.0,2204,2210,6,0.11888111888111888,5,True
KVUE,3.658427259553215,24.39999961853028,13062170.0,Short,0,2203,23.649999618530277,23.3700008392334,2204,2211,7,0.011839272042841539,5,True
MBLY,3.788385649293396,37.66999816894531,2994310.0,Short,0,2203,38.27000045776367,36.72999954223633,2204,2215,11,0.04024042061946018,5,True
MSGE,4.304249863195799,35.40999984741211,262140.0,Short,0,2203,33.66999816894531,32.5099983215332,2204,2210,6,0.034452031793753,5,True
NXT,4.842586761768379,42.72999954223633,1828850.0,Short,0,2203,43.34000015258789,41.22999954223633,2204,2209,5,0.04868483163181465,5,True
ODD,6.954423727121091,50.59999847412109,1365420.0,Short,0,2203,53.2599983215332,52.380001068115234,2204,2212,8,0.016522667689649228,5,True
PHIN,4.268755414184068,27.34000015258789,1506550.0,Short,0,2203,29.059999465942383,28.209999084472656,2204,2210,6,0.02924984160670431,5,True
PKST,3.440167346058352,23.75,140980.0,Short,0,2203,22.979999542236328,21.459999084472656,2204,2210,6,0.06614449469287287,5,True
PTLO,4.06478591930758,22.82999992370605,422150.0,Short,0,2203,22.690000534057617,19.1200008392334,2204,2209,5,0.1573380172232989,5,True
RIVN,4.780548308545665,26.940000534057617,64518420.4,Short,0,2203,27.299999237060547,24.799999237060547,2204,2209,5,0.09157509413429496,5,True
RXO,4.226047727552558,21.8700008392334,802240.0,Short,0,2203,21.920000076293945,19.850000381469727,2204,2209,5,0.09443429231840575,5,True
SDRL,5.044979160043511,46.59000015258789,787190.0,Short,0,2203,47.66999816894531,46.09000015258789,2204,2209,5,0.033144495008324,5,True
SKWD,4.1243862369663935,24.3700008392334,188780.0,Short,0,2203,23.799999237060547,23.76000022888184,2204,2220,16,0.0016806306496187737,5,True
SLRN,4.751650600449742,25.3799991607666,479390.0,Short,0,2203,24.63999938964844,24.51000022888184,2204,2222,18,0.0052759400968660644,5,True
SVV,4.031496022284677,24.450000762939453,460380.0,Short,0,2203,24.1299991607666,23.190000534057617,2204,2209,5,0.03895560130136038,5,True
TLN,5.266148454006018,54.25,104530.0,Short,0,2203,54.09999847412109,54.0,2204,2216,12,0.00184840068283775,5,True
TLNE,5.266148454006018,54.25,104530.5,Short,0,2203,54.09999847412109,54.0,2204,2216,12,0.00184840068283775,5,True
TPG,4.509110439837405,30.09000015258789,451290.0,Short,0,2203,29.51000022888184,27.51000022888184,2204,2211,7,0.06777363552991683,5,True
UHAL-B,4.530738020754752,57.040000915527344,277571.7,Short,0,2203,57.25,54.4900016784668,2204,2210,6,0.048209577668702236,5,True
VTMX,5.331447843942794,36.560001373291016,182980.0,Short,0,2203,35.630001068115234,33.95000076293945,2204,2209,5,0.04715128416538805,5,True
VTS,4.65724102685776,24.84000015258789,254420.0,Short,0,2203,24.530000686645508,24.09000015258789,2204,2211,7,0.01793724100045215,5,True
VTYX,4.613197974894663,37.2400016784668,447550.0,Short,0,2203,37.18999862670898,33.060001373291016,2204,2209,5,0.11105128813992199,5,True
MLTX,3.668532571373874,61.2599983215332,570550.0,Short,0,2203,57.84999847412109,54.2400016784668,2204,2209,5,0.06240271202892433,5,True
XPO,3.912236925226869,71.5999984741211,2428540.0,Short,0,2203,69.22000122070312,72.55000305175781,2204,2224,20,-0.04810750899060533,4,False
JOE,3.6022979957054964,64.51000213623047,220250.0,Short,0,2203,62.900001525878906,62.41999816894531,2204,2211,7,0.007631213756586417,5,True
CCCC,-3.1946463023124787,3.640000104904175,460090.0,Long,0,2202,3.890000104904175,3.150000095367432,2203,2223,20,-0.1902313597893776,0,False
ACLX,3.873462140244421,33.09000015258789,403210.0,Short,0,2202,34.25,33.65999984741211,2203,2212,9,0.017226281827383668,5,True
AESI,4.234008870033902,19.190000534057617,350470.0,Short,0,2202,19.75,21.5,2203,2223,20,-0.08860759493670886,0,False
AMLX,3.731503389634664,22.26000022888184,1148080.0,Short,0,2202,23.450000762939453,22.0,2203,2208,5,0.061833719222348364,5,True
APGE,3.805551524341101,21.290000915527344,659860.0,Short,0,2202,21.399999618530277,23.32999992370605,2203,2223,20,-0.09018693175604477,4,False
ATAT,4.080828234191755,19.09000015258789,253190.0,Short,0,2202,20.26000022888184,19.479999542236328,2203,2223,20,0.038499539873330005,5,True
ATMU,4.407367621866947,24.34000015258789,290440.0,Short,0,2202,23.850000381469727,23.399999618530277,2203,2210,7,0.0188679562155931,5,True
BAM,4.8325408919991775,33.560001373291016,902730.0,Short,0,2202,33.720001220703125,33.029998779296875,2203,2208,5,0.020462705113504207,5,True
BLCO,3.971200564354228,19.34000015258789,307200.0,Short,0,2202,19.8700008392334,18.690000534057617,2203,2208,5,0.05938602190926262,5,True
BLTE,4.24703710935297,20.549999237060547,113630.0,Short,0,2202,23.21999931335449,22.540000915527344,2203,2209,6,0.02928503091884496,5,True
BRZE,5.22025972943668,43.13999938964844,508910.0,Short,0,2202,45.459999084472656,40.93999862670898,2203,2208,5,0.09942808070375728,5,True
CAVA,5.948134062515269,49.880001068115234,1508760.0,Short,0,2202,57.11000061035156,52.959999084472656,2203,2208,5,0.0726668093420873,5,True
CEG,4.816858720141193,95.41999816894533,1767680.0,Short,0,2202,96.6500015258789,105.37000274658205,2203,2223,20,-0.09022246335265996,2,False
COCO,4.547675417148981,25.8700008392334,363800.0,Short,0,2202,26.420000076293945,26.309999465942383,2203,2216,13,0.004163535580390233,5,True
CR,5.060072763734863,93.54000091552734,328310.0,Short,0,2202,93.69000244140624,91.4499969482422,2203,2208,5,0.023908692867896278,5,True
CRBG,4.117003012591711,18.81999969482422,1240740.0,Short,0,2202,18.709999084472656,17.829999923706055,2203,2214,11,0.04703362927991316,5,True
CRDO,3.418328792850938,16.969999313354492,1894140.0,Short,0,2202,16.969999313354492,16.40999984741211,2203,2208,5,0.0329993805893494,5,True
EE,4.183818605676236,20.540000915527344,142640.0,Short,0,2202,21.21999931335449,20.51000022888184,2203,2211,8,0.03345895888063587,5,True
EMBC,3.444154802995699,21.200000762939453,704730.0,Short,0,2202,21.34000015258789,20.82999992370605,2203,2212,9,0.023898792185340825,5,True
ESAB,4.809239853973441,67.52999877929688,258290.0,Short,0,2202,68.69999694824219,70.86000061035156,2203,2223,20,-0.03144110273740911,4,False
FLNC,4.943908346546974,27.76000022888184,983960.0,Short,0,2202,29.239999771118164,27.149999618530277,2203,2208,5,0.07147743395854218,5,True
FTRE,5.030548067758365,33.0099983215332,1451800.0,Short,0,2202,31.959999084472656,30.209999084472656,2203,2208,5,0.054755946499704826,5,True
GEHC,4.263319450286661,76.86000061035156,3699320.0,Short,0,2202,78.0,75.58999633789062,2203,2208,5,0.030897482847556088,5,True
GFS,4.516385165144922,61.459999084472656,2063450.0,Short,0,2202,63.68999862670898,59.150001525878906,2203,2208,5,0.07128273196297703,5,True
GPCR,5.064238578487277,34.599998474121094,172650.0,Short,0,2202,36.83000183105469,26.489999771118164,2203,2208,5,0.2807494310580766,5,True
GTLB,4.707263017127239,46.875,1675410.0,Short,0,2202,49.630001068115234,47.400001525878906,2203,2208,5,0.04493249031318256,5,True
HCP,4.347240866733609,28.51000022888184,1763120.0,Short,0,2202,29.61000061035156,28.850000381469727,2203,2209,6,0.02566701159121688,5,True
INFA,3.683428537279216,18.39999961853028,266600.0,Short,0,2202,19.040000915527344,20.350000381469727,2203,2223,20,-0.068802489650831,1,False
IOT,4.6184780121232505,26.01000022888184,2440680.0,Short,0,2202,27.940000534057617,25.290000915527344,2203,2208,5,0.09484608331700073,5,True
KNF,5.133030167199066,43.58000183105469,356400.0,Short,0,2202,43.470001220703125,49.810001373291016,2203,2223,20,-0.14584771047966724,0,False
KSCP,6.263001233988873,73.0,215514.0,Short,0,2202,71.5,63.0,2203,2210,7,0.11888111888111888,5,True
KVUE,3.89305217388783,24.239999771118164,12123730.0,Short,0,2202,23.68000030517578,23.350000381469727,2203,2210,7,0.013935807409340532,5,True
MBLY,4.139979087302819,38.0099983215332,2855280.0,Short,0,2202,38.18000030517578,36.72999954223633,2203,2215,12,0.03797801863146887,5,True
MSGE,4.51391019793416,34.709999084472656,274110.0,Short,0,2202,34.84000015258789,33.720001220703125,2203,2208,5,0.032146926721571004,5,True
NXT,5.505024017528528,44.18999862670898,1724770.0,Short,0,2202,42.34999847412109,41.22999954223633,2203,2209,6,0.026446256723460307,5,True
ODD,7.442256577137205,49.130001068115234,1318060.0,Short,0,2202,53.290000915527344,50.5,2203,2210,7,0.052355054749387495,5,True
PHIN,4.4879623565241005,26.90999984741211,1638870.0,Short,0,2202,28.3700008392334,26.84000015258789,2203,2215,12,0.053930230574037966,5,True
PKST,3.6048713675923167,23.39999961853028,144350.0,Short,0,2202,25.34000015258789,22.0,2203,2208,5,0.13180742432816392,5,True
PTLO,4.391255006974317,22.799999237060547,426710.0,Short,0,2202,23.049999237060547,19.63999938964844,2203,2208,5,0.14793926074970953,5,True
RIVN,4.90907304356524,26.049999237060547,65088480.4,Short,0,2202,27.63999938964844,24.280000686645508,2203,2208,5,0.12156290800285975,5,True
RXO,4.420661986907376,21.479999542236328,852080.0,Short,0,2202,22.049999237060547,20.11000061035156,2203,2208,5,0.08798180017386732,5,True
SDRL,5.354778587235997,45.77000045776367,749430.0,Short,0,2202,48.90999984741211,46.310001373291016,2203,2208,5,0.053158832186311344,5,True
SKWD,4.552068071521751,24.64999961853028,196610.0,Short,0,2202,23.690000534057617,23.40999984741211,2203,2222,19,0.011819361770083902,5,True
SLRN,4.825198387568803,24.39999961853028,489810.0,Short,0,2202,24.84000015258789,24.559999465942383,2203,2209,6,0.011272169280415108,5,True
SVV,4.368662516690852,24.56999969482422,467500.0,Short,0,2202,24.170000076293945,23.850000381469727,2203,2208,5,0.01323954049706752,5,True
SXTP,3.752795362686828,26.280000686645508,200961.6,Short,0,2202,26.8799991607666,20.399999618530277,2203,2208,5,0.24107141906813656,5,True
TLN,5.493499419299946,52.5,119810.0,Short,0,2202,54.25,54.0,2203,2208,5,0.004608294930875576,5,True
TLNE,5.493499419299946,52.5,119807.3,Short,0,2202,54.25,54.0,2203,2208,5,0.004608294930875576,5,True
TPG,4.819731933312224,29.81999969482422,417910.0,Short,0,2202,29.43000030517578,27.51000022888184,2203,2211,8,0.06523955339396569,5,True
UHAL-B,4.895159109691591,56.959999084472656,284150.3,Short,0,2202,57.209999084472656,54.4900016784668,2203,2210,7,0.04754409105984574,5,True
VTMX,5.638824043422355,35.81999969482422,179440.0,Short,0,2202,36.27000045776367,34.25,2203,2208,5,0.055693422450213574,5,True
VTS,4.835543678496747,24.21999931335449,253770.0,Short,0,2202,25.190000534057617,24.56999969482422,2203,2208,5,0.024612974437818656,5,True
VTYX,4.680282860787632,35.619998931884766,465640.0,Short,0,2202,37.04999923706055,33.060001373291016,2203,2209,6,0.10769225225188123,5,True
CELH,3.547102938138454,48.143333435058594,3045390.0,Short,0,2202,48.23333358764648,47.7400016784668,2203,2208,5,0.01022802847087543,5,True
JOE,5.363600336900398,64.55999755859375,180980.0,Short,0,2202,63.47999954223633,62.09000015258789,2203,2208,5,0.021896650908505497,5,True
MLTX,3.632861881496285,60.220001220703125,656000.0,Short,0,2202,60.810001373291016,53.18000030517578,2203,2208,5,0.12547279881277038,5,True
CAMT,3.7665110872515424,46.0,429840.0,Short,0,2202,47.61000061035156,47.47999954223633,2203,2209,6,0.0027305411982491974,5,True
MCIC,-3.0062944691901805,0.0007999999797903,277981.0,Long,0,2204,0.0007999999797903,0.001300000003539,2205,2210,5,0.6250000454747042,5,True
BAM,3.610899298028955,33.720001220703125,846630.0,Short,0,2204,32.279998779296875,34.58000183105469,2205,2225,20,-0.07125164618137918,0,False
BLTE,3.870225024683108,23.21999931335449,125670.0,Short,0,2204,21.100000381469727,32.36000061035156,2205,2225,20,-0.5336492902990895,0,False
BRZE,4.185311378997223,45.459999084472656,453420.0,Short,0,2204,42.43000030517578,41.59000015258789,2205,2211,6,0.01979731667561228,5,True
CAVA,5.256648392409253,57.11000061035156,1499170.0,Short,0,2204,55.31999969482422,48.09000015258789,2205,2211,6,0.1306941356131781,5,True
CEG,3.7155198782591192,96.6500015258789,1677160.0,Short,0,2204,95.5500030517578,105.73999786376952,2205,2225,20,-0.10664567751496537,0,False
COCO,3.459336385640104,26.420000076293945,359320.0,Short,0,2204,25.06999969482422,28.670000076293945,2205,2225,20,-0.14359794277193222,2,False
CR,3.8578914621014126,93.69000244140624,289360.0,Short,0,2204,92.43000030517578,89.61000061035156,2205,2210,5,0.03050957141094273,5,True
ESAB,3.718946568890024,68.69999694824219,276770.0,Short,0,2204,71.7300033569336,71.33999633789062,2205,2213,8,0.005437153224464052,5,True
FLNC,3.9725516717467633,29.239999771118164,960680.0,Short,0,2204,27.6299991607666,24.1200008392334,2205,2213,8,0.12703577372949212,5,True
FTRE,3.641057346643339,31.959999084472656,1282020.0,Short,0,2204,30.0,26.520000457763672,2205,2216,11,0.11599998474121094,5,True
GFS,3.5704320736476385,63.68999862670898,2030660.0,Short,0,2204,60.34999847412109,59.209999084472656,2205,2210,5,0.018889799808980572,5,True
GPCR,4.128930679123979,36.83000183105469,159120.0,Short,0,2204,31.86000061035156,28.11000061035156,2205,2210,5,0.11770244595606179,5,True
GTLB,3.816428013950333,49.630001068115234,1528060.0,Short,0,2204,45.96500015258789,45.77999877929688,2205,2213,8,0.0040248313429102145,5,True
HCP,3.406344064371005,29.61000061035156,1693800.0,Short,0,2204,27.979999542236328,29.13999938964844,2205,2225,20,-0.04145817964225023,2,False
IOT,3.830069129891704,27.940000534057617,2383780.0,Short,0,2204,26.11000061035156,23.850000381469727,2205,2211,6,0.08655688150332075,5,True
KNF,3.879293173735919,43.470001220703125,352140.0,Short,0,2204,44.18000030517578,50.66999816894531,2205,2225,20,-0.14689899997599626,0,False
KSCP,4.5432138005752165,71.5,126471.8,Short,0,2204,71.5,63.0,2205,2210,5,0.11888111888111888,5,True
MSGE,3.415695661723272,34.84000015258789,252620.0,Short,0,2204,33.58000183105469,32.33000183105469,2205,2211,6,0.03722453638593919,5,True
NXT,3.8823574444602342,42.34999847412109,1791180.0,Short,0,2204,41.72999954223633,40.91999816894531,2205,2210,5,0.01941052916789961,5,True
ODD,6.018107138530963,53.290000915527344,1404530.0,Short,0,2204,54.2599983215332,52.380001068115234,2205,2212,7,0.03464794160658659,5,True
PHIN,3.6834489756692377,28.3700008392334,1470780.0,Short,0,2204,29.8799991607666,28.209999084472656,2205,2210,5,0.05589023170009687,5,True
RIVN,3.9808802049631535,27.63999938964844,61604980.4,Short,0,2204,25.90999984741211,21.90999984741211,2205,2211,6,0.15438054896011588,5,True
SDRL,4.376164786379169,48.90999984741211,932110.0,Short,0,2204,46.93999862670898,48.7400016784668,2205,2225,20,-0.0383468918708833,3,False
SLRN,3.676491268620497,24.84000015258789,481940.0,Short,0,2204,25.06999969482422,24.899999618530277,2205,2211,6,0.006781016288924759,5,True
SN,8.018447493171553,42.310001373291016,120010.0,Short,0,2204,36.91999816894531,29.950000762939453,2205,2210,5,0.1887865046501699,5,True
TLN,4.32586982888625,54.25,116780.0,Short,0,2204,53.375,55.0,2205,2225,20,-0.03044496487119438,1,False
TLNE,4.32586982888625,54.25,116773.7,Short,0,2204,53.375,55.0,2205,2225,20,-0.03044496487119438,1,False
TPG,3.4639490607789813,29.43000030517578,471870.0,Short,0,2204,29.09000015258789,27.280000686645508,2205,2213,8,0.06222067571152496,5,True
UHAL-B,3.7088779492004544,57.209999084472656,281209.0,Short,0,2204,55.77999877929688,53.7599983215332,2205,2214,9,0.03621370566457265,5,True
VTMX,4.3174784842608736,36.27000045776367,197360.0,Short,0,2204,34.59000015258789,34.02000045776367,2205,2210,5,0.016478742188776013,5,True
VTS,3.793029209837188,25.190000534057617,265700.0,Short,0,2204,23.459999084472656,22.729999542236328,2205,2219,14,0.031116776245719846,5,True
VTYX,3.684599372228009,37.04999923706055,425930.0,Short,0,2204,36.68000030517578,32.779998779296875,2205,2210,5,0.10632501345231972,5,True
QSI,3.627348575973098,3.890000104904175,3563410.0,Short,0,2204,3.3949999809265137,2.180000066757202,2205,2211,6,0.3578792108970002,5,True
IONQ,3.4812816130059097,19.25,10509580.0,Short,0,2204,18.32999992370605,14.489999771118164,2205,2210,5,0.2094926442209988,5,True
CAMT,3.946347697360836,47.61000061035156,471540.0,Short,0,2204,45.709999084472656,58.95000076293945,2205,2225,20,-0.28965219741087955,1,False
XPO,3.452988986987428,69.23999786376953,2559050.0,Short,0,2204,68.29000091552734,73.5,2205,2225,20,-0.07629226848184212,0,False
MLTX,3.5655532527094462,60.810001373291016,489330.0,Short,0,2204,57.83000183105469,54.22999954223633,2205,2210,5,0.062251464202533704,5,True
AESI,3.946105324572787,21.39999961853028,439410.0,Short,0,2205,20.979999542236328,20.239999771118164,2206,2211,5,0.03527167718132777,5,True
AIXI,6.623314965360021,90.36000061035156,108492.2,Short,0,2205,73.62000274658203,72.36000061035156,2206,2211,5,0.01711494280389669,5,True
BAM,3.5390479266030392,33.34000015258789,763670.0,Short,0,2205,32.33000183105469,34.54999923706055,2206,2226,20,-0.06866678874955812,0,False
BLTE,3.484010408953484,21.809999465942383,108110.0,Short,0,2205,21.920000076293945,34.349998474121094,2206,2226,20,-0.5670619687300983,0,False
BRZE,4.003918529924489,44.369998931884766,428040.0,Short,0,2205,42.56999969482422,41.59000015258789,2206,2211,5,0.02302089615367038,5,True
CAVA,5.120903184355441,56.9900016784668,1403630.0,Short,0,2205,55.68000030517578,48.09000015258789,2206,2211,5,0.13631465716573202,5,True
CEG,3.6550524267139943,96.3000030517578,1631590.0,Short,0,2205,101.13999938964844,104.16000366210938,2206,2226,20,-0.02985964297692127,0,False
COCO,3.476887129890056,26.38999938964844,398440.0,Short,0,2205,24.489999771118164,28.290000915527344,2206,2226,20,-0.1551654218017038,0,False
CR,3.758084325999104,92.69000244140624,277620.0,Short,0,2205,92.0999984741211,89.69999694824219,2206,2211,5,0.0260586489211862,5,True
ESAB,4.00120182154417,73.3499984741211,308690.0,Short,0,2205,72.72000122070312,71.37000274658203,2206,2212,6,0.018564335141082945,5,True
FLNC,3.893706682154228,28.850000381469727,859460.0,Short,0,2205,28.36000061035156,24.96999931335449,2206,2212,6,0.11953459887302333,5,True
FTRE,3.426754504959736,30.809999465942383,1183850.0,Short,0,2205,30.290000915527344,27.18000030517578,2206,2214,8,0.1026741669313488,5,True
GFS,3.428132197748845,62.22999954223633,1949460.0,Short,0,2205,59.65999984741211,56.880001068115234,2206,2212,6,0.04659736484088281,5,True
GPCR,4.032166473572288,36.41999816894531,155010.0,Short,0,2205,31.71999931335449,29.350000381469727,2206,2211,5,0.07471623528336474,5,True
GTLB,3.6620640501871495,48.5,1443970.0,Short,0,2205,47.04999923706055,45.77999877929688,2206,2213,7,0.02699257127220749,5,True
IOT,3.732031022590746,27.459999084472656,2167370.0,Short,0,2205,26.739999771118164,23.850000381469727,2206,2211,5,0.10807776418793846,5,True
KNF,3.871767630973056,43.77000045776367,331320.0,Short,0,2205,45.2400016784668,51.459999084472656,2206,2226,20,-0.13748888539423806,0,False
KSCP,4.466300306011141,71.5,106670.0,Short,0,2205,65.0,59.5,2206,2215,9,0.08461538461538462,5,True
NXT,3.9781560093288575,43.34000015258789,1877450.0,Short,0,2205,41.13999938964844,40.900001525878906,2206,2214,8,0.005833686614733374,5,True
ODD,5.829267597662923,53.2599983215332,1442580.0,Short,0,2205,55.400001525878906,54.77000045776367,2206,2211,5,0.011371860122078572,5,True
PHIN,3.797182836909319,29.059999465942383,1297020.0,Short,0,2205,28.84000015258789,28.690000534057617,2206,2211,5,0.005201096315417792,5,True
RIVN,3.915821099519555,27.299999237060547,58971290.4,Short,0,2205,26.5,21.90999984741211,2206,2211,5,0.17320755292784493,5,True
SDRL,4.173110540355739,47.66999816894531,958580.0,Short,0,2205,47.0,48.650001525878906,2206,2226,20,-0.03510641544423205,3,False
SLRN,3.6414779105351434,24.63999938964844,496890.0,Short,0,2205,23.979999542236328,25.32999992370605,2206,2226,20,-0.05629693107758185,0,False
SN,7.155919950195958,40.02000045776367,321240.0,Short,0,2205,30.049999237060547,34.91999816894531,2206,2226,20,-0.16206319652343334,3,False
TLN,4.2447416271528775,54.09999847412109,137870.0,Short,0,2205,53.75,53.650001525878906,2206,2221,15,0.0018604367278343024,5,True
TLNE,4.2447416271528775,54.09999847412109,137870.2,Short,0,2205,53.75,53.650001525878906,2206,2221,15,0.0018604367278343024,5,True
TPG,3.493266112140914,29.51000022888184,483100.0,Short,0,2205,29.299999237060547,27.280000686645508,2206,2213,7,0.06894193184346617,5,True
UHAL-B,3.676195247642813,57.25,282318.4,Short,0,2205,56.970001220703125,54.720001220703125,2206,2213,7,0.03949446992783881,5,True
VTMX,4.162559696457114,35.630001068115234,186780.0,Short,0,2205,33.470001220703125,37.13999938964844,2206,2226,20,-0.10965037451732171,0,False
VTS,3.6478368138573702,24.530000686645508,320260.0,Short,0,2205,24.049999237060547,23.280000686645508,2206,2218,12,0.03201657275849254,5,True
VTYX,3.692653585204049,37.18999862670898,450730.0,Short,0,2205,35.56999969482422,34.869998931884766,2206,2211,5,0.01967952681881271,5,True
LII,3.564829890749188,374.9800109863281,381910.0,Short,0,2205,373.6099853515625,372.6600036621094,2206,2213,7,0.0025427095813812463,5,True
QSI,3.4830687671109954,3.7100000381469727,3308890.0,Short,0,2205,3.5350000858306885,2.180000066757202,2206,2211,5,0.3833097556361375,5,True
LI,3.4346389244964235,44.369998931884766,7168720.0,Short,0,2205,46.540000915527344,40.470001220703125,2206,2212,6,0.13042543135831908,5,True
JOE,3.4984395140293048,62.900001525878906,255690.0,Short,0,2205,60.90999984741211,59.13999938964844,2206,2219,13,0.02905927536033107,5,True
AESI,3.939614294378225,20.86000061035156,470760.0,Short,0,2206,20.920000076293945,20.440000534057617,2207,2212,5,0.02294452870391011,5,True
AIXI,5.26162462567169,75.33000183105469,115290.0,Short,0,2206,68.30999755859375,40.5,2207,2215,8,0.4071146033161453,5,True
ATAT,3.567514570231673,20.059999465942383,368890.0,Short,0,2206,21.040000915527344,20.90999984741211,2207,2214,7,0.006178757721407449,5,True
BAM,3.4215061318795863,32.279998779296875,786390.0,Short,0,2206,32.900001525878906,34.88999938964844,2207,2227,20,-0.06048625445212254,1,False
BLTE,3.432837312845093,21.100000381469727,105550.0,Short,0,2206,24.25,23.100000381469727,2207,2213,6,0.04742266468166076,5,True
BRZE,3.792959202023425,42.43000030517578,426380.0,Short,0,2206,41.34999847412109,39.70000076293945,2207,2216,9,0.03990321093274732,5,True
CAVA,4.906931726921584,55.31999969482422,1369430.0,Short,0,2206,53.43999862670898,48.47999954223633,2207,2212,5,0.09281435651073675,5,True
CEG,3.642209714683365,95.5500030517578,1657090.0,Short,0,2206,103.94000244140624,107.29000091552734,2207,2227,20,-0.03223011733148257,1,False
CR,3.76218664544647,92.43000030517578,274790.0,Short,0,2206,89.73999786376953,87.51000213623047,2207,2215,8,0.024849518393396042,5,True
ESAB,3.907594553612776,71.7300033569336,268160.0,Short,0,2206,71.16000366210938,67.94999694824219,2207,2217,10,0.04510970416906292,5,True
FLNC,3.705011242197858,27.6299991607666,858620.0,Short,0,2206,28.40999984741211,24.96999931335449,2207,2212,5,0.12108414475655033,5,True
GTLB,3.427747740846202,45.96500015258789,1187130.0,Short,0,2206,47.56999969482422,43.970001220703125,2207,2212,5,0.075677916695736,5,True
IOT,3.50291451375714,26.11000061035156,2182850.0,Short,0,2206,25.86000061035156,23.75,2207,2212,5,0.08159321579856971,5,True
KNF,3.939877800761044,44.18000030517578,328370.0,Short,0,2206,46.290000915527344,52.58000183105469,2207,2227,20,-0.13588249710786784,0,False
NXT,3.8045416618976646,41.72999954223633,1916860.0,Short,0,2206,40.880001068115234,37.400001525878906,2207,2217,10,0.08512718814360767,5,True
ODD,5.865705778812902,54.2599983215332,894010.0,Short,0,2206,50.63999938964844,45.310001373291016,2207,2216,9,0.1052527267100827,5,True
PHIN,3.9905980136771264,29.8799991607666,1178710.0,Short,0,2206,27.989999771118164,25.899999618530277,2207,2218,11,0.07466953089240394,5,True
RIVN,3.669082584018893,25.90999984741211,58137460.4,Short,0,2206,25.26000022888184,21.56999969482422,2207,2212,5,0.1460807799137919,5,True
SDRL,4.115976132481083,46.93999862670898,844630.0,Short,0,2206,46.84000015258789,50.209999084472656,2207,2227,20,-0.07194703076230828,2,False
SLRN,3.841042329074011,25.06999969482422,514800.0,Short,0,2206,24.46999931335449,27.1200008392334,2207,2227,20,-0.10829593789292315,1,False
SN,6.332438080970243,36.91999816894531,682450.0,Short,0,2206,26.899999618530277,36.09000015258789,2207,2227,20,-0.34163571243053137,0,False
TLN,4.178385782146511,53.375,137740.0,Short,0,2206,53.625,55.25,2207,2227,20,-0.030303030303030304,4,False
TLNE,4.178385782146511,53.375,137741.0,Short,0,2206,53.625,55.25,2207,2227,20,-0.030303030303030304,4,False
TPG,3.4957062920468807,29.09000015258789,465310.0,Short,0,2206,29.93000030517578,27.5,2207,2212,5,0.08118945139989064,5,True
UHAL-B,3.5797537681441187,55.77999877929688,265269.2,Short,0,2206,56.9900016784668,54.720001220703125,2207,2213,6,0.039831556253864316,5,True
VTMX,4.011814431852824,34.59000015258789,188280.0,Short,0,2206,34.099998474121094,36.84000015258789,2207,2227,20,-0.0803519589757817,2,False
VTS,3.465026536170294,23.459999084472656,335830.0,Short,0,2206,24.059999465942383,23.280000686645508,2207,2218,11,0.032418902602262545,5,True
VTYX,3.6746103877542273,36.68000030517578,435480.0,Short,0,2206,35.400001525878906,33.400001525878906,2207,2212,5,0.0564971727059931,5,True
SAIA,3.4101770274489955,425.1300048828125,704440.0,Short,0,2206,424.2699890136719,403.7200012207031,2207,2216,9,0.048436109847747294,5,True
SHBI,-3.006766239295444,11.350000381469728,161340.0,Long,0,2207,11.630000114440918,11.460000038146973,2208,2228,20,-0.014617375289864098,1,False
ACLX,3.79651638785757,33.86000061035156,405140.0,Short,0,2207,34.38999938964844,36.5,2208,2228,20,-0.06135506390810473,3,False
AESI,4.5261885580429455,20.979999542236328,460840.0,Short,0,2207,20.90999984741211,22.15999984741211,2208,2228,20,-0.05978001000103805,4,False
AIXI,6.082060175006434,73.62000274658203,116801.1,Short,0,2207,68.48999786376953,40.5,2208,2215,7,0.4086727805050194,5,True
AMLX,3.5882179671796512,22.549999237060547,1262310.0,Short,0,2207,22.0,20.979999542236328,2208,2213,5,0.046363657171075996,5,True
APGE,3.5255336743548984,21.1200008392334,156230.0,Short,0,2207,20.5,23.799999237060547,2208,2228,20,-0.16097557253953887,0,False
ATAT,4.479536366521657,21.0,444210.0,Short,0,2207,21.0,20.149999618530277,2208,2217,9,0.04047620864141538,5,True
ATMU,3.7604823565217744,23.209999084472656,294850.0,Short,0,2207,22.6299991607666,22.040000915527344,2208,2221,13,0.026071509815260255,5,True
BAM,4.211424700450655,32.33000183105469,849960.0,Short,0,2207,33.029998779296875,34.38999938964844,2208,2228,20,-0.041174709676465616,2,False
BJDX,5.421236371879216,66.4800033569336,405106.1,Short,0,2207,65.5199966430664,60.31999969482422,2208,2216,8,0.0793650368538667,5,True
BLCO,3.461161013746049,18.8700008392334,456250.0,Short,0,2207,18.690000534057617,18.06999969482422,2208,2222,14,0.03317286364457881,5,True
BRZE,4.657243616037,42.56999969482422,419140.0,Short,0,2207,40.93999862670898,40.68000030517578,2208,2221,13,0.006350716420483094,5,True
CAVA,5.861062434498225,55.68000030517578,1321520.0,Short,0,2207,52.959999084472656,47.84999847412109,2208,2213,5,0.09648792860062134,5,True
CEG,4.784107736811946,101.13999938964844,1848160.0,Short,0,2207,103.75,106.0500030517578,2208,2228,20,-0.022168704113328178,0,False
COCO,3.8042907909392696,24.489999771118164,862860.0,Short,0,2207,27.59000015258789,27.32999992370605,2208,2214,6,0.009423712484374595,5,True
CR,4.573317234938833,92.0999984741211,270520.0,Short,0,2207,91.4499969482422,89.1500015258789,2208,2213,5,0.025150306168572317,5,True
CRBG,4.035679723095265,19.479999542236328,1584700.0,Short,0,2207,19.65999984741211,18.3700008392334,2208,2213,5,0.0656154129293402,5,True
EE,4.098011643480123,21.239999771118164,122220.0,Short,0,2207,21.1299991607666,19.21999931335449,2208,2215,7,0.09039280280514775,5,True
ESAB,4.856629964434239,72.72000122070312,269830.0,Short,0,2207,72.83000183105469,71.33999633789062,2208,2213,5,0.020458677134465274,5,True
FLNC,4.646849939666378,28.36000061035156,860590.0,Short,0,2207,27.149999618530277,22.670000076293945,2208,2215,7,0.16500919356104393,5,True
FTRE,4.105076976133678,30.290000915527344,1200350.0,Short,0,2207,30.209999084472656,26.520000457763672,2208,2216,8,0.1221449433477663,5,True
GEHC,3.9644299509855454,76.0199966430664,3821510.0,Short,0,2207,75.58999633789062,71.80000305175781,2208,2213,5,0.050138820872425695,5,True
GFS,4.0628934628693925,59.65999984741211,1902240.0,Short,0,2207,59.150001525878906,55.95000076293945,2208,2215,7,0.05409975791022441,5,True
GPCR,4.048459393131679,31.71999931335449,364750.0,Short,0,2207,26.489999771118164,29.07999992370605,2208,2228,20,-0.09777275103685519,0,False
GTLB,4.381175792281938,47.04999923706055,1128750.0,Short,0,2207,47.400001525878906,45.77999877929688,2208,2213,5,0.034177272034422904,5,True
HCP,4.038487033206761,28.489999771118164,1526470.0,Short,0,2207,29.950000762939453,29.420000076293945,2208,2213,5,0.01769618274271759,5,True
INFA,4.621470899306839,21.3700008392334,441740.0,Short,0,2207,21.75,20.309999465942383,2208,2213,5,0.06620692110609734,5,True
IOT,4.398397706906232,26.739999771118164,2239990.0,Short,0,2207,25.290000915527344,24.1200008392334,2208,2213,5,0.04626334653770607,5,True
KNF,4.90315041089457,45.2400016784668,359680.0,Short,0,2207,47.54999923706055,49.400001525878906,2208,2228,20,-0.038906463059971294,0,False
KVUE,3.5909660738981684,23.989999771118164,14931300.0,Short,0,2207,23.540000915527344,23.26000022888184,2208,2214,6,0.011894676115361217,5,True
MBLY,3.8426851930073775,37.56999969482422,3012600.0,Short,0,2207,38.810001373291016,38.54999923706055,2208,2213,5,0.006699359109257899,5,True
MSGE,3.9997227165619766,33.560001373291016,266870.0,Short,0,2207,33.720001220703125,32.16999816894531,2208,2213,5,0.045966874129475255,5,True
NXT,4.549386373395444,41.13999938964844,1919870.0,Short,0,2207,40.7400016784668,36.630001068115234,2208,2218,10,0.1008836632553187,5,True
ODD,6.97015683398056,55.400001525878906,684580.0,Short,0,2207,52.38999938964844,43.68999862670898,2208,2214,6,0.16606224211291867,5,True
PHIN,4.535658262988791,28.84000015258789,1139560.0,Short,0,2207,28.51000022888184,26.84000015258789,2208,2215,7,0.058575940473061375,5,True
RIVN,4.567760487604962,26.5,53369110.0,Short,0,2207,24.280000686645508,20.780000686645508,2208,2214,6,0.14415156099748674,5,True
SDRL,5.001032165483815,47.0,867870.0,Short,0,2207,46.310001373291016,48.68999862670898,2208,2228,20,-0.051392726902198045,1,False
SKWD,3.883897483939047,23.559999465942383,219510.0,Short,0,2207,23.899999618530277,23.40999984741211,2208,2222,14,0.020502082800798807,5,True
SLRN,4.235385954902414,23.979999542236328,605970.0,Short,0,2207,24.25,26.34000015258789,2208,2228,20,-0.08618557330259342,0,False
SN,5.587708710444086,30.049999237060547,1280170.0,Short,0,2207,30.100000381469727,35.43000030517578,2208,2228,20,-0.17707640718128792,2,False
SVV,3.7893582096849214,23.549999237060547,363040.0,Short,0,2207,23.850000381469727,23.09000015258789,2208,2228,20,0.03186583717928653,4,False
TLN,5.07324556731512,53.75,127650.0,Short,0,2207,54.0,53.5,2208,2222,14,0.009259259259259259,5,True
TLNE,5.07324556731512,53.75,127650.4,Short,0,2207,54.0,53.5,2208,2222,14,0.009259259259259259,5,True
TPG,4.31362251993285,29.299999237060547,450100.0,Short,0,2207,29.790000915527344,27.280000686645508,2208,2213,5,0.08425646699371388,5,True
UHAL-B,4.528941382184575,56.970001220703125,253078.0,Short,0,2207,57.56999969482422,54.720001220703125,2208,2213,5,0.04950492425271492,5,True
VTMX,4.604623378580113,33.470001220703125,179140.0,Short,0,2207,34.25,36.220001220703125,2208,2228,20,-0.05751828381614964,2,False
VTS,4.324235456998354,24.049999237060547,339650.0,Short,0,2207,24.56999969482422,23.440000534057617,2208,2215,7,0.04599101240545155,5,True
VTYX,4.301088067201418,35.56999969482422,433740.0,Short,0,2207,32.970001220703125,29.799999237060547,2208,2216,8,0.0961480699506924,5,True
XCRT,4.360394357720904,0.1289999932050705,354512.4,Short,0,2207,0.0900000035762786,0.0799100026488304,2208,2221,13,0.11211111696119572,5,True
CAMT,3.63905598007144,47.20000076293945,451430.0,Short,0,2207,47.630001068115234,46.119998931884766,2208,2214,6,0.03170275251665496,5,True
ATBHF,3.538999008110606,0.0639500021934509,278340.6,Short,0,2207,0.1120499968528747,0.1583999991416931,2208,2228,20,-0.413654650518888,0,False
GASS,3.4290097579810253,5.0,286540.0,Short,0,2207,5.75,5.139999866485596,2208,2213,5,0.10608697974163553,5,True
BVFL,-3.7627752759563657,9.9399995803833,137270.0,Long,0,2208,9.920000076293944,9.949999809265137,2209,2229,20,0.0030241666069019744,1,False
ACLX,4.0373485828790985,34.95000076293945,413850.0,Short,0,2208,34.810001373291016,34.779998779296875,2209,2217,8,0.0008618958003592895,5,True
AESI,4.577547097648922,20.920000076293945,468210.0,Short,0,2208,20.850000381469727,22.63999938964844,2209,2229,20,-0.0858512698047508,3,False
AIXI,5.499263325429217,68.30999755859375,116087.7,Short,0,2208,66.95999908447266,38.52000045776367,2209,2216,7,0.42473116809381695,5,True
AMLX,3.662087210852529,22.5,1302080.0,Short,0,2208,21.709999084472656,21.0,2209,2214,5,0.03270378233136173,5,True
APGE,3.469193971425828,20.700000762939453,136710.0,Short,0,2208,21.459999084472656,23.670000076293945,2209,2229,20,-0.10298234324810998,0,False
ATAT,4.581333603091417,21.040000915527344,478110.0,Short,0,2208,21.030000686645508,20.149999618530277,2209,2217,8,0.041845032780909515,5,True
ATMU,3.568087689124656,22.280000686645508,310150.0,Short,0,2208,22.950000762939453,22.09000015258789,2209,2220,11,0.037472792233642305,5,True
BAM,4.371032635018873,32.900001525878906,899140.0,Short,0,2208,32.9900016784668,34.2400016784668,2209,2229,20,-0.037890267850937964,1,False
BJDX,5.112025751788812,63.68000030517578,409912.8,Short,0,2208,70.55999755859375,60.47999954223633,2209,2214,5,0.14285711968721213,5,True
BLCO,3.469324973985799,18.6299991607666,516270.0,Short,0,2208,18.600000381469727,18.229999542236328,2209,2223,14,0.019892517830376617,5,True
BRZE,4.494597762373024,41.34999847412109,436000.0,Short,0,2208,40.38999938964844,47.70000076293945,2209,2229,20,-0.1809854291595879,1,False
CAVA,5.521643344983247,53.43999862670898,1327600.0,Short,0,2208,50.5099983215332,46.38999938964844,2209,2214,5,0.08156798789930558,5,True
CEG,4.9342049427745405,103.94000244140624,1612410.0,Short,0,2208,104.80999755859376,106.63999938964844,2209,2229,20,-0.017460183891633195,2,False
COCO,3.901770841184717,24.57999992370605,890620.0,Short,0,2208,26.649999618530277,28.3700008392334,2209,2229,20,-0.06454038443989958,3,False
CR,4.441564837031362,89.73999786376953,271210.0,Short,0,2208,90.31999969482422,88.11000061035156,2209,2214,5,0.02446854619065394,5,True
CRBG,4.141379209970123,19.489999771118164,1758780.0,Short,0,2208,19.38999938964844,17.829999923706055,2209,2214,5,0.0804538171762506,5,True
EE,4.170272004791936,21.190000534057617,121930.0,Short,0,2208,21.5,19.21999931335449,2209,2215,6,0.1060465435649075,5,True
EMBC,3.433757266538979,21.43000030517578,539100.0,Short,0,2208,22.170000076293945,19.68000030517578,2209,2214,5,0.1123139270432698,5,True
ESAB,4.728158225580831,71.16000366210938,274320.0,Short,0,2208,72.0199966430664,70.48999786376953,2209,2214,5,0.02124408290213622,5,True
FG,5.3114591178384885,27.530000686645508,105400.0,Short,0,2208,28.1299991607666,27.989999771118164,2209,2222,13,0.004976871447749528,5,True
FLNC,4.7013897627691215,28.40999984741211,883940.0,Short,0,2208,27.6200008392334,22.670000076293945,2209,2215,6,0.1792179801786292,5,True
FTRE,4.041715654630213,29.770000457763672,1145820.0,Short,0,2208,30.6299991607666,27.100000381469727,2209,2215,6,0.11524645367337734,5,True
GEHC,3.986468912079488,75.9000015258789,3196740.0,Short,0,2208,73.93000030517578,70.54000091552734,2209,2214,5,0.0458541779474483,5,True
GFS,4.016004799351985,58.77000045776367,1486580.0,Short,0,2208,60.130001068115234,57.16999816894531,2209,2214,5,0.04922672287693513,5,True
GPCR,3.614336668345762,29.25,465860.0,Short,0,2208,30.0,27.299999237060547,2209,2214,5,0.0900000254313151,5,True
GTLB,4.475491592053044,47.56999969482422,1147860.0,Short,0,2208,45.45000076293945,45.40999984741211,2209,2215,6,0.000880108137643004,5,True
HCP,4.275661175319424,29.239999771118164,1571240.0,Short,0,2208,28.850000381469727,27.40999984741211,2209,2216,7,0.049913362738897064,5,True
INFA,4.843031850526451,21.71999931335449,501670.0,Short,0,2208,21.18000030517578,20.209999084472656,2209,2214,5,0.045797979543280964,5,True
IOT,4.213998537046829,25.86000061035156,2272560.0,Short,0,2208,24.670000076293945,23.649999618530277,2209,2214,5,0.04134578251354826,5,True
KNF,5.040864185971142,46.290000915527344,377010.0,Short,0,2208,51.5,49.61000061035156,2209,2215,6,0.03669901727472694,5,True
KVUE,3.538704054968394,23.530000686645508,15572640.0,Short,0,2208,23.3799991607666,22.93000030517578,2209,2215,6,0.01924717158869502,5,True
MBLY,3.927285497768742,37.810001373291016,3089160.0,Short,0,2208,38.61000061035156,38.09999847412109,2209,2214,5,0.013209068328627309,5,True
MSGE,3.9902475893580527,33.2599983215332,259230.0,Short,0,2208,32.849998474121094,30.82999992370605,2209,2215,6,0.06149158734379783,5,True
NXT,4.532741701031863,40.880001068115234,1918220.0,Short,0,2208,41.22999954223633,36.59999847412109,2209,2216,7,0.11229689836334422,5,True
ODD,6.144003631282857,50.63999938964844,643130.0,Short,0,2208,50.810001373291016,45.310001373291016,2209,2216,7,0.1082464052616844,5,True
PHIN,4.371063702576054,27.989999771118164,1038140.0,Short,0,2208,27.920000076293945,26.34000015258789,2209,2219,10,0.05659025499242697,5,True
RIVN,4.267558059067301,25.26000022888184,48629420.4,Short,0,2208,24.799999237060547,20.780000686645508,2209,2214,5,0.16209672072923478,5,True
RXO,3.6780631816200655,20.190000534057617,767290.0,Short,0,2208,19.850000381469727,19.21999931335449,2209,2215,6,0.03173808846388504,5,True
SDRL,4.97842509159146,46.84000015258789,861080.0,Short,0,2208,46.09000015258789,48.33000183105469,2209,2229,20,-0.04860060036994866,0,False
SKWD,3.957738629202864,23.559999465942383,222650.0,Short,0,2208,24.3799991607666,23.61000061035156,2209,2221,12,0.03158320660052192,5,True
SLRN,4.434837671002571,24.46999931335449,624980.0,Short,0,2208,24.559999465942383,26.88999938964844,2209,2229,20,-0.09486970579690339,1,False
SN,4.783200794509317,26.89999961853028,2064730.0,Short,0,2208,28.8700008392334,34.66999816894531,2209,2229,20,-0.20090049051297237,0,False
SVV,3.945224393833476,23.940000534057617,350160.0,Short,0,2208,23.190000534057617,23.18000030517578,2209,2229,20,0.000431230213520231,2,False
TLN,5.04301179121255,53.625,162230.0,Short,0,2208,55.0,54.0,2209,2216,7,0.01818181818181818,5,True
TLNE,5.04301179121255,53.625,162226.3,Short,0,2208,55.0,54.0,2209,2216,7,0.01818181818181818,5,True
TPG,4.514086826746465,29.93000030517578,464720.0,Short,0,2208,27.6200008392334,26.920000076293945,2209,2214,5,0.02534398050941123,5,True
UHAL-B,4.547316683368039,56.9900016784668,264103.3,Short,0,2208,55.93000030517578,53.7599983215332,2209,2214,5,0.03879853337747551,5,True
VTMX,4.736873397063683,34.099998474121094,180980.0,Short,0,2208,33.95000076293945,35.790000915527344,2209,2229,20,-0.054197352319251615,0,False
VTS,4.390896639342878,24.059999465942383,336450.0,Short,0,2208,24.809999465942383,23.440000534057617,2209,2215,6,0.05521962762495882,5,True
VTYX,4.311582274103344,35.400001525878906,435490.0,Short,0,2208,33.060001373291016,29.799999237060547,2209,2216,7,0.09860865096225331,5,True
DFH,3.5524992147485954,30.3799991607666,337710.0,Short,0,2208,30.489999771118164,29.040000915527344,2209,2214,5,0.04755653874961129,5,True
ATBHF,5.464585886577384,0.0908999964594841,522703.7,Short,0,2208,0.1518000066280365,0.130850002169609,2209,2229,20,0.13801056352890947,1,False
BVFL,-3.517427935938123,9.989999771118164,145830.0,Long,0,2209,9.90999984741211,9.979999542236328,2210,2230,20,0.0070635414633733245,3,False
ACLX,3.770217679385668,34.38999938964844,401480.0,Short,0,2209,34.560001373291016,35.720001220703125,2210,2230,20,-0.033564809065910264,3,False
AESI,4.404257417342507,20.90999984741211,416910.0,Short,0,2209,20.309999465942383,23.25,2210,2230,20,-0.14475630779743112,1,False
AIXI,5.20276223829046,68.48999786376953,103486.6,Short,0,2209,69.66000366210938,38.52000045776367,2210,2216,6,0.4470284462715854,5,True
ATAT,4.40030624871682,21.0,493770.0,Short,0,2209,21.15999984741211,20.149999618530277,2210,2217,7,0.04773158015903088,5,True
ATMU,3.535463825757337,22.6299991607666,272810.0,Short,0,2209,23.399999618530277,22.43000030517578,2210,2217,7,0.04145296278493786,5,True
BAM,4.201516571082509,33.029998779296875,857580.0,Short,0,2209,33.5,33.09000015258789,2210,2221,11,0.012238801415286847,5,True
BJDX,5.013684029249348,65.5199966430664,314321.6,Short,0,2209,66.4000015258789,60.31999969482422,2210,2216,6,0.09156629053216289,5,True
BRZE,4.223453177856076,40.93999862670898,461890.0,Short,0,2209,41.2599983215332,47.63999938964844,2210,2230,20,-0.15462921298243418,4,False
CAVA,5.158297298097704,52.959999084472656,1180000.0,Short,0,2209,48.060001373291016,43.11000061035156,2210,2217,7,0.10299626761330845,5,True
CEG,4.660794121518045,103.75,1680610.0,Short,0,2209,105.11000061035156,108.54000091552734,2210,2230,20,-0.03263248297268095,4,False
COCO,4.5513082008472505,27.59000015258789,1026360.0,Short,0,2209,26.46999931335449,28.549999237060547,2210,2230,20,-0.07857952314553589,1,False
CR,4.317755323673138,91.4499969482422,272540.0,Short,0,2209,89.61000061035156,84.27999877929688,2210,2217,7,0.05947998878195496,5,True
CRBG,4.081170638161727,19.65999984741211,1848140.0,Short,0,2209,18.450000762939453,17.899999618530273,2210,2215,5,0.029810358897868875,5,True
EE,4.004857224411043,21.1299991607666,122550.0,Short,0,2209,22.0,19.21999931335449,2210,2215,5,0.12636366757479597,5,True
ESAB,4.6154602452896185,72.83000183105469,275820.0,Short,0,2209,71.30000305175781,67.94999694824219,2210,2217,7,0.04698465582229782,5,True
FG,5.081217685381293,27.6200008392334,116430.0,Short,0,2209,27.100000381469727,26.270000457763672,2210,2230,20,0.030627303026666632,3,False
FLNC,4.177974842962403,27.14999961853028,946720.0,Short,0,2209,27.739999771118164,22.670000076293945,2210,2215,5,0.1827685557554658,5,True
FTRE,3.956966246625397,30.209999084472656,1193790.0,Short,0,2209,30.059999465942383,26.07999992370605,2210,2217,7,0.13240185006475544,5,True
GEHC,3.7821896898420144,75.58999633789062,2930000.0,Short,0,2209,73.91999816894531,70.66999816894531,2210,2215,5,0.04396645130553269,5,True
GFS,3.863340378056598,59.150001525878906,1520510.0,Short,0,2209,59.209999084472656,55.95000076293945,2210,2215,5,0.05505823968823724,5,True
GTLB,4.239874074336247,47.400001525878906,1175750.0,Short,0,2209,44.4900016784668,44.209999084472656,2210,2218,8,0.0062936071798276,5,True
HCP,4.254186520400399,29.950000762939453,1562920.0,Short,0,2209,28.31999969482422,28.059999465942383,2210,2219,9,0.009180799141369827,5,True
INFA,4.667803802317031,21.75,589930.0,Short,0,2209,20.149999618530277,19.540000915527344,2210,2218,8,0.030272889059609124,5,True
IOT,3.8956498444674974,25.290000915527344,2335820.0,Short,0,2209,23.75,30.90999984741211,2210,2230,20,-0.30147367778577305,4,False
KNF,4.943485510239518,47.54999923706055,409600.0,Short,0,2209,49.93999862670898,48.36000061035156,2210,2219,9,0.0316379267081597,5,True
KVUE,3.414372526436681,23.540000915527344,14846390.0,Short,0,2209,23.350000381469727,22.8700008392334,2210,2217,7,0.020556725241737035,5,True
MBLY,3.902421634746623,38.810001373291016,3095150.0,Short,0,2209,38.400001525878906,35.77000045776367,2210,2216,6,0.0684896084273017,5,True
MSGE,3.8983257030905287,33.720001220703125,255880.0,Short,0,2209,32.5099983215332,30.649999618530277,2210,2216,6,0.057213128238488536,5,True
NXT,4.298302633517078,40.7400016784668,1887250.0,Short,0,2209,40.91999816894531,37.400001525878906,2210,2217,7,0.08602142718906021,5,True
ODD,5.99438297184715,52.38999938964844,597090.0,Short,0,2209,50.5,45.2599983215332,2210,2217,7,0.10376240947459003,5,True
PHIN,4.295354610573646,28.51000022888184,972920.0,Short,0,2209,28.209999084472656,25.899999618530277,2210,2218,8,0.08188583980542732,5,True
RIVN,3.8278200192246414,24.280000686645508,46505550.4,Short,0,2209,22.350000381469727,21.040000915527344,2210,2215,5,0.058612950495897834,5,True
RXO,3.5329739846199173,20.11000061035156,783170.0,Short,0,2209,19.8700008392334,19.21999931335449,2210,2215,5,0.03271270752014661,5,True
SDRL,4.653167747145679,46.310001373291016,803360.0,Short,0,2209,47.470001220703125,46.560001373291016,2210,2230,20,0.019169998399225455,1,False
SKWD,3.9081293779282023,23.89999961853028,231190.0,Short,0,2209,24.38999938964844,23.61000061035156,2210,2221,11,0.03198027055416523,5,True
SLRN,4.190954314317779,24.25,632440.0,Short,0,2209,25.5,24.65999984741211,2210,2225,15,0.032941182454427086,5,True
SN,5.315036900465256,30.100000381469727,2322910.0,Short,0,2209,29.950000762939453,33.900001525878906,2210,2230,20,-0.13188649957656223,0,False
SVV,3.7717100400006873,23.850000381469727,217040.0,Short,0,2209,23.350000381469727,23.209999084472656,2210,2230,20,0.005995772792713684,3,False
TLN,4.821561077824379,54.0,161260.0,Short,0,2209,54.5,53.0,2210,2218,8,0.027522935779816515,5,True
TLNE,4.821561077824379,54.0,161258.8,Short,0,2209,54.5,53.0,2210,2218,8,0.027522935779816515,5,True
TPG,4.283532781955712,29.790000915527344,514870.0,Short,0,2209,27.46999931335449,26.440000534057617,2210,2217,7,0.03749540608092187,5,True
UHAL-B,4.380288600765505,57.56999969482422,256135.9,Short,0,2209,54.4900016784668,53.20000076293945,2210,2216,6,0.02367408470895905,5,True
VTMX,4.540212732887168,34.25,186490.0,Short,0,2209,34.02000045776367,35.630001068115234,2210,2230,20,-0.0473251201848278,0,False
VTS,4.369075922339885,24.56999969482422,327300.0,Short,0,2209,24.270000457763672,23.420000076293945,2210,2217,7,0.03502267677946508,5,True
VTYX,3.696786510712195,32.970001220703125,442850.0,Short,0,2209,32.779998779296875,30.979999542236328,2210,2217,7,0.05491151019192187,5,True
LSEA,4.773855825958099,11.850000381469728,237950.0,Short,0,2209,11.729999542236328,11.039999961853027,2210,2215,5,0.05882349593440411,5,True
ROCK,4.1616268702782495,74.12999725341797,156260.0,Short,0,2209,72.87000274658203,70.41999816894531,2210,2216,6,0.03362157932334696,5,True
VRT,3.586355891416709,35.720001220703125,10840640.0,Short,0,2209,34.81999969482422,33.7400016784668,2210,2215,5,0.031016600396982685,5,True
REEMF,3.6659182042074105,0.8100000023841858,194400.0,Short,0,2209,0.7400000095367432,0.5899999737739563,2210,2216,6,0.20270274841846325,5,True
CAMT,3.5040835303257487,47.630001068115234,402940.0,Short,0,2209,47.97999954223633,45.83000183105469,2210,2215,5,0.04481029036461367,5,True
DFH,4.035385914817438,30.5,382590.0,Short,0,2209,30.299999237060547,29.239999771118164,2210,2215,5,0.03498348160503832,5,True
CWEN-A,-3.13969364868128,22.8700008392334,232312.1,Long,0,2210,23.93000030517578,22.729999542236328,2211,2231,20,-0.050146291167405745,3,False
ACLX,3.943354459753687,34.810001373291016,429930.0,Short,0,2210,33.97999954223633,35.11000061035156,2211,2231,20,-0.033254887679167566,2,False
AESI,4.51729481682668,20.850000381469727,379210.0,Short,0,2210,20.239999771118164,23.31999969482422,2211,2231,20,-0.15217391099485666,0,False
AIXI,5.10037362518236,66.95999908447266,100075.5,Short,0,2210,72.36000061035156,38.52000045776367,2211,2216,5,0.4676616897063274,5,True
AMLX,3.435535926445045,21.709999084472656,1070140.0,Short,0,2210,21.170000076293945,20.21999931335449,2211,2217,6,0.044874858739526534,5,True
APGE,3.668868384160142,21.459999084472656,148970.0,Short,0,2210,21.950000762939453,23.190000534057617,2211,2231,20,-0.0564920149438805,1,False
ATAT,4.560237061778569,21.030000686645508,490720.0,Short,0,2210,21.26000022888184,20.149999618530277,2211,2217,6,0.05221075251182829,5,True
ATLX,5.889985376111667,29.030000686645508,107050.0,Short,0,2210,27.190000534057617,23.809999465942383,2211,2217,6,0.12431044508004024,5,True
ATMU,3.7318759547684817,22.950000762939453,267760.0,Short,0,2210,23.31999969482422,21.920000076293945,2211,2218,7,0.06003428974490929,5,True
BAM,4.293243236959064,32.9900016784668,902310.0,Short,0,2210,34.880001068115234,33.310001373291016,2211,2218,7,0.0450114577622361,5,True
BHVN,3.512916356611171,20.280000686645508,1492400.0,Short,0,2210,21.200000762939453,19.21999931335449,2211,2216,5,0.09339629143062496,5,True
BJDX,5.556465766967322,70.55999755859375,306654.1,Short,0,2210,66.4000015258789,60.31999969482422,2211,2216,5,0.09156629053216289,5,True
BLCO,3.5164035563036533,18.600000381469727,564620.0,Short,0,2210,18.190000534057617,17.690000534057617,2211,2229,18,0.027487629759209563,5,True
BRZE,4.231841542323012,40.38999938964844,585150.0,Short,0,2210,41.59000015258789,41.45000076293945,2211,2218,7,0.003366179108795367,5,True
CAVA,4.90780415095628,50.5099983215332,1119460.0,Short,0,2210,48.09000015258789,43.11000061035156,2211,2217,6,0.1035558229660005,5,True
CEG,4.772209073234082,104.80999755859376,1715860.0,Short,0,2210,105.72000122070312,105.54000091552734,2211,2224,13,0.001702613536676084,5,True
COCO,4.407347063670715,26.64999961853028,1061430.0,Short,0,2210,27.299999237060547,27.059999465942383,2211,2219,8,0.008791200652942047,5,True
CR,4.318732895732856,90.31999969482422,249900.0,Short,0,2210,89.69999694824219,84.27999877929688,2211,2217,6,0.06042361597930384,5,True
CRBG,4.123865696617848,19.38999938964844,1829550.0,Short,0,2210,18.13999938964844,17.850000381469727,2211,2218,7,0.015986715431986282,5,True
EE,4.293993778659688,21.5,120860.0,Short,0,2210,20.51000022888184,19.729999542236328,2211,2217,6,0.03803026221068138,5,True
EMBC,3.7036467931035912,22.170000076293945,694550.0,Short,0,2210,20.81999969482422,18.200000762939453,2211,2217,6,0.12584048848646662,5,True
ESAB,4.614587181824193,72.0199966430664,274010.0,Short,0,2210,71.08999633789062,69.08999633789062,2211,2218,7,0.0281333535381547,5,True
FG,5.3139754279126015,28.1299991607666,122570.0,Short,0,2210,27.549999237060547,26.899999618530277,2211,2231,20,0.023593453231602404,4,False
FLNC,4.41003548870948,27.6200008392334,983980.0,Short,0,2210,26.020000457763672,21.280000686645508,2211,2216,5,0.18216755141154792,5,True
FTRE,4.123920794756423,30.6299991607666,1174710.0,Short,0,2210,30.40999984741211,26.07999992370605,2211,2217,6,0.14238737078042246,5,True
GEHC,3.756809316470754,73.93000030517578,2714540.0,Short,0,2210,72.30000305175781,68.38999938964844,2211,2216,5,0.05408026966901092,5,True
GENK,3.5758515075010653,20.21999931335449,135230.0,Short,0,2210,18.6200008392334,16.040000915527344,2211,2216,5,0.13856067709029574,5,True
GFS,4.035125240952646,60.130001068115234,1770260.0,Short,0,2210,58.4900016784668,54.650001525878906,2211,2216,5,0.06565224897235032,5,True
GPCR,3.7371597367951783,30.0,720090.0,Short,0,2210,29.350000381469727,27.530000686645508,2211,2216,5,0.06201021026130156,5,True
GTLB,4.084880112011455,45.45000076293945,1257930.0,Short,0,2210,43.47999954223633,52.34999847412109,2211,2231,20,-0.2040018175084954,1,False
HCP,4.112390946367818,28.850000381469727,1563200.0,Short,0,2210,27.979999542236328,26.8700008392334,2211,2229,18,0.03967114800439386,5,True
INFA,4.57952150495677,21.18000030517578,620480.0,Short,0,2210,20.209999084472656,19.540000915527344,2211,2218,7,0.0331518158979073,5,True
IOT,3.849850639078409,24.670000076293945,2471290.0,Short,0,2210,23.850000381469727,23.729999542236328,2211,2218,7,0.005031481648387443,5,True
KNF,5.4939505355530684,51.5,507580.0,Short,0,2210,50.33000183105469,48.36000061035156,2211,2219,8,0.039141687840901135,5,True
KVUE,3.4872831317429656,23.3799991607666,15359640.0,Short,0,2210,23.3700008392334,22.8700008392334,2211,2217,6,0.021394950023305236,5,True
LLYVK,7.603051054815909,33.810001373291016,255890.0,Short,0,2210,35.4900016784668,33.9900016784668,2211,2216,5,0.04226542488190723,5,True
MBLY,3.968911764362505,38.61000061035156,3150780.0,Short,0,2210,38.369998931884766,35.040000915527344,2211,2217,6,0.0867865027118949,5,True
MSGE,3.843436325728687,32.849998474121094,257590.0,Short,0,2210,32.33000183105469,30.989999771118164,2211,2218,7,0.04144763328313147,5,True
NXT,4.454135056886943,41.22999954223633,1867980.0,Short,0,2210,40.72999954223633,36.47999954223633,2211,2219,8,0.10434569230949342,5,True
ODD,5.768049611139524,50.810001373291016,570020.0,Short,0,2210,54.77000045776367,45.310001373291016,2211,2216,5,0.17272227506676416,5,True
PHIN,4.249013706170041,27.920000076293945,870430.0,Short,0,2210,28.690000534057617,26.520000457763672,2211,2217,6,0.07563611139421066,5,True
RIVN,4.095399170019974,24.799999237060547,47674230.4,Short,0,2210,21.90999984741211,20.950000762939453,2211,2216,5,0.043815567830140636,5,True
RXO,3.5859829274921746,19.850000381469727,792440.0,Short,0,2210,19.75,18.950000762939453,2211,2216,5,0.04050629048407832,5,True
SDRL,4.695450090462636,46.09000015258789,766000.0,Short,0,2210,47.56999969482422,46.959999084472656,2211,2231,20,0.012823220817004393,2,False
SKWD,4.173052818789926,24.3799991607666,232360.0,Short,0,2210,24.82999992370605,23.799999237060547,2211,2218,7,0.041482105912619326,5,True
SLRN,4.387301066300833,24.559999465942383,667950.0,Short,0,2210,24.899999618530277,27.25,2211,2231,20,-0.09437752680610008,2,False
SN,5.065452178175285,28.8700008392334,2489220.0,Short,0,2210,31.32999992370605,35.02000045776367,2211,2231,20,-0.11777850440610942,4,False
SVV,3.7033969535737903,23.190000534057617,203950.0,Short,0,2210,23.600000381469727,22.86000061035156,2211,2231,20,0.031355921998170874,4,False
TLN,4.979473752135654,55.0,122410.0,Short,0,2210,54.5,53.0,2211,2218,7,0.027522935779816515,5,True
TLNE,4.979473752135654,55.0,122416.9,Short,0,2210,54.5,53.0,2211,2218,7,0.027522935779816515,5,True
TPG,3.890576591902077,27.6200008392334,605200.0,Short,0,2210,27.51000022888184,26.190000534057617,2211,2216,5,0.04798254030686624,5,True
UHAL-B,4.293023654818944,55.93000030517578,249262.9,Short,0,2210,53.560001373291016,52.630001068115234,2211,2222,11,0.01736370950952866,5,True
VTMX,4.555277436461554,33.95000076293945,191990.0,Short,0,2210,34.34000015258789,36.2400016784668,2211,2231,20,-0.05532910650659157,0,False
VTS,4.559201578841002,24.809999465942383,322980.0,Short,0,2210,24.09000015258789,23.280000686645508,2211,2218,7,0.03362388795399687,5,True
VTYX,3.81952952712479,33.060001373291016,470890.0,Short,0,2210,34.869998931884766,29.799999237060547,2211,2216,5,0.14539718526312495,5,True
VRT,3.436369759938912,36.220001220703125,11344240.0,Short,0,2210,33.869998931884766,39.20000076293945,2211,2231,20,-0.1573664599687098,3,False
DHC,3.925040007308513,3.259999990463257,2107550.0,Short,0,2210,3.069999933242798,2.740000009536743,2211,2216,5,0.1074918341634882,5,True
DFH,4.10103426346853,30.489999771118164,416680.0,Short,0,2210,29.68000030517578,26.36000061035156,2211,2216,5,0.11185982684256443,5,True
